<?xml version="1.0" encoding="utf-8"?>
<COLLADA xmlns="http://www.collada.org/2005/11/COLLADASchema" version="1.4.1" xmlns:xsi="http://www.w3.org/2001/XMLSchema-instance">
  <asset>
    <contributor>
      <author>Blender User</author>
      <authoring_tool>Blender 3.0.1</authoring_tool>
    </contributor>
    <created>2025-08-31T23:10:12</created>
    <modified>2025-08-31T23:10:12</modified>
    <unit name="meter" meter="1"/>
    <up_axis>Z_UP</up_axis>
  </asset>
  <library_lights>
    <light id="Light-light" name="Light">
      <technique_common>
        <point>
          <color sid="color">1000 1000 1000</color>
          <constant_attenuation>1</constant_attenuation>
          <linear_attenuation>0</linear_attenuation>
          <quadratic_attenuation>0.00111109</quadratic_attenuation>
        </point>
      </technique_common>
      <extra>
        <technique profile="blender">
          <type sid="type" type="int">0</type>
          <flag sid="flag" type="int">0</flag>
          <mode sid="mode" type="int">1</mode>
          <gamma sid="blender_gamma" type="float">1</gamma>
          <red sid="red" type="float">1</red>
          <green sid="green" type="float">1</green>
          <blue sid="blue" type="float">1</blue>
          <shadow_r sid="blender_shadow_r" type="float">0</shadow_r>
          <shadow_g sid="blender_shadow_g" type="float">0</shadow_g>
          <shadow_b sid="blender_shadow_b" type="float">0</shadow_b>
          <energy sid="blender_energy" type="float">1000</energy>
          <dist sid="blender_dist" type="float">29.99998</dist>
          <spotsize sid="spotsize" type="float">75</spotsize>
          <spotblend sid="spotblend" type="float">0.15</spotblend>
          <att1 sid="att1" type="float">0</att1>
          <att2 sid="att2" type="float">1</att2>
          <falloff_type sid="falloff_type" type="int">2</falloff_type>
          <clipsta sid="clipsta" type="float">0.04999995</clipsta>
          <clipend sid="clipend" type="float">30.002</clipend>
          <bias sid="bias" type="float">1</bias>
          <soft sid="soft" type="float">3</soft>
          <bufsize sid="bufsize" type="int">2880</bufsize>
          <samp sid="samp" type="int">3</samp>
          <buffers sid="buffers" type="int">1</buffers>
          <area_shape sid="area_shape" type="int">1</area_shape>
          <area_size sid="area_size" type="float">0.1</area_size>
          <area_sizey sid="area_sizey" type="float">0.1</area_sizey>
          <area_sizez sid="area_sizez" type="float">1</area_sizez>
        </technique>
      </extra>
    </light>
  </library_lights>
  <library_effects>
    <effect id="dark_powdercoat-effect">
      <profile_COMMON>
        <technique sid="common">
          <lambert>
            <emission>
              <color sid="emission">0 0 0 1</color>
            </emission>
            <diffuse>
              <color sid="diffuse">0.1921569 0.2039216 0.2039216 1</color>
            </diffuse>
            <index_of_refraction>
              <float sid="ior">1.45</float>
            </index_of_refraction>
          </lambert>
        </technique>
      </profile_COMMON>
    </effect>
    <effect id="color-effect">
      <profile_COMMON>
        <technique sid="common">
          <lambert>
            <emission>
              <color sid="emission">0 0 0 1</color>
            </emission>
            <diffuse>
              <color sid="diffuse">0.7921569 0.8196079 0.9333333 1</color>
            </diffuse>
            <index_of_refraction>
              <float sid="ior">1.45</float>
            </index_of_refraction>
          </lambert>
        </technique>
      </profile_COMMON>
    </effect>
    <effect id="color__Cosmetic_Thread_-effect">
      <profile_COMMON>
        <technique sid="common">
          <lambert>
            <emission>
              <color sid="emission">0 0 0 1</color>
            </emission>
            <diffuse>
              <color sid="diffuse">0.7921569 0.8196079 0.9333333 1</color>
            </diffuse>
            <index_of_refraction>
              <float sid="ior">1.45</float>
            </index_of_refraction>
          </lambert>
        </technique>
      </profile_COMMON>
    </effect>
    <effect id="pw-mt11155-effect">
      <profile_COMMON>
        <technique sid="common">
          <lambert>
            <emission>
              <color sid="emission">0 0 0 1</color>
            </emission>
            <diffuse>
              <color sid="diffuse">0.1098039 0.1098039 0.1098039 1</color>
            </diffuse>
            <index_of_refraction>
              <float sid="ior">1.45</float>
            </index_of_refraction>
          </lambert>
        </technique>
      </profile_COMMON>
    </effect>
    <effect id="satin_finish_aluminum-effect">
      <profile_COMMON>
        <technique sid="common">
          <lambert>
            <emission>
              <color sid="emission">0 0 0 1</color>
            </emission>
            <diffuse>
              <color sid="diffuse">0 0 0 1</color>
            </diffuse>
            <index_of_refraction>
              <float sid="ior">1.45</float>
            </index_of_refraction>
          </lambert>
        </technique>
      </profile_COMMON>
    </effect>
  </library_effects>
  <library_images/>
  <library_materials>
    <material id="dark_powdercoat-material" name="dark_powdercoat">
      <instance_effect url="#dark_powdercoat-effect"/>
    </material>
    <material id="color-material" name="color">
      <instance_effect url="#color-effect"/>
    </material>
    <material id="color__Cosmetic_Thread_-material" name="color_(Cosmetic_Thread)">
      <instance_effect url="#color__Cosmetic_Thread_-effect"/>
    </material>
    <material id="pw-mt11155-material" name="pw-mt11155">
      <instance_effect url="#pw-mt11155-effect"/>
    </material>
    <material id="satin_finish_aluminum-material" name="satin_finish_aluminum">
      <instance_effect url="#satin_finish_aluminum-effect"/>
    </material>
  </library_materials>
  <library_geometries>
    <geometry id="rotor-mesh" name="rotor">
      <mesh>
        <source id="rotor-mesh-positions">
          <float_array id="rotor-mesh-positions-array" count="9288">0.00784403 0.01572883 -0.005609869 -0.01265591 0.01472091 -0.008484661 0.002344012 0.01019459 -0.0142675 -0.006655931 0.0090456 -0.01510637 -0.006655931 0.005509376 -0.01686894 0.00784403 0.0120421 -0.01253092 0.00784403 0.007363319 -0.01615983 -0.01265591 0.0132448 -0.008097469 -0.01546466 0.0146473 -0.0014081 -0.01265591 0.01468992 -0.001408815 -0.01265591 0.0109018 0.008000254 -0.02186322 0.006193697 0.01142323 -0.02500301 0.007903218 0.01047891 -0.023588 0.007355093 0.01083105 -0.01732563 -0.01378107 0.001993894 -0.01265591 -0.01380461 0.002000212 -0.01265591 -0.01251798 0.00519663 -0.02092421 -0.004829406 0.01178556 -0.02256381 -0.006355941 0.01115846 -0.02289813 -0.01025861 0.008274555 -0.01265591 -0.01051348 0.007999241 -0.02610242 -0.007952511 0.01031374 -0.01265591 -0.0143007 -0.00140953 -0.01265591 -0.01397824 -0.004840075 -0.01265591 -0.01285547 -0.008097648 -0.03341555 -0.004787206 0.01177179 -0.01265591 -0.01580375 0.01032018 -0.01801556 -0.01580458 0.003237605 -0.01265591 0.008292198 0.01025068 -0.01265591 0.005225419 0.0118218 -0.01265591 1.94632e-4 0.001097679 -0.01265591 -0.004140555 0.003558754 -0.01265591 -0.00846976 0.009762108 -0.01265591 -0.006578028 0.00496608 -0.01265591 0.01175028 -0.01045799 -0.01265591 1.94632e-4 -0.003777503 -0.01265591 0.009668111 -0.01262003 -0.01265591 0.001794457 -0.003005206 -0.01265591 -0.001801908 -0.001461923 -0.01265591 -0.004329144 -0.00633037 -0.01265591 -0.001032948 -0.003377437 -0.01265591 0.005947411 -0.01507747 -0.01265591 0.003428995 -0.01579719 -0.01265591 -0.001650035 -0.01615965 -0.01265591 -0.006123244 -0.006427586 -0.01265591 -0.001013398 -1.65054e-4 -0.01265591 -0.005219936 -0.01522856 -0.01265591 0.01290673 0.005197644 -0.01265591 0.001824557 -6.38274e-4 -0.01265591 0.004754185 0.002721786 -0.01265591 0.01436758 -0.004839599 -0.01265591 0.00683099 0.003185391 -0.01265591 0.01419359 0.002001106 -0.006655931 0.01019459 -0.01227748 -0.006654083 0.006099045 -0.0151425 -0.007655918 0.001759171 -0.01630342 -0.006655931 -0.00309652 -0.01620995 -0.00765407 -0.005709052 -0.0151425 -0.006655931 -0.009805381 -0.01227748 -0.007655918 -0.0100584 -0.01203054 0.00784403 0.01044762 -0.01203054 0.002344012 0.01019459 -0.01227748 0.007843375 0.004469513 -0.01595187 0.00784403 -0.005076169 -0.0154035 0.002343654 -0.005683422 -0.01515018 -0.007655918 0.01168829 -0.01041364 -0.007655918 -0.01328849 -0.007619202 0.00784403 -0.01397287 -0.006087422 -0.007655918 -0.01424127 4.70851e-4 0.00784403 -0.01343137 0.003493249 0.00784403 -0.0100584 0.008475542 0.00784403 -0.005713343 0.01158457 -0.007655918 -0.001369953 0.01274836 0.00784403 0.001759231 0.01274836 -0.007655918 0.01199239 0.00684005 0.00784403 0.01355659 0.00413078 -0.007655918 0.01499485 -0.002273678 0.00784403 0.01472055 -0.003341853 -0.007655918 0.01044762 -0.01203054 -0.007655918 0.007540404 -0.007913768 -0.007655918 -0.01129907 -0.01041364 -0.007655918 0.005396366 -0.008554756 -0.007655918 0.002089858 -0.001111149 -0.007655918 0.00744462 -0.01433485 -0.007655918 -0.003756046 -0.006937682 -0.007655918 -8.0537e-4 -0.003509521 -0.007655918 -0.003558218 -0.01578342 -0.007655918 -0.007055342 -0.01433485 -0.007655918 -0.001804709 -0.002040863 -0.007655918 0.001240313 -0.003528356 -0.007655918 0.002057671 -0.002549231 -0.007655918 -0.003861844 -0.00871998 -0.007655918 0.003947496 -0.01578342 -0.007655918 1.94632e-4 -0.01627749 -0.007655918 0.001325905 -1.1751e-4 -0.007655918 -0.01236271 0.005472481 -0.007655918 -0.01381129 0.001975357 -0.007655918 -0.0100584 0.008475542 -0.007655918 -0.00617963 0.005104243 -0.007655918 1.94632e-4 0.001080036 -0.007655918 -0.01236271 -0.009027481 -0.007655918 -0.01381129 -0.005530357 -0.007655918 -0.007181882 0.002740979 -0.007655918 -0.01430535 -0.00177747 -0.007655918 -0.008441567 0.009716212 -0.007655918 -0.007055342 0.01077985 -0.007655918 0.00744462 0.01077985 -0.007655918 0.003947496 0.01222836 -0.007655918 1.94632e-4 0.01272249 -0.007655918 -0.003558218 0.01222836 -0.007655918 0.008830785 0.009716212 -0.007655918 0.01044762 0.008475542 -0.007655918 0.01275199 -0.009027481 -0.007655918 0.0142005 -0.005530357 -0.007655918 0.0142005 0.001975357 -0.007655918 0.006960332 0.004968166 -0.007655918 0.01275199 0.005472481 -0.01265591 -0.01580536 0.006016671 0.00784403 -0.01580536 -0.00177747 -0.02312737 -0.006776034 0.01422101 -0.02715247 -0.007856369 0.01422095 -0.03115594 -0.006733536 0.01482248 -0.02926748 -0.007651031 0.01421988 -0.03544384 -5.77765e-4 0.01422142 -0.03298395 0.005980551 0.01482248 -0.02611172 0.00812608 0.01422196 -0.02508538 0.007921993 0.01482248 -0.03405237 -0.003859817 0.01172244 -0.03453809 -0.002888083 0.01172244 -0.01123619 0.01947051 0.01422268 -0.01572281 0.02242708 0.01422286 -0.01123636 -0.01908141 0.01422023 -0.01942855 -0.001875936 0.01422131 -0.02022773 -0.003805339 0.01422119 -0.02149909 -0.005462229 0.01422113 -0.02022773 0.004194617 0.01422172 -0.01942855 0.002265095 0.0142216 -0.03141164 -0.02444046 0.01421993 -0.02604925 -0.0247808 0.01421988 -0.02073794 -0.02396744 0.01421993 -0.02820014 0.00812608 0.01422196 -0.02604895 0.02517008 0.01422303 -0.02073764 0.02435672 0.01422297 -0.03657752 -0.02296203 0.01421999 -0.0302174 -0.007196426 0.01422101 -0.01265591 -0.01580536 0.01422047 -0.04538494 -0.01691389 0.01422041 -0.03281277 -0.005462229 0.01422113 -0.04861974 -0.01262342 0.01422065 -0.03408414 -0.003805339 0.01422119 -0.05086302 -0.007740914 0.01422095 -0.03488332 -0.001875936 0.01422131 -0.05201119 -0.002491772 0.01422131 -0.05201113 0.002881407 0.0142216 -0.04130786 0.02080339 0.01422274 -0.03115594 0.007122814 0.0142219 -0.03657722 0.02335149 0.01422291 -0.02973252 0.007786273 0.01422196 -0.03141134 0.0248298 0.01422297 -0.02360981 0.007384717 0.0142219 -0.01265591 0.01619458 0.01422244 -0.02228581 0.00654143 0.01422184 -0.0508629 0.00813049 0.01422196 -0.03488332 0.002265095 0.0142216 -0.04861962 0.013013 0.01422226 -0.03408414 0.004194617 0.01422172 -0.04538476 0.0173034 0.01422256 -0.02798217 -0.006641447 0.01482248 -0.03270161 4.97527e-4 0.01482248 -0.02244824 -0.001057684 0.01482248 -0.02479213 0.005469024 0.01482248 -0.03515595 1.94632e-4 0.01482248 -0.02508538 -0.007532715 0.01482248 -0.02149909 0.005851387 0.01482248 -0.02582991 0.004890322 0.01482248 -0.03378832 0.002379596 0.01482248 -0.03397876 9.97741e-4 0.01482248 -0.02681702 0.00584495 0.01482248 -0.02715593 0.008194625 0.01482248 -0.0295099 -0.004968523 0.01482248 -0.00794655 0.01619458 0.01422244 -0.01265591 0.01619458 0.006016671 -0.02603775 0.01619458 0.01062119 -0.02925056 0.01619458 0.01181823 -0.01265591 0.01619458 0.009480774 -0.01711016 0.01619458 0.001847028 -0.01265591 0.01619458 -0.001688718 -0.006655931 -0.008656263 -0.01510649 -0.006655931 -0.001259922 -0.01771122 -0.006655931 -0.009805381 -0.0142675 -0.01267379 -0.01295733 -0.01106774 0.00784403 -0.01165258 -0.01253122 -0.01265591 -0.01580536 -0.00177747 0.00784403 -0.01533943 -0.005610406 -0.01915794 1.43275e-5 0.01422142 -0.01265591 1.43275e-5 0.01422142 0.00784403 -0.007055342 0.01077985 0.00784403 -0.01432317 -0.008934378 0.00784403 -0.05653005 0.03097248 0.00784403 -0.0566852 -0.03345221 0.00784403 1.94632e-4 0.01272249 0.00784403 0.003947496 0.01222836 0.00784403 0.00744462 0.01077985 0.00784403 0.01619458 0.01422244 0.00784403 -0.01236271 -0.009027481 0.00784403 -0.0100584 -0.01203054 0.00784403 -0.01236271 0.005472481 0.00784403 -0.01381129 0.001975357 0.00784403 -0.01430535 -0.00177747 0.00784403 -0.003558218 0.01222836 0.00784403 -0.01632297 0.008959531 0.00784403 -0.0556755 0.0316438 0.00784403 0.01044762 0.008475542 0.00784403 -0.007055342 -0.01433485 0.00784403 -0.008656263 -0.01510649 0.00784403 -0.003558218 -0.01578342 0.00784403 -0.05653005 -0.03452742 0.00784403 0.01467579 -0.008724629 0.00784403 0.01365154 -0.01077181 0.00784403 0.0142005 -0.005530357 0.00784403 0.01469463 -0.00177747 0.00784403 0.01619458 -0.00177747 0.00784403 0.0142005 0.001975357 0.00784403 0.01621705 0.006206154 0.00784403 0.01275199 0.005472481 0.00784403 0.05691921 -0.03452742 0.00784403 -0.005120158 -0.016869 0.00784403 1.93596e-4 -0.01627874 0.00784403 0.005509376 -0.01686894 0.00784403 0.00744462 -0.01433485 0.00784403 0.0090456 -0.01510637 0.00784403 0.01275199 -0.009027481 0.00784403 0.05691921 0.03097248 0.00784403 0.00122267 -0.06697136 0.00784403 1.94632e-4 -0.06727743 0.00784403 0.01676011 0.008977115 -0.007655918 2.90143e-4 -0.004028081 -0.007655918 -4.38854e-4 2.55698e-4 -0.007655918 0.004511237 0.005427658 -0.007655918 -0.006148397 -0.009169042 -0.006655931 -0.007055342 -0.01433485 -0.006655931 0.01016479 -0.01438784 -0.006655931 0.00744462 -0.01433485 -0.006655931 0.003947496 -0.01578342 -0.006655931 -0.005120158 -0.016869 -0.006655931 1.93596e-4 -0.01627874 0.002344012 -0.009805381 -0.01227748 0.002344012 -0.009805381 -0.0142675 0.002344012 0.001194596 -0.01820915 0.002344012 1.94632e-4 -0.01627749 0.002344012 0.00744462 -0.01433485 0.002344012 0.003947496 -0.01578342 0.002344012 -0.007055342 -0.01433485 0.002344012 -0.005120158 -0.016869 0.002344012 -0.003558218 -0.01578342 0.002344012 0.001194596 -0.02627748 0.002344012 -9.1105e-4 -0.01786863 0.002344012 0.0090456 -0.01510637 0.002344012 0.005509376 -0.01686894 0.00784403 -0.01580536 0.01422244 -0.03141134 0.02482992 0.01182299 -0.02604895 0.02517032 0.01182305 -0.02073764 0.02435678 0.01182299 -0.01572281 0.02242732 0.01182287 -0.01123619 0.01947069 0.01182264 -0.04861962 0.01301312 0.01182228 -0.05201113 0.002881526 0.01182162 -0.05201119 -0.002491652 0.01182126 -0.03499078 -0.001402258 0.01182138 -0.05086302 -0.007740736 0.01182097 -0.04861974 -0.01262331 0.01182067 -0.009301066 -0.01730388 0.01182037 -0.0157231 -0.0220378 0.01182007 -0.02555382 0.008032679 0.01182198 -0.02547782 -0.01735162 0.01182037 -0.02604925 -0.02478069 0.01181989 -0.02073794 -0.02396732 0.01181995 -0.02686637 0.006031513 0.0118218 -0.03657722 0.0233516 0.01182293 -0.04538476 0.01730352 0.01182252 -0.04130786 0.02080363 0.01182276 -0.0413081 -0.02041381 0.01182019 -0.03657752 -0.02296191 0.01182001 -0.03141164 -0.02444028 0.01181989 -0.02093565 0.0052253 0.0118218 -0.02470386 0.005746781 0.0118218 -0.02967 0.007789492 0.01182192 -0.02762782 0.008180797 0.01182198 -0.02024334 -8.79154e-4 0.01182138 -0.03223049 0.002397716 0.01182156 -0.03188866 0.001449644 0.0118215 -0.02238154 -9.10267e-4 0.01182138 -0.0193842 -0.001702725 0.01182132 -0.01265591 -0.00483787 0.01182115 -0.01915591 1.94728e-4 0.01182144 -0.03341376 0.002600431 0.01182162 -0.03406983 0.001803338 0.0118215 -0.02428662 -0.007272958 0.01182097 -0.02748298 -0.005926966 0.01182109 -0.02003055 -0.003435432 0.01182126 -0.02969408 -0.005726277 0.01182109 -0.02838808 -0.006748139 0.01182103 -0.04538494 -0.01691371 0.01182037 -0.03515595 1.94728e-4 0.01182144 -0.03363877 6.93862e-4 0.01182138 -0.02197533 -0.002124488 0.01182132 -0.02926898 -0.004817843 0.01182109 -0.00794661 -0.01580536 0.01422047 -0.01572144 -0.02234339 0.01422005 -0.01123636 -0.01908129 0.01182025 -0.01858586 -0.02342832 0.01181995 -0.02826398 -0.0249105 0.01421988 -0.02923113 -0.02484893 0.01181989 -0.04093676 -0.02109885 0.01422011 -0.04978424 -0.01073503 0.01422077 -0.0522809 -2.89691e-4 0.01422142 -0.05097872 0.008901 0.01182198 -0.05018866 0.01024401 0.01422208 -0.04388976 0.01894229 0.01422262 -0.04315429 0.01957386 0.0118227 -0.03453439 0.02421665 0.01422297 -0.03360277 0.02448332 0.01182299 -0.02383136 0.02510339 0.01422303 -0.02287393 0.02495688 0.01182299 -0.01385766 0.02150577 0.0142228 -0.01304864 0.02098065 0.01182276 -0.007946372 0.01619458 0.01182246 -0.03240346 5.75722e-4 0.0118215 -0.03252321 0.00210309 0.01480048 -0.02934682 -0.006437778 0.01479744 -0.02807587 -0.005123257 0.01480048 -0.02776354 -0.004859685 0.01182109 -0.02197903 -9.83193e-5 0.01479756 -0.0221619 -0.002020835 0.01479744 -0.02072972 -0.002203345 0.01182132 -0.02061498 -0.002330303 0.01479762 -0.02103435 -1.32367e-4 0.01182144 -0.02084964 -6.76e-4 0.01480048 -0.02635574 0.007039844 0.01182186 -0.02642637 0.007128059 0.01479756 -0.02576637 0.004931509 0.01182174 -0.02529692 0.006550371 0.01480048 -0.02498447 0.006814002 0.01182186 -0.02185136 0.01204448 0.007018268 -0.0316326 0.006825029 0.01168382 -0.03265595 0.006004095 0.01172244 -0.03265595 0.01569461 0.01172244 -0.02181613 0.01569277 0.007051467 -0.01872444 0.01569318 0.003406286 -0.01540392 0.0151844 -0.002968192 -0.01427465 0.01508861 -0.006206154 -0.01308053 -0.0117194 -0.01176142 -0.01286458 -0.009193956 -0.01344853 -0.01269316 -0.003647148 -0.01597744 -0.0126785 0.001591205 -0.01637625 -0.01269352 0.004815042 -0.01581501 -0.01358944 -0.01308101 -0.00893861 -0.01332581 -0.01305723 -0.009948015 -0.01620066 -0.01477801 -0.001068353 -0.02555155 -0.008862614 0.009551286 -0.0317347 -0.006338238 0.01168286 -0.03265523 -0.005625486 0.01172983 -0.02835935 0.008103787 0.01103371 -0.02686047 0.008184969 0.01046019 -0.02816307 -0.007874667 0.01097714 -0.03002524 -0.007272958 0.01182097 -0.02473908 -0.007451415 0.01054382 -0.0261622 -0.007838368 0.01182377 -0.01577579 -0.01546359 -0.001848459 -0.01774632 -0.01552182 0.002027392 -0.01885598 -0.01541751 0.003767073 -0.02161586 -0.01552307 0.007026314 -0.02471345 -0.01541906 0.009453058 -0.02013474 -0.01565629 0.005478441 -0.0227558 -0.01575726 0.008253633 -0.02551871 -0.01579904 0.0103116 -0.01318496 -0.01429897 -0.008590817 -0.01238101 -0.004709601 -0.01701676 -0.01232886 -0.00784552 -0.01566553 -0.01365965 -0.01493167 -0.007015466 -0.01464372 -0.01568061 -0.00377053 -0.01223927 -0.002209544 -0.01768589 -0.0129221 -0.01036626 -0.01325589 -0.01273852 -0.008348047 -0.01489919 -0.0126577 -9.46358e-4 -0.0172975 -0.01267772 -0.00605762 -0.01616364 -0.01260936 -0.00357294 -0.0170648 -0.01246339 -1.22692e-6 -0.01769292 -0.01273131 0.002814173 -0.01707482 -0.01276206 0.005940914 -0.0162065 -0.01273751 0.00415796 -0.01678669 -0.01279681 0.007646739 -0.01541256 -0.01292729 0.01024413 -0.01364636 -0.01282972 0.008756697 -0.01475006 -0.01306772 0.01158797 -0.01237285 -0.01276129 0.01289469 -0.01150399 -0.01301908 0.01394248 -0.009951591 -0.0138061 0.01436877 -0.008201479 -0.01486599 0.01617634 -0.002898454 -0.01479762 0.01545089 -0.004798352 -0.03016597 0.01583153 0.01157939 -0.02257847 0.01579242 0.007749736 -0.02726167 0.01569402 0.01078885 -0.02323377 0.01619642 0.008927106 -0.02070617 0.01615256 0.006335258 -0.02545475 0.01582455 0.009791135 -0.01642 0.0157299 -4.97488e-4 -0.01936948 0.0158289 0.004341244 -0.02835321 0.01594531 0.01111608 -0.01582759 0.01567459 -0.0018965 -0.01675695 0.01582044 5.42158e-4 -0.02236676 -0.01128464 0.007473051 -0.02391332 -0.01008147 0.008716166 -0.02142608 -0.01202315 0.006569981 -0.0201019 -0.01293432 0.005114912 -0.0172066 -0.0143972 9.7923e-4 -0.01887136 -0.01360696 0.003516435 -0.0182628 -0.01401233 0.002607941 -0.01463782 -0.0144338 -0.005212008 -0.01524347 -0.01471263 -0.003501653 -0.01430159 -0.01411575 -0.006376504 -0.01387846 -0.01349592 -0.007999777 -0.01308339 -0.01221966 -0.009203135 -0.0126729 -0.01103323 -0.01081925 -0.01268529 -0.006829261 -0.01451092 -0.01265704 0.008827686 -0.01342678 -0.01272416 0.007633149 -0.01426285 -0.01288801 0.01056706 -0.01164835 -0.01336836 0.01251029 -0.01041686 -0.01323801 0.01186788 -0.01126378 -0.01362937 0.01333457 -0.009102404 -0.01353621 0.01363593 -0.007231056 -0.01388448 0.01415783 -0.005579054 -0.01468497 0.01458519 -0.003598034 -0.01613187 0.01461029 -3.06561e-4 -0.01836031 0.01437073 0.00284481 -0.01692605 0.01425671 0.001364409 -0.01946097 0.01373243 0.004360198 -0.02096843 0.01248979 0.006647527 -0.01956272 0.01291775 0.005047559 -0.0226379 0.01146912 0.007684528 -0.02530479 0.009370863 0.009651601 -0.02379792 0.009970605 0.008894622 -0.008050978 -0.01591449 0.01097887 -0.02697247 -0.01691859 0.01179647 -0.03208351 -0.01593446 0.01181864 -0.02893012 -0.01570469 0.0114448 -0.03080987 -0.01620352 0.01181912 -0.02876478 -0.01662498 0.01180827 -0.02681952 -0.01587867 0.01103693 -0.01215595 0.001194596 -0.01820915 -0.006655931 0.001194596 -0.01820915 0.00784403 0.001194596 -0.01820915 -0.005152523 0.001194596 -0.06736832 -0.009867787 0.001194596 -0.07050865 -0.006655931 0.001194596 -0.02627748 -0.01215595 -8.0537e-4 -0.01820915 0.002344012 -8.0537e-4 -0.02627748 -0.006655931 -8.0537e-4 -0.02627748 0.00784403 -8.0537e-4 -0.01820915 -0.01132994 -8.0537e-4 -0.07239842 -0.005152523 -8.0537e-4 -0.06736832 -0.01215595 -8.23466e-4 -0.07425093 -0.01215595 0.001194596 -0.07396602 0.02784401 -0.01714622 -0.06649452 0.02784401 -0.008550643 -0.06820434 0.02784401 1.94632e-4 -0.06727743 0.02784401 1.94632e-4 -0.06877744 0.02784401 0.008744001 -0.06671714 0.02784401 0.03369462 -0.05980116 0.02784401 0.04098159 -0.05493211 0.02784401 0.0475707 -0.04915362 0.02784401 0.05334931 -0.04256451 0.02784401 0.05691921 -0.03452742 0.02784401 0.0620945 -0.02741724 0.02784401 0.06346273 -0.0187301 0.02784401 0.0649116 -0.01911836 0.02784401 0.06719458 -0.00177747 0.02784401 0.06662142 0.006967723 0.02784401 0.0620945 0.02386224 0.02784401 0.03369462 0.05624616 0.02784401 0.02526032 0.05873656 0.02784401 0.01714718 0.06149059 0.02784401 0.008939802 0.06464928 0.02784401 1.94632e-4 0.06372249 0.02784401 1.94632e-4 0.0652225 0.02784401 -0.02487111 0.05873656 0.02784401 -0.03255534 0.05494713 0.02784401 -0.03330534 0.05624616 0.02784401 -0.05653005 0.03097248 0.02784401 -0.064745 0.006771922 0.02784401 -0.06031948 -0.02684324 0.02784401 -0.05653005 -0.03452742 0.02784401 -0.04059237 -0.05493211 0.02784401 -0.02544516 -0.06367743 0.02784401 -0.01675802 -0.06504565 0.008594036 -0.02754664 0.05920952 0.02784401 -0.01714622 0.06293952 0.02784401 -0.02544516 0.06012237 0.02784401 -0.008550643 0.06464928 0.00859338 -0.02229696 0.06152409 0.008593797 -0.008557081 0.06470078 0.008593738 0.008945345 0.06469058 0.008594036 0.01716881 0.06303662 0.02784401 0.02583438 0.06012237 0.02784401 0.01753538 0.06293952 -0.001155912 0.03739178 0.05394834 0.007094025 0.03434932 0.0558632 0.008282065 -0.03347188 0.0561527 -0.001155912 -0.04056549 0.0513404 0.007401406 -0.03394043 0.05587315 -0.001157701 -0.03399962 0.05592572 0.02784401 0.04098159 0.05137711 0.02784401 -0.04059237 0.05137711 0.02784401 -0.04718154 0.04559862 0.02784401 -0.05296003 0.03900945 -0.001156032 -0.05295503 0.03900533 0.02784401 -0.05782908 0.03172248 -0.001155912 -0.05694198 0.03321403 -0.001155972 -0.06169897 0.02385938 0.02784401 -0.06170529 0.02386224 -0.001155912 -0.06401014 0.01737308 0.02784401 -0.0662322 0.006967723 0.02784401 -0.06452238 0.01556336 -0.001155972 -0.06622523 0.006966531 0.02784401 -0.06680536 -0.00177747 -0.001155912 -0.06677472 2.48574e-4 -0.001155972 -0.06622534 -0.01052206 0.02784401 -0.0662322 -0.01052272 0.02784401 -0.06452238 -0.01911836 0.02784401 -0.06170529 -0.02741724 0.02784401 -0.05296003 -0.04256451 0.02784401 -0.05782908 -0.03527742 -0.001155972 -0.05295556 -0.04256135 0.02784401 -0.04718154 -0.04915362 -0.001155912 -0.04058963 -0.05492889 0.02784401 -0.03330534 -0.05980116 -0.001155912 -0.02544397 -0.06367486 -0.001155912 -0.0197907 -0.06572735 -0.001155912 -0.002703666 -0.06871473 -0.001156389 1.94776e-4 -0.0687983 0.02784401 0.01753538 -0.06649452 0.02784401 0.008939802 -0.06820434 -0.001156389 0.01753991 -0.06651067 0.02784401 0.02583438 -0.06367743 -0.00115633 0.03370118 -0.05981242 -0.001156091 0.0476126 -0.04919636 -0.001155912 0.05303782 -0.04296725 0.02784401 0.0582183 -0.03527742 -0.001156032 0.06726837 -0.001778662 0.02784401 0.06662142 -0.01052272 -0.001155912 0.06651222 -0.01131528 -0.001155912 0.06673818 0.006029427 0.02784401 0.0649116 0.01556336 -0.001156151 0.06491076 0.01556324 0.02784401 0.0582183 0.03172248 -0.001155912 0.06250381 0.02285093 -0.001156091 0.05821591 0.03172123 -0.001155912 0.05418801 0.03809893 0.02784401 0.05334931 0.03900945 0.02784401 0.0475707 0.04559862 -0.001155912 0.04643321 0.04670947 0.02784401 -0.05177003 0.03809636 0.00784403 -0.0572707 0.02965474 0.02784401 -0.008354842 -0.06671714 0.007843911 -0.001316666 -0.06725233 0.00784403 0.0561484 -0.03582781 -0.001155912 0.06046092 -0.02743327 0.007843852 0.05764985 0.02964907 0.008594036 0.02117103 0.06027275 0.008594036 0.02685123 0.05805283 0.02784401 0.008744001 0.06316208 0.008594036 0.008741796 0.06313788 0.008593797 1.94835e-4 0.06377214 0.02784401 -0.008354842 0.06316208 0.02784401 -0.01675802 0.06149059 0.02784401 -0.03967922 0.05018711 0.02784401 0.0607087 0.02328824 0.02784401 0.06346273 0.0151751 0.02784401 0.06569463 -0.00177747 0.02784401 0.06513422 -0.01032692 0.02784401 0.0607087 -0.02684324 0.02784401 0.05215919 -0.04165136 0.02784401 0.0465101 -0.04809296 0.02784401 0.04006838 -0.05374217 0.02784401 0.03294461 -0.05850213 0.02784401 0.02526032 -0.06229156 0.02784401 0.01714718 -0.06504565 -0.001156091 -0.01677072 -0.06509417 0.02784401 -0.02487111 -0.06229156 -0.001156091 -0.03258216 -0.05854934 0.02784401 -0.03255534 -0.05850213 0.02784401 -0.03967922 -0.05374217 -0.00115627 -0.04612755 -0.04809963 -0.00115633 -0.05489635 -0.03753226 0.02784401 -0.05177003 -0.04165136 -0.001156032 -0.06313842 -0.01874846 0.02784401 -0.06307351 -0.0187301 0.02784401 -0.064745 -0.01032692 -0.001156032 -0.06537753 -0.001778602 0.02784401 -0.06530535 -0.00177747 0.02784401 -0.06307351 0.0151751 0.02784401 -0.06031948 0.02328824 0.02784401 -0.04612088 0.04453796 -0.001157224 -0.0463829 0.0447933 0.007094025 -0.03319543 0.05457276 0.02784401 0.04006838 0.05018711 -0.0111559 -0.06175655 0.04396802 -0.0111559 -0.07541501 0.01262336 -0.01090717 -0.07407945 0.006936371 -0.0111559 -0.07013535 -0.03304481 -0.0111559 -0.03976559 -0.06755667 -0.0111559 -0.03509265 -0.07022756 -0.01090717 -0.03407222 -0.06824827 -0.01090717 0.02858781 -0.07096123 -0.0111559 0.0318892 -0.07188707 -0.0111559 0.06479793 -0.04369425 -0.0111559 0.06620013 -0.04131352 -0.01090717 0.0749439 4.83945e-4 -0.01090717 0.06035429 0.04264521 -0.01090717 0.05628949 0.04767882 -0.003382563 -0.06567102 0.01180261 -0.003382563 -0.0642507 0.01744484 -0.001155912 -0.0370025 0.05394834 -0.001155912 -0.04714554 0.04556399 -0.001155912 -0.05778306 0.03169697 -0.003382563 -0.0663715 -0.01135104 -0.003382563 -0.02533876 -0.06399285 -0.001155912 0.008867681 -0.06821376 -0.001155912 0.01457768 -0.06721544 -0.003382563 0.01463162 -0.06746065 -0.001155912 0.02563261 -0.06376057 -0.003382563 0.02025479 -0.06596696 -0.001155912 0.03089493 -0.06132984 -0.001155912 0.0406925 -0.05515271 -0.001155912 0.03592741 -0.05845344 -0.003382563 0.03606128 -0.05866581 -0.001155912 0.04515439 -0.05145251 -0.003382563 0.04946368 -0.04755145 -0.001155912 0.06184113 -0.02802079 -0.001155912 0.06387871 -0.02259421 -0.003382563 0.06411731 -0.02267217 -0.003382563 0.06568408 -0.01706886 -0.001155912 0.06708842 -0.005547463 -0.001155912 0.06716388 2.48574e-4 -0.003382563 0.06741487 2.56166e-4 -0.001155912 0.0643993 0.01737308 -0.001155912 0.0601418 0.02814447 -0.003382563 0.06036651 0.02825659 -0.001155912 0.0573312 0.03321403 -0.001155912 0.0475347 0.04556399 -0.001155912 0.05045109 0.04253137 -0.001155912 0.04206919 0.05052465 -0.003382563 0.04660648 0.04689115 -0.002588212 0.03440082 0.05595254 -0.008977949 0.03948467 0.05708372 -0.008456647 0.03593003 0.05860698 -0.01016885 0.04053848 0.05866247 -0.01091188 0.03824579 0.06262582 -0.01030707 -0.03693962 0.06103467 -0.01090717 -0.04132378 0.06042206 -0.01092183 -0.03784424 0.0626046 -0.009365797 -0.03609126 0.05956184 -0.01016885 -0.04014927 0.05866247 -0.004493832 -0.03420883 0.05629825 -0.007394313 -0.03821533 0.05576521 -0.007412254 -0.03504741 0.05775088 -0.005497455 -0.03755307 0.05477309 -0.003382563 -0.03714191 0.05415713 -0.003384888 -0.03407925 0.05607151 -0.003382563 0.04222613 0.05072063 -0.003382563 -0.01986563 -0.06596696 -0.001155912 -0.03327453 -0.05974721 -0.003382563 -0.03567212 -0.05866581 -0.001155912 -0.04476517 -0.05145251 -0.001155912 -0.05601102 -0.03824561 -0.003382563 -0.05917441 -0.03336894 -0.001155912 -0.06348949 -0.02259421 -0.003382563 -0.06529492 -0.01706886 -0.001155912 -0.0666992 -0.005547463 -0.003382563 -0.06702566 2.56166e-4 -0.001155912 -0.06542515 0.01175189 -0.003382563 -0.04621726 0.04689115 -0.003382563 0.05429482 0.03817075 -0.007767617 0.05876576 0.03406965 -0.005497455 0.05817681 0.03373187 -0.007767617 0.06875485 -0.005660891 -0.001155912 0.05934202 -0.03325092 -0.001155912 0.05816638 -0.03524696 -0.003382563 0.05956363 -0.03336894 -0.007767558 0.0543431 -0.04400938 -0.003382563 0.03101003 -0.06155306 -0.003382563 0.02572798 -0.06399285 -0.007767498 0.02065962 -0.06732738 -0.005497455 0.02047568 -0.06667387 -0.005655705 -0.03590607 -0.05902111 -0.007767617 -0.0629962 -0.02865707 -0.001155912 -0.06674832 -0.001776754 -0.005591452 -0.0662226 0.01192158 -0.007767617 -0.06705701 0.01210826 -0.00554955 -0.06488174 0.01763641 -0.001207947 -0.06173586 0.02269852 -0.003511309 0.05108314 0.04260176 -0.00699979 0.05446231 0.04036849 -0.001155912 0.06581431 0.01175189 -0.003382563 0.06606018 0.01180261 -0.003382563 0.06698751 0.006058692 -0.006999731 0.06880396 0.001967489 -0.008977949 0.07085222 -0.005759596 -0.003382563 0.06207197 -0.02811914 -0.005013346 0.05780792 -0.03739434 -0.00699979 0.0587272 -0.03776651 -0.008977949 0.05601102 -0.04528474 -0.006999552 0.02781885 -0.06469136 -0.008977949 0.02130442 -0.06932544 -0.001155912 -0.01713019 -0.06643402 -0.005013108 -0.029518 -0.06264621 -0.006999611 -0.02979719 -0.06359785 -0.007394313 -0.03670328 -0.06030124 -0.003382563 -0.05284655 -0.04312151 -0.004235148 -0.05762338 -0.03666597 -0.006999433 -0.0596615 -0.03551924 -0.005013108 -0.06723409 0.004642188 -0.00699979 -0.06822317 0.004569292 -0.008977949 -0.06911724 0.01251316 -0.007463395 -0.0640816 0.02363181 -0.003382563 -0.06234806 0.02294325 -0.001170516 -0.05964493 0.02808886 -0.001155912 0.0409547 0.0513404 -0.005013108 0.05000984 0.04411673 -0.006999909 0.0506165 0.04490125 -0.007394313 0.0558502 0.03931927 -0.008977949 0.06054598 0.03518283 -0.003382563 0.06463992 0.01744484 -0.006999969 0.06822365 0.00788331 -0.01016885 0.07274729 -0.005866408 -0.006999313 0.06161928 -0.03257131 -0.01016885 0.05750811 -0.04645174 -0.005013287 0.0325396 -0.06128925 -0.00699979 0.03315305 -0.06206852 -0.007394313 0.02646201 -0.06578147 -0.008977949 0.0270639 -0.06724804 -0.01016885 0.02187061 -0.07113724 -0.00111556 -0.008569538 -0.06859272 -0.001155912 -0.01418846 -0.06721544 -0.005013227 -0.02414602 -0.06498652 -0.006998836 -0.02433961 -0.06595933 -0.007394313 -0.03150665 -0.06327152 -0.008977949 -0.03223305 -0.06468063 -0.008977949 -0.03754872 -0.06164234 -0.001155912 -0.04713845 -0.04911005 -0.001155912 -0.04889059 -0.04738056 -0.003382563 -0.04907447 -0.04755145 -0.005013346 -0.05580717 -0.03987801 -0.006999969 -0.05652201 -0.04056555 -0.007394313 -0.06088125 -0.03427714 -0.008977949 -0.06492042 -0.02949732 -0.01016885 -0.06666684 -0.03024083 -0.003382563 -0.06694984 -0.00556159 -0.00699979 -0.06851565 -0.001368045 -0.01016885 -0.07097625 0.01289641 -0.009283125 -0.06294697 0.029747 -0.003387629 -0.05709052 0.033302 -0.005013108 0.04585647 0.04825079 -0.007394313 0.04794079 0.04829037 -0.007394313 0.05208969 0.043976 -0.008977949 0.0571255 0.04026097 -0.01090717 0.06396889 0.03727906 -0.008977949 0.06351482 0.02982801 -0.001155912 0.06205952 0.02384662 -0.005013108 0.06621795 0.0133472 -0.007394313 0.06890779 0.006283998 -0.008977949 0.07048231 0.006468713 -0.008977949 0.07093203 3.6256e-4 -0.01016885 0.07282918 4.19959e-4 -0.01090717 0.07485961 -0.005985438 -0.01016885 0.07212239 -0.01212215 -0.008977949 0.07024359 -0.01185196 -0.001155912 0.06543958 -0.01701176 -0.001155912 0.06485497 -0.01910251 -0.007000088 0.06405055 -0.02714884 -0.008977949 0.06266993 -0.03502184 -0.008977949 0.05956268 -0.04029744 -0.01016885 0.06115502 -0.04133063 -0.008977949 0.05204159 -0.04994642 -0.003382563 0.04532289 -0.05163872 -0.003382563 0.0408442 -0.05535274 -0.006999909 0.03824055 -0.05899453 -0.01016885 0.009601414 -0.07383394 -0.008977949 0.01538687 -0.07089734 -0.003382563 -0.008511066 -0.06846266 -0.004905402 -0.01827698 -0.06689882 -0.006999135 -0.01870101 -0.06783962 -0.007394313 -0.0260728 -0.06578147 -0.01016885 -0.03856104 -0.06324797 -0.004412233 -0.04710227 -0.05002617 -0.005013048 -0.05230373 -0.04457652 -0.007394313 -0.05784356 -0.03943461 -0.008977949 -0.06228071 -0.03502184 -0.01016885 -0.06395637 -0.03591352 -0.01090717 -0.0686134 -0.03106951 -0.01016885 -0.07056981 -0.01830053 -0.01016885 -0.06887686 -0.02435517 -0.008977949 -0.06707268 -0.02376544 -0.001155912 -0.06446582 -0.01910251 -0.001155912 -0.06505042 -0.01701176 -0.005013048 -0.06733214 -0.007066667 -0.006999611 -0.06829386 -0.0073089 -0.007394313 -0.06895822 3.14631e-4 -0.008977949 -0.07009303 0.006468713 -0.01016885 -0.06738561 0.02493441 -0.01016885 -0.06944155 0.01899313 -0.008977949 -0.0676226 0.01845061 -0.006867825 -0.05815929 0.03396046 -0.001170516 -0.05360716 0.03794831 -0.01090717 0.04171299 0.06042206 -0.0111559 0.05334168 0.05395388 -0.01090717 0.05180478 0.05234229 -0.009355127 0.03648358 0.05956786 -0.01090717 0.067106 0.03162056 -0.01016885 0.06521308 0.0306757 -0.01016885 0.06777483 0.02493441 -0.0111559 0.07580423 0.01262336 -0.01090717 0.0718581 0.01959788 -0.008977949 0.06600958 0.02423667 -0.01090717 0.07301932 -0.01878154 -0.0111559 0.07105159 -0.03194183 -0.01090717 0.06900262 -0.03106951 -0.01090717 0.07127702 -0.02501249 -0.01016885 0.07095903 -0.01830053 -0.008977949 0.06911069 -0.01786893 -0.007394313 0.06867438 -0.0116263 -0.01090717 0.05498212 -0.05267834 -0.01016885 0.05343222 -0.05123835 -0.01090717 0.05037748 -0.05722343 -0.0111559 0.04015481 -0.06755667 -0.01090717 0.04007858 -0.06503754 -0.01016885 0.04895782 -0.05565482 -0.007394313 0.05088019 -0.04886746 -0.01016885 0.01579439 -0.07275116 -0.01090717 0.003429591 -0.07649105 -0.0111559 -0.004469513 -0.07860022 -0.007394313 0.01504659 -0.06934893 -0.001155912 0.02017992 -0.06572735 -0.006999671 0.01074147 -0.06967473 -0.01016885 -0.00294882 -0.07437735 -0.01090717 -0.01585936 -0.07481747 -0.006999969 0.004832506 -0.0703324 -0.008977949 -0.002866744 -0.07248103 -0.01016885 -0.009212195 -0.07383394 -0.01016885 -0.01540517 -0.07275116 -0.01115709 -0.02280211 -0.07527637 -0.001155912 0.003092885 -0.06871473 -0.003382563 0.003103733 -0.06896555 -0.006999552 -0.007042348 -0.0701068 -0.008977949 -0.02091521 -0.06932544 -0.01016885 -0.02739536 -0.06900405 -0.01090717 -0.04500794 -0.06135344 -0.01016885 -0.04372918 -0.05966806 -0.01090717 -0.04998826 -0.05722343 -0.01016885 -0.04856854 -0.05565482 -0.01090717 -0.0545929 -0.05267834 -0.0111593 -0.06059682 -0.04906386 -0.01016885 -0.05304294 -0.05123835 -0.008977949 -0.04729485 -0.05424755 -0.008977949 -0.04258191 -0.05815595 -0.001155912 -0.03553825 -0.05845344 -0.005013048 -0.04414838 -0.05297839 -0.006999254 -0.04466181 -0.05382692 -0.007394313 -0.05049097 -0.04886746 -0.008977949 -0.05165237 -0.04994642 -0.008977949 -0.0556218 -0.04528474 -0.01016885 -0.05711883 -0.04645174 -0.01016885 -0.06076574 -0.04133063 -0.01090717 -0.06254053 -0.04248213 -0.01116162 -0.07671165 -0.005981326 -0.01090717 -0.0744704 -0.005985438 -0.01090717 -0.07382726 -0.01242333 -0.008977949 -0.06872147 -0.01786893 -0.007394313 -0.06556582 -0.02327287 -0.001155912 -0.06145185 -0.02802079 -0.003382563 -0.06168282 -0.02811914 -0.004059851 -0.06449323 -0.02109253 -0.006999611 -0.06631785 -0.01902151 -0.007394313 -0.06828522 -0.0116263 -0.008977949 -0.06985437 -0.01185196 -0.008977949 -0.070463 -0.005759596 -0.01016885 -0.07235813 -0.005866408 -0.01016885 -0.07244002 4.19959e-4 -0.01090717 -0.07146894 0.01959788 -0.01090717 -0.06935316 0.02571207 -0.01016885 -0.06482386 0.0306757 -0.0111559 0.04832571 0.05833905 -0.01090717 0.04693382 0.05660068 -0.0111559 0.04294937 0.06227427 -0.0111559 0.03934752 0.06453734 -0.0111559 0.05795991 0.04915153 -0.0111559 0.05410909 0.05315583 -0.01016885 0.04561161 0.05494916 -0.007394313 0.03860449 0.05576521 -0.007402539 0.03544312 0.0577619 -0.0111559 0.06214582 0.04396802 -0.0111559 0.06033742 0.04620736 -0.01016885 0.05470257 0.04627972 -0.01016885 0.05034482 0.05081123 -0.008977949 0.0444253 0.05346739 -0.005497455 0.03794229 0.05477309 -0.01115816 0.06587696 0.03846454 -0.01016885 0.0586524 0.04138845 -0.008977949 0.0532788 0.04502445 -0.008977949 0.04903483 0.04943758 -0.006848931 0.04612416 0.04931187 -0.007394313 0.0434345 0.05222988 -0.003382563 0.03753113 0.05415713 -0.007444441 0.06202381 0.02908509 -0.01003062 0.06139528 0.03570187 -0.01170301 0.06903469 0.03258681 -0.0111559 0.07561862 0.01377332 -0.0111559 0.07399231 0.02023392 -0.01090717 0.06974238 0.02571207 -0.0111559 0.0718134 0.02653068 -0.0111559 0.07668042 0.007195889 -0.01090717 0.07343751 0.01332366 -0.01016885 0.06983083 0.01899313 -0.008977949 0.06801182 0.01845061 -0.007394313 0.06453531 0.02365392 -0.006999909 0.06091016 0.0303924 -0.005013167 0.06012248 0.0297898 -0.001155912 0.05331653 0.03898304 -0.0111559 0.07696259 0.003364264 -0.01090717 0.07446873 0.006936371 -0.01016885 0.07136553 0.01289641 -0.006999492 0.06346303 0.02502495 -0.003382563 0.0575453 0.0333451 -0.01016885 0.07236748 0.006689906 -0.008977949 0.06950652 0.01251316 -0.006848633 0.06704187 0.01406794 -0.006999611 0.06554305 0.01945579 -0.003382563 0.06273728 0.02294325 -0.005497455 0.06807851 -0.005603253 -0.0111559 0.07708299 -0.006110727 -0.0111559 0.07339364 -0.02570462 -0.01090717 0.07421648 -0.01242333 -0.0111559 0.07642072 -0.01274037 -0.0111559 0.07052463 -0.03304481 -0.01090717 0.0662133 -0.03690731 -0.01016885 0.06926608 -0.02435517 -0.008977949 0.0674619 -0.02376544 -0.006998956 0.0684238 -0.009902358 -0.003382563 0.06733912 -0.00556159 -0.01016885 0.06434559 -0.03591352 -0.01016885 0.067056 -0.03024083 -0.008977949 0.06530958 -0.02949732 -0.00699985 0.06746602 -0.01577174 -0.003382563 0.06676071 -0.01135104 -0.01115685 0.06094324 -0.04912167 -0.01090717 0.05917668 -0.04775232 -0.01090717 0.06292968 -0.04248213 -0.007394313 0.06385099 -0.02887642 -0.006999015 0.06600499 -0.02153176 -0.005013048 0.06502079 -0.02140921 -0.005497455 0.05381989 -0.04357683 -0.0111559 0.04126632 -0.06692135 -0.0111559 0.04674315 -0.06312757 -0.01090717 0.04539722 -0.06135344 -0.0111559 0.05187183 -0.05887454 -0.0111559 0.05661356 -0.05419415 -0.01016885 0.03895032 -0.06324797 -0.01016885 0.0441184 -0.05966806 -0.008977949 0.04297113 -0.05815595 -0.008977949 0.04768413 -0.05424755 -0.006999611 0.05165481 -0.04730904 -0.003382563 0.05323582 -0.04312151 -0.003382563 0.05661088 -0.03838223 -0.001155912 0.05640017 -0.03824561 -0.0111559 0.02943331 -0.07302147 -0.01090717 0.03446149 -0.06824827 -0.007394313 0.04201292 -0.05689305 -0.006999433 0.04752701 -0.05158615 -0.005013167 0.04673379 -0.05099076 -0.01090717 0.0225017 -0.07315653 -0.01016885 0.02778458 -0.06900405 -0.01016885 0.03349202 -0.06636774 -0.008977949 0.03262233 -0.06468063 -0.008977949 0.03793799 -0.06164234 -0.006999969 0.04304367 -0.05549192 -0.001155912 0.0492798 -0.04738056 -0.0111559 0.023166 -0.07528203 -0.0111559 -0.003136634 -0.07871586 -0.0111559 0.003526091 -0.07871586 -0.01090717 0.009875297 -0.07593172 -0.0111559 0.0101636 -0.07813996 -0.01090717 0.01624858 -0.07481747 -0.0111559 0.01672661 -0.07699251 -0.005013108 0.01617813 -0.06759822 -0.006999552 0.01657086 -0.06850892 -0.007394313 0.009150505 -0.07037985 -0.008977949 0.009355723 -0.07195174 -0.008977949 0.003255903 -0.07248103 -0.01016885 0.003337979 -0.07437735 -0.01090717 -0.003040313 -0.07649105 -0.01090717 -0.009486079 -0.07593172 -0.0111559 -0.01633769 -0.07699245 -0.01090717 -0.02211248 -0.07315653 -0.01016885 -0.02148139 -0.07113724 -0.008977949 -0.01499772 -0.07089734 -0.008977949 -0.008966565 -0.07195174 -0.007394313 -0.008761227 -0.07037985 -0.006999969 -0.001110196 -0.07047671 -0.005013227 -0.001255393 -0.06949561 -0.003382563 0.008900225 -0.06846266 -0.01090717 -0.02819859 -0.07096123 -0.0111559 -0.02904415 -0.07302147 -0.0111559 -0.04087704 -0.06692135 -0.01090717 -0.03968936 -0.06503754 -0.01016885 -0.03310281 -0.06636774 -0.008977949 -0.02667468 -0.06724804 -0.007394313 -0.02044236 -0.06781232 -0.006998836 -0.01291936 -0.06922566 -0.005013525 -0.01289713 -0.06823396 -0.003382563 -0.002714514 -0.06896555 -0.007444441 -0.04157406 -0.05682957 -0.0111559 -0.0562244 -0.05419409 -0.0111559 -0.04635405 -0.06312751 -0.01090717 -0.05878746 -0.04775232 -0.007394313 -0.04623103 -0.05307215 -0.007000088 -0.03999704 -0.05750828 -0.005012989 -0.03955686 -0.05661964 -0.001155912 -0.03050571 -0.06132984 -0.01090717 -0.06582403 -0.03690731 -0.0111559 -0.06778997 -0.03795343 -0.0111559 -0.06440871 -0.04369425 -0.0111559 -0.07066243 -0.03194183 -0.008977949 -0.05917346 -0.04029744 -0.007394313 -0.05437147 -0.04431015 -0.007000088 -0.0489946 -0.0497536 -0.003382563 -0.04045498 -0.05535274 -0.005497455 -0.06236422 -0.02840918 -0.01170301 -0.07293719 -0.02568578 -0.0111559 -0.0760315 -0.01274037 -0.01090717 -0.07263004 -0.01878154 -0.0111559 -0.07479864 -0.01928788 -0.01090717 -0.07088774 -0.02501249 -0.01016885 -0.07173317 -0.01212215 -0.007394313 -0.06717765 -0.01750844 -0.006999731 -0.06457859 -0.02470576 -0.005013048 -0.06371116 -0.02422499 -0.001155912 -0.0589528 -0.03325092 -0.001155912 -0.05777722 -0.03524696 -0.0111559 -0.0762912 0.007195889 -0.01090717 -0.07455468 4.83945e-4 -0.0111559 -0.07678055 5.51291e-4 -0.0111559 -0.07522934 0.01377332 -0.01090717 -0.07304829 0.01332366 -0.01016885 -0.07197827 0.006689906 -0.008977949 -0.07054275 3.6256e-4 -0.007394313 -0.0688802 -0.005670368 -0.005013108 -0.06662231 -0.01288336 -0.007444441 -0.06602662 0.01797336 -0.0111559 -0.06547874 0.03844207 -0.0111559 -0.06870931 0.03261512 -0.01090717 -0.06671679 0.03162056 -0.0111559 -0.07142418 0.02653068 -0.0111559 -0.07360297 0.0202344 -0.01090717 -0.06357961 0.03727906 -0.01016885 -0.06177544 0.03617411 -0.008977949 -0.06562042 0.02423667 -0.006848871 -0.06441015 0.02158641 -0.006999671 -0.0661078 0.01625728 -0.003382563 -0.06659829 0.006058692 -0.003391623 -0.05018085 0.04263311 -0.003382563 -0.0539056 0.03817075 -0.008634865 -0.05604779 0.03975361 -0.01090717 -0.05996513 0.04264521 -0.0111559 -0.05757069 0.04915153 -0.0111559 -0.0599482 0.04620736 -0.0111559 -0.05295246 0.05395388 -0.0111559 -0.05371993 0.05315583 -0.001242816 -0.04960101 0.04211777 -0.008185923 -0.04775023 0.04849922 -0.01003062 -0.05363553 0.04568332 -0.01090717 -0.05141562 0.05234229 -0.001242816 -0.04562056 0.04625761 -0.003392159 -0.04177975 0.05064547 -0.009685397 -0.04431951 0.05382257 -0.01003056 -0.04933184 0.0501585 -0.0111559 -0.04793643 0.05833905 -0.008634865 -0.0435009 0.05280035 -0.009685397 -0.03934717 0.05746203 -0.01090717 -0.04654461 0.05660068 -0.0111559 -0.04256016 0.06227427 -0.0111559 -0.04667067 0.05926555 -0.01265591 -0.03902876 0.06463515 -0.0111559 -0.05051577 0.05637061 -0.01265591 -0.05065721 0.05624693 -0.0111559 -0.06983357 0.03031259 -0.01265591 -0.07362657 0.02140957 -0.0111559 -0.0765866 -0.009353458 -0.0111559 -0.07289457 -0.02675342 -0.0111559 -0.05217427 -0.05839359 -0.0111559 -0.03293758 -0.07157701 -0.01265591 -0.01952725 -0.07636874 -0.0111559 -0.01061636 -0.07813858 -0.0111559 0.006085216 -0.07858264 -0.0111559 0.0199182 -0.07636839 -0.0111559 0.03478902 -0.07070577 -0.0111559 0.04877132 -0.06156063 -0.0111559 0.05888092 -0.05186462 -0.01265591 0.0671761 -0.04028981 -0.0111559 0.06788206 -0.03874099 -0.0111559 0.0751028 -0.02012544 -0.01265591 0.07548254 -0.01849895 -0.0111559 0.07730275 -2.80686e-4 -0.0111559 0.07401603 0.02140903 -0.01265591 0.07499164 0.01714771 -0.01265591 0.05205291 0.05543148 -0.0111559 0.05104643 0.05624699 -0.001155912 -0.05173802 0.03807049 -0.001155912 -0.06028527 0.02327299 -0.001155912 -0.06302136 0.01516199 -0.003716349 -0.0651459 0.005888283 -0.003716349 -0.06548982 -0.005479335 -0.001155912 -0.06029647 -0.0268346 -0.003716349 -0.0603373 -0.02754634 -0.003716349 -0.0516932 -0.04222255 -0.003716349 -0.04395234 -0.05055445 -0.003716349 -0.03957104 -0.05418771 -0.001155912 0.01425558 -0.06575047 -0.001155912 0.04414778 -0.05034041 -0.001155912 0.05514192 -0.03742915 -0.003716349 0.04954248 0.04173028 -0.01265591 -0.04256016 0.06227427 -0.01265591 -0.05295246 0.05395388 -0.01236957 -0.05969661 0.04244691 -0.01265591 -0.07541501 0.01262336 -0.01265591 -0.07066243 -0.03194183 -0.01236957 -0.05434834 -0.05245113 -0.01265591 -0.04087704 -0.06692135 -0.01236957 -0.03951138 -0.06475526 -0.01265591 -0.01372945 -0.07744842 -0.01236957 -0.01578772 -0.07449144 -0.01265591 0.004858791 -0.07860022 -0.01265591 0.04781752 -0.06223666 -0.01265591 0.04674321 -0.06312757 -0.01265591 0.07052463 -0.03304481 -0.01236957 0.07153832 0.01950246 -0.01265591 0.04705989 0.05926555 -0.01236957 0.04672521 0.05634009 -0.01097774 0.03627067 0.05921941 -0.01236957 0.04152768 0.06014448 -0.01152032 0.0401771 0.05812114 -0.01015073 0.0389654 0.05630588 -0.00832957 0.03795349 0.05478978 -0.00835067 0.03483891 0.05674129 -0.006148278 0.03719198 0.053649 -0.003716349 0.0367192 0.05294078 -0.001155912 0.03655898 0.05270069 -0.01015073 0.05974841 0.03469437 -0.01087784 0.06202954 0.03580385 -0.01165133 0.06354618 0.03306156 -0.00832957 0.06104713 0.02859628 -0.006417155 0.0587629 0.03029322 -0.009585797 0.06069207 0.03140878 -0.01015073 0.06267797 0.02941036 -0.004283189 0.05801761 0.02986085 -0.003716349 0.0582726 -0.03268194 -0.006417155 0.0587629 -0.03384822 -0.008359968 0.05980032 -0.03444802 -0.01015073 0.06184428 -0.03458255 -0.01215595 0.06320899 -0.03989434 -0.01236957 0.06264972 -0.04230046 -0.01152032 0.06060898 -0.04097634 -0.01236957 0.06591862 -0.03675055 -0.01152032 0.063771 -0.03560775 -0.009591281 0.05920273 -0.03758472 -0.01015073 0.0587781 -0.03978842 -0.00832957 0.057249 -0.03879624 -0.006148278 0.0560984 -0.03804975 -0.006417155 0.05725282 -0.03646373 -0.00834304 0.05831021 -0.03707206 -0.00428313 0.05650556 -0.03603464 -0.003716349 0.05538409 -0.03758621 -0.001155912 0.001706123 -0.06726002 -0.003716349 0.003040492 -0.06750452 -0.006417155 0.001704633 -0.06853443 -0.006148278 0.003077328 -0.06835526 -0.01015073 0.003215491 -0.07154667 -0.01152032 0.003309905 -0.07372713 -0.009591877 -0.001311004 -0.07078391 -0.01015073 -0.002826213 -0.07154667 -0.01152032 -0.002920627 -0.07372713 -0.008329749 -0.001314043 -0.06977218 -0.006148278 -0.00268805 -0.06835526 -0.006417155 -0.001315414 -0.06853443 -0.00832957 -0.002747416 -0.06972557 -0.004282951 -0.001317858 -0.06767284 -0.001155912 -0.001316964 -0.06726002 -0.003716349 -0.002651214 -0.06750452 -0.003716349 -0.05499482 -0.03758621 -0.006148278 -0.05570918 -0.03804975 -0.006417155 -0.0568636 -0.03646373 -0.008358716 -0.05790334 -0.03706258 -0.01015073 -0.05838888 -0.03978842 -0.01152032 -0.06338185 -0.03560775 -0.01165133 -0.06315696 -0.03661656 -0.01236957 -0.0655294 -0.03675055 -0.01015073 -0.06145513 -0.03458255 -0.006148278 -0.05863511 -0.03308194 -0.008345425 -0.05942606 -0.03445887 -0.003716349 -0.05788344 -0.03268194 -0.003716349 -0.05866879 0.0276035 -0.01015073 -0.06228876 0.02941036 -0.01152032 -0.06122046 0.03583419 -0.01236957 -0.063295 0.03710472 -0.008071243 -0.05820876 0.03373485 -0.006443858 -0.05642282 0.03286111 -0.006148278 -0.03680276 0.053649 -0.003725767 -0.03331893 0.0547868 -0.003716349 -0.03633004 0.05294078 -0.006477415 -0.03384906 0.05570268 -0.008355736 -0.03444617 0.05673557 -0.01152032 -0.03978794 0.05812114 -0.0101844 -0.03535205 0.0583018 -0.01015073 -0.03857624 0.05630588 -0.01239413 -0.03767317 0.06231504 -0.01236957 -0.04113852 0.06014448 -0.01265591 0.04294937 0.06227427 -0.01265591 0.05795991 0.04915153 -0.01236957 0.06368422 0.03710472 -0.01236957 0.06680738 0.03147149 -0.01265591 0.07349801 0.02166229 -0.01265591 0.07696259 0.003364264 -0.01236957 0.07095968 -0.02490884 -0.01265591 0.06817919 -0.03795343 -0.01265591 0.06620013 -0.04131352 -0.01265591 0.06098318 -0.04905092 -0.01265591 0.05187183 -0.05887454 -0.01236957 0.02846109 -0.07065254 -0.01265591 0.02319312 -0.07527226 -0.01236957 0.0224021 -0.07283794 -0.01236957 0.003415107 -0.07615756 -0.01265591 0.003525912 -0.07871586 -0.01265591 -0.003136634 -0.07871586 -0.01236957 -0.003025949 -0.07615756 -0.01215595 -0.001308321 -0.07540804 -0.01265591 -0.03976559 -0.06755667 -0.01265591 -0.03509265 -0.07022756 -0.01265591 -0.05438119 -0.05601346 -0.01265591 -0.05148261 -0.05887454 -0.01265591 -0.06440865 -0.04369425 -0.01236957 -0.0622605 -0.04230046 -0.01152032 -0.06021976 -0.04097634 -0.01265591 -0.07013535 -0.03304481 -0.01236957 -0.06830632 -0.03093886 -0.01265591 -0.06778997 -0.03795343 -0.01265591 -0.07556295 -0.01522874 -0.01236957 -0.07272142 0.01325625 -0.01265591 -0.0762912 0.007195889 -0.01265591 -0.06870931 0.03261512 -0.01236957 -0.06641817 0.03147149 -0.01236957 -0.05118525 0.05210071 -0.01265591 -0.05757069 0.04915153 -0.01265591 0.05334168 0.05395388 -0.01136124 0.04917997 0.04958832 -0.009239792 0.05145895 0.0434193 -0.003792703 0.04544872 0.0456798 -0.01265591 0.07716983 5.51276e-4 -0.01236957 0.07461029 4.73842e-4 -0.01236957 0.07452642 -0.005966663 -0.009756147 0.06901443 3.03579e-4 -0.009239912 0.06842958 -0.005623519 -0.01236957 0.07269418 -0.01870566 -0.009239792 0.0651552 -0.02301192 -0.01265591 0.05661362 -0.05419415 -0.01265591 0.05477041 -0.05601346 -0.01136124 0.05219417 -0.05008959 -0.01265591 0.04126632 -0.06692135 -0.01265591 0.04015481 -0.06755667 -0.01136124 0.03804868 -0.06181985 -0.01236957 0.03430849 -0.06795156 -0.003716349 0.03033989 -0.06025314 -0.01136112 0.02136576 -0.06952536 -0.003763496 0.01429086 -0.0659036 -0.001172721 0.0410431 0.04924613 -0.009239733 0.04290896 0.05157279 -0.00975579 0.03842014 0.05548715 -0.01265591 0.04832571 0.05833905 -0.01136118 0.04455679 0.05362999 -0.00516498 0.04153943 0.04986238 -0.001215696 0.04507195 0.04528629 -0.009239852 0.05517369 0.03881913 -0.01236957 0.06008583 0.04244691 -0.01236957 0.05603921 0.04745811 -0.01265591 0.06033742 0.04620736 -0.001183032 0.05270385 0.03699809 -0.009239673 0.063753 0.02334421 -0.01236957 0.06943202 0.0255894 -0.01265591 0.0701068 0.03035539 -0.009239733 0.06568652 0.01775658 -0.001183032 0.0608986 0.02221834 -0.01265591 0.07580423 0.01262336 -0.01236957 0.07413721 0.006897509 -0.009756028 0.06857681 0.006244182 -0.001183032 0.06502437 0.005830109 -0.001172721 0.06552529 2.00909e-4 -0.001215696 0.06456333 -0.0110321 -0.003736376 0.06569331 -0.005468428 -0.01096421 0.06983494 -0.01179397 -0.01265591 0.07642072 -0.01274037 -0.01265591 0.07708299 -0.006110727 -0.01265591 0.07595223 -0.01522874 -0.009239792 0.06674748 -0.01731765 -0.005164802 0.06567269 -0.01119494 -0.001172721 0.06384366 -0.01663714 -0.001155912 0.06245291 -0.02212816 -0.01136124 0.06766045 -0.02383142 -0.01265591 0.07105159 -0.03194183 -0.01136112 0.06550151 -0.02958023 -0.009239733 0.0605275 -0.03388231 -0.005164444 0.06106042 -0.02768886 -0.001172721 0.05789572 -0.03247916 -0.001172721 0.05174601 -0.04195785 -0.009239971 0.05409705 -0.04379349 -0.009756028 0.05795264 -0.03925395 -0.01236957 0.0589134 -0.04754716 -0.01265591 0.06479793 -0.04369425 -0.01136106 0.05617517 -0.04541403 -0.005164742 0.05236864 -0.04244613 -0.001215696 0.04783898 -0.04603797 -0.003716349 0.04839229 -0.04655605 -0.003716349 0.0443415 -0.05055445 -0.009239673 0.04150396 -0.05622297 -0.009756207 0.04639601 -0.05282586 -0.01236957 0.0451954 -0.06108754 -0.01236957 0.05015349 -0.05697596 -0.01136112 0.0430966 -0.05832308 -0.005164444 0.04017949 -0.05447715 -0.001215696 0.03487962 -0.05678594 -0.001155912 0.0397858 -0.05395776 -0.001155912 0.03020763 -0.05999666 -0.003716349 0.03528141 -0.05742871 -0.009756267 0.03174239 -0.06297594 -0.01265591 0.03548192 -0.07022756 -0.01265591 0.0318892 -0.07188707 -0.01265591 0.02943331 -0.07302147 -0.009756267 0.0263347 -0.06547367 -0.009239673 0.02058011 -0.06700944 -0.001183032 0.02497911 -0.06216377 -0.001172721 0.01969277 -0.06416207 -0.003716349 0.0198186 -0.06457114 -0.001158773 0.008667707 -0.06663203 -0.01136136 0.01543092 -0.07110214 -0.01236957 0.009832084 -0.07560074 -0.01265591 0.01411861 -0.07744842 -0.01265591 0.01672661 -0.07699257 -0.01265591 0.0101636 -0.07813996 -0.009755849 0.009106397 -0.07004922 -0.009240031 0.003150522 -0.07005691 -0.001172721 0.003023922 -0.06707686 -0.01265591 -0.004469513 -0.07860022 -0.01136112 -0.002876818 -0.07268977 -0.005164325 -0.002667307 -0.06786721 -0.001155912 -0.002638757 -0.06721615 -0.001172721 -0.01383465 -0.06561475 -0.001183807 -0.008299529 -0.06649202 -0.009239792 -0.01447725 -0.06852722 -0.009755969 -0.008719086 -0.0700491 -0.01236957 -0.009442865 -0.07560074 -0.01265591 -0.009774327 -0.07813996 -0.001215696 -0.0192005 -0.06384849 -0.003735244 -0.0138877 -0.06585049 -0.01136112 -0.01504361 -0.0711013 -0.01265591 -0.01633739 -0.07699257 -0.01265627 -0.02278 -0.07528412 -0.01136124 -0.02097862 -0.06952488 -0.01236957 -0.02807188 -0.07065254 -0.009239792 -0.02575379 -0.06500297 -0.005164921 -0.0195381 -0.06491774 -0.001172721 -0.02461922 -0.06224477 -0.004104673 -0.02475941 -0.06260526 -0.01136124 -0.02675509 -0.06744122 -0.01236957 -0.03391927 -0.06795156 -0.01265591 -0.02904409 -0.07302147 -0.001172721 -0.0346623 -0.05706769 -0.003716349 -0.02995067 -0.06025314 -0.009239733 -0.03625494 -0.05958932 -0.009756147 -0.03135484 -0.06297492 -0.01136112 -0.03766107 -0.06181854 -0.005164742 -0.03508621 -0.0577358 -0.001215696 -0.03911054 -0.05358558 -0.001172721 -0.04366368 -0.05023843 -0.0113613 -0.04270929 -0.05832207 -0.01265591 -0.04635405 -0.06312757 -0.001172721 -0.0476883 -0.04626619 -0.009239673 -0.04987484 -0.04829442 -0.009755909 -0.04600799 -0.05282425 -0.01236957 -0.04976427 -0.05697596 -0.01265591 -0.05622434 -0.05419415 -0.01265591 -0.06054383 -0.04912132 -0.01136124 -0.05180639 -0.0500881 -0.005164384 -0.04826933 -0.04680287 -0.001215696 -0.05109351 -0.04175883 -0.009239792 -0.05713808 -0.03897631 -0.01136124 -0.05578744 -0.0454126 -0.01265591 -0.06581091 -0.04131352 -0.009756028 -0.06058746 -0.03411972 -0.009239792 -0.06268787 -0.02854651 -0.001183032 -0.05742883 -0.03244197 -0.001215696 -0.06161665 -0.02198511 -0.01136124 -0.0651133 -0.02957838 -0.001172721 -0.06345361 -0.0166409 -0.003735601 -0.06216084 -0.02216053 -0.01136124 -0.06727182 -0.02382946 -0.01236957 -0.07230502 -0.01870566 -0.01236957 -0.07349687 -0.01237583 -0.009756088 -0.06685334 -0.01743173 -0.009239792 -0.0674526 -0.01150608 -0.001215696 -0.06473278 -0.005439579 -0.00374943 -0.06474524 -0.01111996 -0.01096421 -0.07005095 -0.005735576 -0.01265591 -0.07669377 -0.006110727 -0.01265591 -0.0760315 -0.01274037 -0.009239792 -0.06811732 2.89633e-4 -0.01236957 -0.07422107 4.73842e-4 -0.01265591 -0.07678061 5.51276e-4 -0.01236957 -0.07374793 0.006897509 -0.005164861 -0.06592696 2.23286e-4 -0.001172721 -0.06472104 0.005836486 -0.009239792 -0.06674057 0.01202356 -0.009756088 -0.06818741 0.006246089 -0.01265591 -0.07657343 0.003364264 -0.001215696 -0.06212377 0.01680737 -0.00373578 -0.06405651 0.01146912 -0.01096421 -0.06722688 0.01833337 -0.005164921 -0.06319731 0.01713103 -0.009239792 -0.06095421 0.02874469 -0.009756088 -0.06383579 0.02353233 -0.01236957 -0.06904274 0.0255894 -0.01265841 -0.06548732 0.03846883 -0.009239792 -0.05478388 0.03881984 -0.005164802 -0.0562185 0.03277134 -0.001172721 -0.05238604 0.03704631 -0.01136124 -0.05690389 0.04038602 -0.001172721 -0.04491406 0.04552179 -0.003716349 -0.04915326 0.04173028 -0.009239792 -0.04697066 0.0476818 -0.009756088 -0.05144983 0.0437563 -0.01236957 -0.05564993 0.04745811 -0.01265591 -0.0599482 0.04620736 -0.01136124 -0.04878926 0.04958969 -0.005164861 -0.04545843 0.04609596 -0.001215696 -0.04045146 0.04898548 -0.001172721 -0.036094 0.05258375 -0.001155912 -0.03965294 0.05015116 -0.003736376 -0.04080814 0.04943311 -0.009239792 -0.03774785 0.05506569 -0.01136124 -0.04416596 0.05363136 -0.01265591 -0.04667067 0.05926555 -0.01265591 -0.04793643 0.05833905 -0.01215595 0.06321167 -0.03700572 -0.01215595 0.06244939 -0.03889596 0.00784403 0.05697119 -0.03340286 -0.002372562 0.05701285 -0.03342682 -0.004412531 0.0573613 -0.03362804 -0.008059501 0.05883795 -0.03448051 -0.01132994 0.06085413 -0.03795391 -0.01215595 0.01395767 -0.01087832 -0.005158722 0.05649966 -0.03543996 -0.002372145 0.0560128 -0.03515881 -0.01215595 0.06221169 0.03518277 0.00784403 0.0559712 0.03157985 -0.002372384 0.0560128 0.03160381 -0.004421591 0.0563414 0.03179359 -0.00805962 0.05783802 0.03265762 -0.01092296 0.06029212 0.03407442 -0.01215595 0.01694458 0.009047806 -0.01132309 0.0618059 0.03263902 -0.00864762 0.05921888 0.03114545 -0.00515908 0.05749982 0.03015291 -0.002372384 0.05701285 0.02987176 -0.01215595 -0.06281948 -0.03969532 -0.01215595 -0.06371772 -0.03736001 0.00784403 -0.01353561 -0.01085937 -0.008059501 -0.0574488 -0.0362125 -0.01132994 -0.0614649 -0.03622192 -0.01215595 -0.0145685 -0.009146273 -0.009867787 -0.05982828 -0.03527706 -0.00237286 -0.05662357 -0.03342688 -0.005125999 -0.05714488 -0.03372776 -0.01215595 -0.06284099 0.03623044 -0.01215595 -0.06374776 0.03383022 -0.01215595 -0.06206017 0.0353409 -0.01215595 -0.01643615 0.008992493 0.00784403 -0.01605534 0.006449699 -0.001194715 -0.05551934 0.03154361 -0.009867787 -0.05882829 0.03345406 -0.008650839 -0.05785888 0.03289437 -0.003903687 -0.05607926 0.03208577 -0.007506966 -0.05742675 0.03286308 -0.01038044 -0.05972445 0.03418803 -0.01018714 -0.0609982 0.03180974 -0.008506 -0.05923992 0.03081673 -0.01215934 -0.06299096 0.0331695 -0.009858191 -0.05992478 0.03158664 -0.01130217 -0.0615524 0.03255808 -0.004264473 -0.05760926 0.02997887 -0.006642162 -0.05783241 0.03037786 -0.001156151 -0.05728739 0.02966696 -0.002804398 -0.05667215 0.02992492 -0.001162171 0.05747568 0.02976536 -0.007437646 0.05916434 0.03065705 -0.01038032 0.06130117 0.03213107 -0.01222276 0.06428754 0.03375917 -0.008714675 0.05859911 0.03355294 -0.009610652 0.05935519 0.03370654 -0.0114575 0.06145107 0.03485399 -0.01220619 0.06306999 0.03598022 -0.007487893 0.05781459 -0.03653168 -0.01029354 0.06004422 -0.03794056 -0.009610593 0.06050509 -0.03527033 -0.01145815 0.06254661 -0.03651052 -0.01081103 0.06186252 -0.03600716 -0.01219189 0.06418192 -0.03733044 -0.001155912 0.05745911 -0.03340554 -0.008715033 0.001589417 -0.07002282 -0.007855057 0.001498162 -0.0693531 -0.01145768 0.001290261 -0.07314312 -0.01081061 0.001384735 -0.07229781 -0.003904223 0.001384496 -0.06744402 -0.01220673 0.001456379 -0.07510793 -0.007488429 -0.001093387 -0.06905543 -0.01038014 -9.92942e-4 -0.07165139 -0.001155853 -0.05707192 -0.03340506 -0.003904283 -0.05726873 -0.03358018 -0.00750631 -0.05861562 -0.03435891 -0.01037997 -0.06091195 -0.03568637 0.00784403 -0.05582606 -0.03585541 -0.0101872 -0.05948925 -0.03797841 -0.009618639 -0.05877459 -0.03754097 -0.01100772 -0.0605508 -0.03809851 -0.01215934 -0.06166309 -0.03902435 -0.004264533 -0.05620914 -0.03595894 -0.002774715 -0.0556975 -0.03577315 -0.001157522 -0.05563598 -0.03506964 -0.01266276 0.03909653 0.06434935 -0.01235282 0.03796827 0.06223356 -0.005575478 0.03378683 0.0552352 -0.002803623 0.03330868 0.05494272 -0.01171386 0.03703111 0.06186062 -0.001203894 0.0333659 0.05466079 -0.00647968 0.03393536 0.05581438 -0.007472455 0.03437626 0.0562697 -0.004558682 0.0334829 0.05573099 -0.009850084 0.03537607 0.05911612 -0.01186925 0.03824698 0.06419497 -0.01162743 0.03742265 0.06291389 -0.01025658 0.03575563 0.0600273 -0.01098936 0.0364983 0.06116628 -0.007860004 0.03439712 0.05770999 -0.009000778 0.03499293 0.05855906 -0.005788385 0.03476512 0.05692332 -0.004447579 0.03445243 0.05647563 -0.001158356 0.03322058 0.055673 0.007767379 0.03312331 0.05486744 0.008035421 0.03241842 0.05553853 -0.001155912 0.03419792 0.05593919 0.007094025 0.03323394 0.05566018 0.007850468 -0.0271818 0.05850422 0.007863044 -0.01905781 0.06148934 0.00784403 -0.009031236 0.06382691 0.007861316 -0.0067631 0.06400817 0.007839262 -0.001768648 0.06445753 0.007840394 0.004081964 0.06436824 0.007861316 0.007152438 0.06400811 0.007841408 0.009975433 0.06375348 0.007862329 0.0133565 0.06304043 0.007842183 0.01584249 0.06260281 0.007863044 0.0194472 0.06148934 0.00784403 0.02141129 0.06098324 0.007928729 -0.02837049 0.05765116 0.007869601 -0.02095985 0.06079936 0.007944464 -0.002872169 0.06402605 0.00784403 0.02761548 0.0585072 0.008210539 -0.02252417 0.05979359 0.008059859 -0.01200258 0.06286776 0.008059859 0.01236522 0.06287276 0.008215129 0.01831847 0.0613383 0.008594036 -0.03191107 0.05531424 0.00838536 -0.02011293 0.06058984 0.008590042 -0.02425658 0.05903732 0.008540034 -0.008553087 0.06321495 0.008390009 0.003244102 0.06379091 0.00849694 0.01531189 0.06196695 0.008217632 -0.01795744 0.0613321 0.008398532 -0.005863904 0.06353539 0.008398532 0.006337285 0.06352752 0.007970273 0.0331242 0.05627697 -0.01155912 -0.03645992 0.06029939 -0.01278901 -0.03848445 0.06372791 -0.01209789 -0.0370022 0.06148487 -0.01088738 -0.03583586 0.05919241 -0.004938781 -0.03351134 0.05511659 -0.004459261 -0.03318351 0.05603444 -0.001155853 -0.03290539 0.05560284 -0.002761483 -0.03313338 0.05518662 -0.007422804 -0.03387171 0.05637961 0.007943093 -0.03265941 0.0549618 0.007742702 -0.02198326 0.06062263 0.008595705 -0.02434945 0.06055986 0.007680535 -0.01657909 0.06228446 0.008569419 -0.01681274 0.06316262 0.008591234 -0.01119422 0.06426751 0.007675051 -0.01105332 0.06347173 0.008399903 -0.005516648 0.06495296 0.007671535 -0.005447685 0.06418734 0.007670223 1.98016e-4 0.06442618 0.007711648 0.005844116 0.06418621 0.008569419 1.94558e-4 0.06535273 0.00789982 0.01144123 0.06345176 0.008441686 0.01159876 0.06436002 0.008569419 0.005919098 0.06510818 0.007731139 0.01697689 0.06228971 0.008371353 0.02266472 0.06143933 -0.008468031 -0.03523784 0.05842578 -0.006691634 -0.03444474 0.05736786 -0.01143002 -0.03831052 0.06452852 -0.01124954 -0.03666144 0.06202679 -0.009584307 -0.03508454 0.05929535 -0.001155912 -0.03318136 0.05455434 0.007891237 -0.03238022 0.05612576 0.007094025 -0.03282278 0.05567765 -0.003400743 -0.04176604 0.04880487 -0.003400743 -0.06104129 0.02208542 -0.003400743 -0.05244815 -0.04112231 -0.001155912 -0.04076737 -0.05288875 -0.003400743 -0.04090571 -0.05306136 -0.003400743 1.94632e-4 -0.06749874 -0.001155912 0.03198188 -0.05904716 -0.001155912 0.05578082 -0.03642463 -0.001155912 0.06045758 0.02375119 -0.003400743 0.0565477 0.0320397 -0.001155912 0.04649472 0.04452359 -0.001155912 0.04017269 0.05003517 -0.01167231 0.07018989 -0.01739919 -0.003547132 0.06388968 -0.01598966 -0.01265591 0.06554901 -0.04251325 -0.01167213 0.0640394 -0.0344448 -0.003547132 0.05829399 -0.03150123 -0.00351113 0.05567336 -0.03635585 -0.01167231 0.05381345 -0.04940509 -0.01265591 0.03756791 -0.06911134 -0.01167213 0.04016357 -0.06132405 -0.003547132 0.03656864 -0.05596208 -0.01265591 0.02571719 -0.07443565 -0.01167231 0.02396225 -0.06944179 -0.003547132 0.02182596 -0.06334966 -0.00351113 0.01658189 -0.0650627 -0.01265591 1.94632e-4 -0.07878792 -0.01167225 0.006243228 -0.07323908 -0.003547132 0.005702137 -0.06680607 -0.01167225 -0.0118618 -0.07247394 -0.01265591 -0.05379813 0.05313497 -0.01265591 -0.04897379 0.05749362 -0.01167225 -0.05008649 0.0493611 -0.003547132 -0.04556274 0.04475539 -0.001167297 0.03754985 0.0518949 -0.003780603 0.03290951 0.05490857 -0.006428897 0.03831195 0.05298745 -0.011366 0.04084122 0.05662018 -0.01167219 0.03605377 0.06033086 -0.01265591 0.0441882 0.06142979 -0.003444254 0.03749561 0.05181634 -0.006428897 0.04279553 0.04957705 -0.01136612 0.0456224 0.05298364 -0.01265591 0.04936301 0.05749362 -0.006429255 0.04697567 0.04580074 -0.001174151 0.04190212 0.04850172 -0.001167297 0.04981052 0.04081833 -0.003561854 0.04600787 0.04482662 -0.006429374 0.05082231 0.04168516 -0.01167219 0.05047667 0.04936003 -0.01265591 0.05862689 0.04838496 -0.01265591 0.05418741 0.05313497 -0.003444373 0.04973834 0.04075586 -0.01136612 0.05789822 0.03984886 -0.01167231 0.05461114 0.04493659 -0.01265591 0.0626499 0.04327732 -0.006756961 0.05444937 0.0373612 -0.006429731 0.05740815 0.03255617 -0.001167297 0.05626487 0.03187167 -0.001167297 0.05890345 0.02702218 -0.006428956 0.06009995 0.02760767 -0.01265591 0.06622773 0.03784859 -0.003444492 0.05881798 0.02697974 -0.01167231 0.064583 0.02980566 -0.01265591 0.0719493 0.02618449 -0.01265591 0.06933492 0.03213739 -0.01265591 0.07405221 0.02003222 -0.01167225 0.06701749 0.02426183 -0.006756663 0.06252753 0.02251261 -0.006429731 0.06418758 0.01711946 -0.001167297 0.06290924 0.0167433 -0.001167237 0.06424802 0.01138728 -0.003470003 0.06282919 0.01672255 -0.006429493 0.0655533 0.01165419 -0.01136612 0.06988924 0.01254451 -0.01167225 0.06897574 0.01853245 -0.003444671 0.06415462 0.01136755 -0.01265591 0.07562857 0.01372456 -0.01265591 0.07666742 0.007306337 -0.01167225 0.07141119 0.006681263 -0.006756842 0.06662613 0.00611335 -0.006429314 0.06688112 4.76225e-4 -0.001167297 0.06550306 -0.00508809 -0.003457903 0.06546115 4.31494e-4 -0.006429374 0.06683355 -0.005156874 -0.01167225 0.0718708 6.43936e-4 -0.01167225 0.0718196 -0.005410611 -0.01167231 0.07125806 -0.01143938 -0.006756663 0.06648319 -0.01078975 -0.006429314 0.06531715 -0.01631081 -0.003444969 0.06249725 -0.02132415 -0.01167219 0.06862241 -0.02324759 -0.01265591 0.0714668 -0.03094744 -0.01265591 0.07367318 -0.02483159 -0.01265591 0.06875222 -0.03685534 -0.01167219 0.06656748 -0.02894306 -0.00675702 0.06210839 -0.02711755 -0.006429612 0.05959558 -0.03217005 -0.001167297 0.05840992 -0.03156208 -0.01167225 0.06105661 -0.03971397 -0.01265591 0.06187999 -0.04788076 -0.01265591 0.05777132 -0.05291974 -0.01167231 0.05763989 -0.0447126 -0.006756782 0.05378019 -0.04182732 -0.006428122 0.05008077 -0.04608839 -0.001174151 0.05252176 -0.04088491 -0.001167237 0.04908603 -0.04520308 -0.001155912 0.04532188 -0.04925143 -0.003400743 0.04933089 -0.04542261 -0.001167297 0.04109042 -0.05280375 -0.003445267 0.04518264 -0.04910385 -0.01167231 0.04960489 -0.05375814 -0.01265591 0.05325222 -0.05759406 -0.01265591 0.04311442 -0.06571882 -0.01167231 0.04504412 -0.05774062 -0.006756782 0.04203099 -0.05398029 -0.006429791 0.03738212 -0.05717861 -0.001167297 0.03664046 -0.05607151 -0.001167297 0.026995 -0.06142544 -0.003445446 0.03188407 -0.05886942 -0.01167225 0.03499835 -0.0644834 -0.01167225 0.02958506 -0.06719571 -0.006756961 0.02761077 -0.06280028 -0.006429433 0.02230846 -0.06473106 -0.001167297 0.0218681 -0.06347364 -0.001155912 0.01661229 -0.06518656 -0.01167231 0.01816993 -0.07120555 -0.01265591 0.01949739 -0.07632952 -0.01265591 0.01314008 -0.07769203 -0.01265591 0.006690502 -0.07851344 -0.01167219 0.01224952 -0.07247412 -0.006757199 0.01144003 -0.06772434 -0.006428778 0.005823016 -0.068264 -0.001174151 0.01117724 -0.06617391 -0.001167297 0.005711972 -0.06693655 -0.001155912 1.94632e-4 -0.06727743 -0.01167225 1.93893e-4 -0.07349467 -0.01265591 -0.006301224 -0.07851344 -0.01265591 -0.01275086 -0.07769203 -0.01167225 -0.0058555 -0.07323896 -0.006757855 -0.005448639 -0.06843823 -0.006429553 -0.01102167 -0.06755274 -0.001167297 -0.01079642 -0.06623947 -0.003400743 -0.01627856 -0.06540077 -0.003400743 -0.01085317 -0.06656342 -0.01167225 -0.01778215 -0.07120501 -0.01265591 -0.02532798 -0.07443565 -0.01167231 -0.02357447 -0.06944143 -0.006756544 -0.02197694 -0.06489497 -0.006429493 -0.02715033 -0.06264156 -0.001174151 -0.02145445 -0.06341224 -0.001167297 -0.0266031 -0.06142669 -0.003444135 -0.02656406 -0.06133955 -0.01167225 -0.02919715 -0.06719505 -0.01265591 -0.03717869 -0.06911134 -0.01265591 -0.03136581 -0.07202386 -0.01167225 -0.03461045 -0.06448274 -0.006756782 -0.03227156 -0.06026983 -0.001174151 -0.03150719 -0.05889588 -0.001177728 -0.03627663 -0.05596661 -0.006429374 -0.04153311 -0.05384451 -0.006757378 -0.03708994 -0.05732309 -0.01167237 -0.03977584 -0.06132358 -0.01265591 -0.0479657 -0.06187063 -0.01265591 -0.04272514 -0.06571882 -0.01167213 -0.04465585 -0.05773943 -0.01265591 -0.052863 -0.05759406 -0.01167219 -0.0492165 -0.05375689 -0.006756842 -0.04589647 -0.05026495 -0.00642997 -0.04969203 -0.04608923 -0.001174151 -0.04481208 -0.04912638 -0.001167297 -0.04869484 -0.04520529 -0.001167297 -0.05218374 -0.04092663 -0.003830552 -0.04874706 -0.04526531 -0.006429314 -0.05325168 -0.04172313 -0.01167219 -0.05342495 -0.04940372 -0.01265591 -0.06149083 -0.04788076 -0.01265591 -0.0573821 -0.05291974 -0.01167219 -0.05725121 -0.04471123 -0.01265591 -0.06515985 -0.04251325 -0.01167225 -0.06066805 -0.03971266 -0.006429195 -0.059206 -0.03217023 -0.001174151 -0.05524343 -0.03633379 -0.001167297 -0.05801939 -0.03156465 -0.003574371 -0.05798524 -0.03155404 -0.006429255 -0.061558 -0.0270515 -0.01167231 -0.0636512 -0.03444367 -0.01265591 -0.06836301 -0.03685534 -0.003444373 -0.06023633 -0.02651154 -0.01167225 -0.06617897 -0.02894175 -0.01265591 -0.07107752 -0.03094744 -0.01265591 -0.07328402 -0.02483159 -0.01167225 -0.06823372 -0.02324622 -0.006756782 -0.063636 -0.02180415 -0.006429493 -0.06492793 -0.01631116 -0.001167297 -0.06460142 -0.01058804 -0.001155912 -0.06386208 -0.0153225 -0.00350058 -0.06355941 -0.01601123 -0.006429255 -0.06592166 -0.0107662 -0.01167225 -0.06980085 -0.01739776 -0.01265591 -0.07496678 -0.0185514 -0.01167225 -0.07086896 -0.01143789 -0.01167225 -0.0714305 -0.005409181 -0.006756782 -0.06661802 -0.005165576 -0.006429255 -0.06649184 4.75882e-4 -0.001167297 -0.06516039 4.29603e-4 -0.00347203 -0.06507879 4.24004e-4 -0.006429314 -0.06606411 0.006092905 -0.01167225 -0.07148158 6.45413e-4 -0.001167297 -0.06385934 0.01138442 -0.006429314 -0.06516408 0.01165384 -0.01167225 -0.07102179 0.006682693 -0.01265591 -0.07523941 0.01372456 -0.01265591 -0.07366293 0.02003222 -0.01167225 -0.07005435 0.01265972 -0.006429374 -0.06379824 0.0171191 -0.001167297 -0.06073534 0.02196466 -0.001155912 -0.0622552 0.01785069 -0.003458917 -0.06243717 0.01671367 -0.006429314 -0.06197619 0.02244961 -0.01167225 -0.06858617 0.01853388 -0.001167297 -0.05851548 0.02701956 -0.01167225 -0.0666278 0.0242632 -0.01265591 -0.07156002 0.02618449 -0.01167225 -0.06419301 0.02980697 -0.01136612 -0.06081408 0.03483408 -0.006756782 -0.05986702 0.02768445 -0.003444969 -0.05276155 0.03642368 -0.01167225 -0.05796736 0.0401811 -0.01265591 -0.06226068 0.04327732 -0.01265591 -0.05823767 0.04838496 -0.01167225 -0.05422085 0.04493761 -0.006756722 -0.05056494 0.04179853 -0.006429374 -0.04658675 0.0458005 -0.001174151 -0.04937303 0.04077321 -0.001155912 -0.04162478 0.04863464 -0.001155912 -0.03811246 0.05130624 -0.006429314 -0.03792309 0.05298745 -0.01167225 -0.04559361 0.05342012 -0.01265591 -0.04379898 0.06142979 -0.01167225 -0.04077452 0.05708569 -0.001174151 -0.03712522 0.05183917 0.02784401 0.03324723 0.05477136 0.007843971 0.02254056 0.05992138 0.02784401 0.02116227 0.06040453 0.02784401 0.004703938 0.06368947 0.00784403 -0.01445072 0.06241559 0.02784401 -0.01204955 0.0626921 0.02784371 -0.02748918 0.05769062 -0.001156151 0.05205583 0.03823751 0.02784401 0.05205249 0.038235 0.02784401 0.0567435 0.03127509 0.02784401 0.06501418 0.007638573 -0.001156091 0.06501239 0.007638156 0.02784401 0.06568622 -7.27683e-4 0.02784401 0.0652827 -0.009111166 -0.001156032 0.0652787 -0.009110867 -0.001155972 0.06137979 -0.02541202 0.02784401 0.06381052 -0.01737421 0.02784401 0.06129378 -0.0253812 0.02784401 0.0533083 -0.04010736 0.02784401 0.05777382 -0.03300064 -0.001155972 0.05330306 -0.04010385 0.02784401 0.04797083 -0.04658472 0.02784401 0.04184871 -0.05232632 0.02784401 0.02766448 -0.06123882 0.02784401 0.0350427 -0.05723792 0.02784401 0.0116834 -0.06626206 0.02784401 0.01983523 -0.06426346 0.02784401 0.003342986 -0.06720173 -0.001155912 -0.00504899 -0.06706386 0.02784401 -0.005049049 -0.06706726 0.02784466 -0.01340043 -0.06606519 -0.00115633 -0.02917546 -0.06034457 0.02784401 -0.02916693 -0.06032782 0.02784401 -0.04899317 -0.04503035 0.02784401 -0.03641313 -0.05609244 0.02784347 -0.04618674 -0.04815703 -0.001156032 -0.05416673 -0.03841722 0.02784401 -0.05412036 -0.03838521 0.02784401 -0.05835574 -0.03113901 0.02784401 -0.06162971 -0.02341073 -0.001156151 -0.06163412 -0.02341222 -0.001156032 -0.06516385 -0.007027804 0.02784401 -0.06388854 -0.01532721 0.02784401 -0.06509512 -0.007021188 0.02784401 -0.06522965 0.001370847 -0.001156091 -0.06428825 0.009711086 0.02784401 -0.06428992 0.009711265 0.02784401 -0.05926674 0.02569234 0.02784401 -0.06229132 0.01786303 -0.001156032 -0.05926322 0.02569085 0.02784401 -0.05035418 0.03987658 0.02784401 -0.05526578 0.03307056 -0.001156032 -0.05034995 0.0398733 0.02784401 -0.04461258 0.04599863 0.02784401 -0.03813523 0.05133622 0.02784401 0.0465101 0.04453796 -0.003365695 2.81827e-4 -0.007164239 -0.003365695 0.005528807 -0.001767158 -0.003365695 -0.002765059 -0.006188333 -0.003365695 -0.003732323 -0.005463719 -0.003365695 0.003154158 0.002633392 -0.003365695 0.004121482 0.001908659 -0.001626908 0.004588305 0.001414537 -0.001625478 0.005437433 -6.47664e-4 -0.001625478 -3.50967e-4 -0.00711292 -0.001626908 -0.004199087 -0.004969477 -0.003365695 0.005629539 -0.002894818 -0.001624703 0.002966165 -0.006555557 -0.003365695 -0.004832923 -0.003644943 -0.001625418 -0.005091786 -0.002919375 -0.003365695 -0.005240321 -6.60209e-4 -0.001625061 -0.005212068 -6.38111e-4 -0.001625478 0.0133633 7.01509e-4 -0.001625478 0.005088031 4.17694e-4 -0.001625478 0.01292699 0.002399146 -0.001625478 -0.003382861 -0.005773246 -0.001625478 0.00377202 0.002218186 -0.001625478 0.01035952 0.006953716 -0.001625478 -0.004153132 0.001362681 -0.001625478 -0.002583205 0.002892911 -0.001625478 -0.01244926 0.002659916 -0.001625478 -0.004711031 3.9012e-4 -0.001625478 -0.009788691 0.007160782 -0.001625478 -0.009397923 -0.01117467 -0.001625478 -0.004742205 -0.004048645 -0.001625478 -0.002554416 -0.01489245 -0.001625478 -0.001448333 -0.006882846 -0.001625478 -0.005071401 -0.01413035 -0.001625478 -0.00247395 -0.006429672 -0.001625478 7.70234e-4 -0.007109701 -0.001625478 5.6524e-5 -0.01520526 -0.001625478 0.001866281 -0.006873548 -0.001625478 0.002673625 -0.01494616 -0.001625478 0.005443692 -0.002877771 -0.001625478 0.01283848 -0.006214916 -0.001625478 0.01215112 -0.007827341 -0.001625478 0.001837491 0.003327846 -0.001625478 0.005460679 0.01057529 -0.001625478 0.002863109 0.002874672 -0.001625478 -0.001477062 0.003318488 -0.001625478 -3.80971e-4 0.003554701 -0.001625478 3.32503e-4 0.01165026 -0.001625478 7.4023e-4 0.00355786 -0.001625478 0.002943694 0.01133745 -0.001625478 -0.005168557 -0.001792609 -0.001625478 0.01125919 -0.009336233 -0.001625478 0.00454241 -0.004917681 -0.001625478 0.009591817 -0.01137 -0.001625478 0.003794491 -0.00575304 -0.001625478 0.01357418 -0.001038491 -0.001625478 0.005557775 -0.00176239 -0.001625478 0.01348954 -0.00366652 -0.001625478 -0.008536636 0.008387386 -0.001625478 -0.003982067 0.01095491 -0.001625478 -0.002284348 0.01139116 -0.001625478 -0.01102298 -0.009107232 -0.001625478 -0.01226389 -0.006788492 -0.001625478 -0.01313632 -0.003393232 -0.001625478 -0.01316696 -7.63744e-4 0.007624506 0.005270957 0.01077407 -0.001625478 -0.007031142 0.009773075 0.007624506 -0.01120501 0.005684077 -0.001625478 -0.0117253 0.004502415 0.007624506 -0.0132547 -9.79515e-4 0.007624506 -0.01196712 -0.007919132 -0.001625478 -0.00771147 -0.01287353 -0.001625478 0.005828261 -0.01401609 0.007624506 0.008661925 -0.01258373 -0.001625478 0.01069325 -0.0103268 -0.001625478 0.01228868 0.004718899 -0.001625478 0.007753312 0.009287059 0.007624506 -0.007364153 -0.01284205 0.007624506 -0.004242837 -0.0144214 0.009119808 -0.004971146 -0.01244974 0.007624506 -0.005855262 -0.01373404 0.007624506 -0.002554416 -0.01489245 0.009118795 -0.00343436 -0.01306402 0.009116768 -1.81663e-4 -0.0136277 0.007624506 -8.19169e-4 -0.0151391 0.007624506 0.002673625 -0.01494616 0.007624506 9.33528e-4 -0.0151571 0.007624506 0.004371285 -0.01450991 0.007624506 0.005997419 -0.01385581 0.007624506 0.007524311 -0.01299506 0.007624506 0.01017791 -0.01071578 0.009118318 0.007528007 -0.01109671 0.009119033 0.008751273 -0.009986162 0.007624506 0.01125919 -0.009336233 0.009119749 0.009809136 -0.008716821 0.009121775 0.0118041 -0.004211008 0.007620215 0.01312446 -0.005387723 0.009114086 0.01072293 -0.007310032 0.007624506 0.01215112 -0.007827341 0.009120762 0.0120269 -0.002570331 0.007624506 0.01355618 -0.002791225 0.007624506 0.01357418 -0.001038491 0.007624506 0.01292699 0.002399146 0.007624506 0.0133633 7.01509e-4 0.009121775 0.01177442 7.1729e-4 0.007624506 0.01227289 0.00402534 0.007624506 0.0114122 0.005552232 0.009114682 0.008700013 0.006488502 0.007624506 0.01035952 0.006953716 0.007624506 0.007753312 0.009287059 0.007624506 0.009132921 0.008205771 0.009116888 0.007461488 0.007599771 0.007624506 0.006244421 0.01017904 0.009117603 0.006086826 0.008515954 0.007624506 0.002943694 0.01133745 0.009118318 0.004598557 0.009232997 0.009119033 0.003025233 0.009737133 0.007624506 -5.44369e-4 0.0116021 0.007624506 0.001208305 0.01158404 0.009119749 0.001396954 0.01001858 0.007624506 -0.00560826 0.01030081 0.007620275 -0.003144204 0.0112251 0.009114086 -2.78261e-4 0.0101065 0.009120762 -0.005034923 0.008865952 0.009121775 -0.003502666 0.00949335 0.009119808 -0.006465017 0.008032262 0.007624506 -0.007135152 0.009440064 0.007624506 -0.008536636 0.008387386 0.009117782 -0.008910953 0.005814552 0.007624506 -0.009788691 0.007160782 0.009121775 -0.007755815 0.007003545 0.009116768 -0.009879827 0.004473388 0.009115755 -0.01065331 0.003010928 0.007624506 -0.0117619 0.004272341 0.007624506 -0.01292032 9.71615e-4 0.007624506 -0.01244926 0.002659916 0.009116172 -0.01122659 0.001445174 0.009116888 -0.01155984 -1.72832e-4 0.007624506 -0.01318496 -0.002516448 0.009117603 -0.01166594 -0.001821339 0.007624506 -0.01253783 -0.005954146 0.007624506 -0.01297402 -0.004256486 0.009118318 -0.01154273 -0.003468811 0.009119033 -0.01119267 -0.005083441 0.009121119 -0.006410181 -0.01162737 0.007620215 -0.009396672 -0.01117014 0.007624506 -0.01102298 -0.009107232 0.01025164 -0.003237426 -0.006896734 0.01025164 -0.001693427 -0.007644474 0.009121775 -0.002238929 -0.01338696 0.009121775 8.48733e-4 -0.01362127 0.009121775 0.002389013 -0.01343452 0.009121775 0.003891825 -0.01304841 0.009121775 0.005331277 -0.01246935 0.009121775 0.006682991 -0.01170742 0.01025164 0.006226778 -0.003041923 0.009121775 0.0113871 -0.005705535 0.009121775 0.01203829 -0.001123368 0.01025164 0.006341576 -0.001330256 0.01025164 0.005980193 3.4675e-4 0.009121775 0.01146548 0.001919686 0.009121775 0.01088649 0.003359198 0.009121775 0.0101245 0.004710853 0.01025164 0.003261208 0.003568649 0.01025164 8.21628e-4 0.004353761 0.01025164 -8.92669e-4 0.00428909 0.009121775 -0.001999855 0.009879529 0.01025164 -0.003266155 0.003322362 0.01025164 -0.00453782 0.00217086 0.01025164 -0.005734622 -9.536e-5 0.01025164 -0.00596863 -0.001794815 0.01025164 -0.005428731 -0.004300177 0.009121775 -0.01049727 -0.006914258 0.009121775 -0.009735286 -0.008265852 0.009117364 -0.00841242 -0.009991288 0.01025164 0.002570033 -9.98273e-4 0.01025164 0.004616022 0.002516269 0.01025164 0.002425312 -0.002906203 0.01025164 -0.004535675 -0.005788087 0.01025164 7.07529e-4 6.69315e-4 0.01025164 -0.002252161 -0.001264572 0.01025164 -0.001667916 -1.09918e-4 0.01025164 -5.84669e-4 5.97954e-4 0.01025164 -3.1665e-6 -0.00793761 0.01025164 3.59155e-4 -0.0043208 0.01025164 0.00400269 -0.006623506 -0.003365695 0.003454387 -0.005901813 -0.004670023 0.006266891 -0.004869699 -0.003360152 0.005094707 -0.003821909 -0.003360152 0.002238988 0.003122568 -0.003365695 -0.002331316 0.002832889 -0.003365695 -0.003722071 0.00172913 -0.003360092 -0.004705488 2.66943e-4 -0.004674255 0.00222665 -0.008319199 -0.004667699 -5.50841e-4 -0.008554935 -0.003365695 0.005141913 3.20375e-7 -0.004674196 0.006736338 2.54504e-4 -0.004674315 -0.00634706 -0.003809452 -0.003370523 -0.005068242 -0.002068877 -0.004667699 -0.006582856 -0.001031994 -0.003382921 -0.001090347 -0.006960809 -0.007655918 0.004487216 -0.00897634 -0.004655957 0.00359708 -0.008179426 -0.003382921 0.002042531 -0.006787836 -0.004655957 0.007822394 -0.005251228 -0.004655957 0.007393419 0.002515077 -0.004655957 0.006596505 0.001625001 -0.007655918 -0.004097938 0.00542134 -0.004655957 -0.002853453 0.004307031 -0.007655918 -0.007433116 0.001696169 -0.003373682 8.77805e-4 -0.006191134 -0.004666745 -0.001233696 -0.007625102 -0.004655957 -0.002858638 -0.00694251 -0.004666745 -0.004241943 -0.005845844 -0.003394186 -0.004148185 -0.002895176 -0.004655957 -0.005796253 -0.002108335 -0.003365695 -0.004212856 -0.001151084 -0.004666745 -0.005652904 -3.48837e-4 -0.003394246 -0.00366646 5.03098e-4 -0.004666745 -0.004661262 0.001779973 -0.004655957 -0.003408849 0.003019869 -0.004666745 -0.00186634 0.003878235 -0.004666745 4.5479e-4 0.0042364 -0.004666745 0.00273633 0.003679096 -0.003373742 0.004010796 5.42798e-4 -0.004666745 0.005339503 0.001347362 -0.003373742 0.004608213 -0.001094162 -0.004666686 0.006143689 -8.59052e-4 -0.004655957 0.006134927 -0.00262171 -0.003373682 0.003798723 -0.004415154 -0.004686176 0.0038414 -0.006602227 -0.004655957 0.008632123 -0.006647646 -0.004655957 0.004916131 -0.007347226 -0.004655957 0.006572067 -0.005924463 -0.004655957 0.007522284 -0.009206593 -0.004655957 0.00622642 -0.008345007 -0.004655957 0.005026102 -0.009344458 -0.004655957 0.007263004 -0.007737219 -0.004655957 0.006952881 0.00626409 -0.004655957 0.005064427 0.006659984 -0.004655957 0.006762146 0.004254341 -0.004655957 0.008008241 0.004648804 -0.004655957 0.00529772 0.00542128 -0.004655957 0.004242718 0.005367457 -0.004655957 -0.008002161 0.004776477 -0.004655957 -0.007133066 0.005651593 -0.004655957 -0.008279144 0.00374943 -0.004655957 -0.005837261 0.004790008 -0.004655957 -0.004115521 0.005436837 -0.004655957 -0.006837368 0.004292547 -0.004655957 -0.005574882 0.006072342 -0.004655957 -0.004629492 0.004104614 -0.004655957 -0.006286919 0.002384424 -0.004655957 -0.002501964 -0.008579969 -0.004655957 5.95862e-4 -0.009043335 -0.004655957 0.001052439 0.005448639 -0.004655957 -0.006809234 -0.009600222 -0.004655957 -0.00500375 -0.01023387 -0.004655957 -0.003294825 -0.009422659 -0.004655957 -0.006372869 -0.00780934 -0.004655957 -0.007372319 -0.006608963 -0.004655957 -0.00576502 -0.008845925 -0.004655957 -0.005374789 -0.006499052 -0.004655957 -0.00446403 -0.008808851 -0.004655957 -0.003950536 -0.007246673 -0.004655957 -0.006646931 9.29982e-4 -0.007656157 -0.007056891 -2.59898e-4 -0.007655978 -0.007096111 -0.005992293 -0.007655918 -0.003774166 -0.009830534 -0.004655957 0.006059944 -0.009712874 -0.004655957 0.008576571 -0.008218884 -0.007688462 0.006942272 -0.003024518 -0.004655957 0.00749427 -0.002012431 -0.007655978 0.007587373 0.002355635 -0.007655918 0.001669228 0.005320906 -0.004656136 0.002948164 0.005225658 -0.004655957 -0.002064645 0.005167722 -0.007655918 -0.001768648 0.005181431 -0.007655918 -0.00580734 0.006220161 -0.004655957 -0.007434129 0.001695096 -0.004655957 5.25534e-4 -0.007768332 -0.007655918 -0.005722939 -0.003141939 -0.007655918 -0.005295515 9.69222e-4 -0.007655978 -0.002419471 0.00367242 -0.004655957 0.001481294 0.004225015 -0.007655918 0.002941191 0.003712654 -0.007655978 0.005644559 8.366e-4 -0.007655918 0.006146192 -9.71243e-4 -0.004655957 -0.007071137 -0.002178966 -0.004655957 -0.006269574 -0.005206763 -0.007655918 0.002792894 -0.007185697 -0.007655918 0.003798007 -0.006574869 -0.007655918 0.00359708 -0.008179426 -0.007655918 -0.005213558 -0.004375755 -0.007655918 -0.002349853 -0.007242679 -0.007655918 -0.001011788 -0.008924663 -0.007655918 -0.00669825 -0.004024863 -0.007655918 -0.006124556 0.001845955 -0.007655918 -0.006207346 -0.005180001 -0.007655918 -0.005905926 -0.006147205 -0.007655918 -0.007413864 -0.008829355 -0.007655918 -0.002482235 -0.008515238 -0.007655918 -0.003207921 0.004624426 -0.007655918 -0.007222592 0.004554092 -0.007655918 -0.008242845 0.003092348 -0.007655918 -0.007071137 -0.002178966 -0.007655918 -0.005796253 -0.002108335 -0.007655918 -0.005661904 -3.48113e-4 -0.007655918 -0.006676673 7.01237e-4 -0.007655918 0.006596505 0.001625001 -0.007655918 0.004862546 0.002075374 -0.007655918 -1.36271e-4 0.004213333 -0.007655918 0.001623749 0.004079043 -0.007655918 0.002871394 0.004960179 -0.007655918 0.008044481 0.00399214 -0.007655918 0.007198512 0.006045222 -0.007655918 0.005064427 0.006659984 -0.007655918 0.006932318 -0.004454314 -0.007655918 0.00535959 -0.004830718 -0.007655918 0.001687884 -0.007588684 -0.007655918 4.84796e-5 -0.007775008 -0.007655918 5.95856e-4 -0.009043335 -0.007655918 0.007371783 -7.52591e-4 -0.007655918 0.00596404 -0.009627342 -0.007655918 0.007797122 -0.00902611 -0.007655918 0.008156538 -0.005599081 -0.003365695 0.003163993 0.001539111 -0.003365695 1.94632e-4 -0.00177747 -0.003365695 -5.08726e-5 0.002667427 -0.003365695 0.001254975 0.002567827 -0.003365695 -0.001337766 0.002424597 -0.003365695 -0.002478957 0.00178194 -0.003365695 -0.003627777 -0.004100322 -0.003365695 -0.001693189 -0.005832433 -0.003365695 -0.002774834 -0.00509411 -0.003365695 0.002122402 -0.005790114 -0.003365695 -4.31769e-4 -0.006184935 -0.003365695 0.004539906 -0.002837777 0.02205163 0.002680003 -0.002544939 0.01025164 -0.001496911 -0.003661274 0.02255165 -0.001119434 -2.47776e-4 0.02255165 1.94632e-4 -0.00177747 0.02203941 -0.002270877 -0.002240359 0.02200818 -0.002045214 -6.41585e-4 0.02200818 -5.86138e-4 6.09526e-4 0.02203941 0.00102657 5.89126e-4 0.02251672 0.001533567 -2.79725e-4 0.02251684 0.002200543 -0.001665174 0.02254182 0.001852273 -0.002908647 0.02200818 0.001566469 -0.003881156 0.02203935 3.50775e-6 -0.004278779 0.02199053 -0.001429259 -0.00366187 -0.007732331 0.004440724 -0.007434368 -0.007732272 0.005020081 -0.005789637 -0.007732272 0.006734132 -0.005469024 -0.007686316 0.007825672 -0.00656706 -0.007686376 -0.005046188 -0.009493112 -0.007664561 -0.006892621 -0.007604122 -0.007732272 -0.004562318 -0.006092846 -0.007732272 -0.0051862 0.005203545 -0.007686316 -0.00409466 0.004105448 -0.007686436 -0.004197537 0.002763807 -0.007664501 0.005854785 0.002456784 -0.007664442 0.003947734 0.003422796 -0.007686376 0.003810524 0.004544615 -0.007210433 0.005623698 0.005424797 -0.007664501 0.006980419 0.003191411 -0.004656136 0.005012869 -0.00615549 -0.007155895 -0.005357623 0.002266049 -0.004655957 -0.004629254 0.003001689 -0.007155954 0.004966497 0.003067314 -0.004655957 0.004645764 0.00317347 -0.004655957 0.006138265 0.003032624 -0.01565593 -0.007929742 0.004810214 -0.01565593 -0.007272124 0.00560981 -0.01565593 -0.00829637 0.003620386 -0.01565593 -0.007718801 0.001948297 -0.01565593 -0.005179882 0.006005823 -0.01565593 -0.00618714 0.001062572 -0.01565593 -0.003590524 0.002293527 -0.01565593 -0.004941463 0.001181244 -0.01565593 -0.003728151 0.005007505 -0.01565593 -0.003217995 0.003678202 -0.01265591 -0.005290448 0.001672208 -0.01265591 -0.005833685 7.74895e-4 -0.01265591 -0.006909787 0.002020418 -0.01265591 -0.007914125 0.001787245 -0.01265591 -0.002981662 0.003490805 -0.01265591 -0.004011929 0.001431465 -0.01265591 -0.004620969 0.005096852 -0.01265591 -0.003616988 0.005330324 -0.01265591 -0.007537245 0.005707204 -0.01265591 -0.008511424 0.004022538 -0.002905905 -0.006451964 0.004892468 -0.002905905 -0.007182717 0.004050314 -0.002905905 -0.004466056 0.004307866 -0.002905905 -0.005341947 0.00499773 -0.002655923 -0.004737079 0.002785384 -0.002655923 -0.005765557 0.003558754 -0.01265597 -0.005104005 0.006301343 -0.01565206 -0.006238758 0.006026864 -0.002924561 -0.005623519 0.002050697 -0.002924501 -0.007078349 0.002802968 -0.01569664 -0.006615221 0.002367317 -0.0156967 -0.007222175 0.003698647 -0.01566231 -0.004725456 0.004575073 -0.01569694 -0.004309058 0.003418684 -0.01569676 -0.005158543 0.002227306 -0.01441538 -0.006960272 0.004193842 -0.01363426 -0.005765557 0.003558754 -0.01446759 -0.00590372 0.002121984 -0.01446759 -0.007078945 0.002960085 -0.0155487 -0.006488859 0.004602789 -0.01436913 -0.005281448 0.004748821 -0.01437008 -0.004497528 0.003686606 -0.0143814 -0.004942357 0.002560257 -0.01291215 -0.005628705 0.005385279 -0.01265883 -0.00742644 0.004430115 -0.01283228 -0.007591366 0.003238976 -0.0128324 -0.004315555 0.002404272 -0.01565593 -0.006999731 -0.009435296 -0.01565593 -0.006597995 -0.007693588 -0.01565593 -0.002658545 -0.008027911 -0.01565593 -0.00485146 -0.005254566 -0.01565593 -0.003296256 -0.006051182 -0.01565593 -0.007628679 -0.00726509 -0.01565593 -0.00508213 -0.006295502 -0.01265591 -0.003057718 -0.005867779 -0.01265591 -0.00335592 -0.007039904 -0.01265591 -0.002687811 -0.00899434 -0.01265591 -0.004819691 -0.00498861 -0.01265591 -0.006625533 -0.008924305 -0.01265591 -0.007628798 -0.00895369 -0.01265591 -0.007889151 -0.007403552 -0.01265591 -0.00694096 -0.007075726 -0.01265591 -0.007014751 -0.005699872 -0.01265591 -0.006411135 -0.01021617 -0.01265591 -0.005452632 -0.009637713 -0.002905905 -0.006456255 -0.008460044 -0.002905905 -0.004482626 -0.009085178 -0.0122559 -0.003749668 -0.008349061 -0.002905905 -0.003734827 -0.008258163 -0.002905905 -0.006492614 -0.0070858 -0.002655923 -0.005141615 -0.007737696 -0.002655923 -0.005581557 -0.006567656 -0.01540595 -0.002315998 -0.00711292 -0.01265591 -0.004802525 -0.01054733 -0.01540595 -0.007845461 -0.008605062 -0.01565206 -0.006554901 -0.005659699 -0.01538282 -0.007521986 -0.006296813 -0.01564615 -0.005961179 -0.01012271 -0.01565206 -0.004719138 -0.01021492 -0.01565206 -0.003728389 -0.009815633 -0.01565206 -0.002992928 -0.009040892 -0.002924501 -0.003975629 -0.00677073 -0.002689003 -0.005521476 -0.008939981 -0.01558697 -0.005453884 -0.009165644 -0.01558738 -0.006222188 -0.006752848 -0.01441538 -0.004265129 -0.008768379 -0.01363426 -0.005141615 -0.007737696 -0.01565593 -0.003767967 -0.007294535 -0.01565593 -0.004071056 -0.008705735 -0.01436215 -0.003884971 -0.007839262 -0.01446759 -0.005444765 -0.009148895 -0.01437306 -0.006286025 -0.008388161 -0.01441395 -0.006236195 -0.006880998 -0.0143606 -0.005290567 -0.006472289 -0.01283228 -0.004123866 -0.00928682 -0.01227599 -0.005257308 -0.006099641 -0.01565593 0.004930198 0.001755893 -0.01565593 0.006470978 0.00308746 -0.01565593 0.006342947 0.001800417 -0.01565593 0.007971823 0.003571629 -0.01565593 0.003976404 0.002224743 -0.01565593 0.003017485 0.004065215 -0.01565593 0.006642162 0.005125463 -0.01565593 0.003554642 0.005740165 -0.01565593 0.005242109 0.006697714 -0.01265591 0.007436215 0.00406754 -0.01265591 0.005063652 0.006042063 -0.01265591 0.0062083 0.006866216 -0.01265591 0.0077883 0.005784153 -0.01265591 0.003228068 0.002590119 -0.01265591 0.00409013 0.005447566 -0.01265591 0.004870176 0.001513242 -0.01265591 0.007115662 0.001913547 -0.002905905 0.006518423 0.005311727 -0.002905905 0.004450082 0.005222797 -0.002905905 0.004030883 0.00418961 -0.002655923 0.005530893 0.004182696 -0.01265591 0.00386542 0.006439447 -0.01540595 0.007321715 0.006341218 -0.01265597 0.002712488 0.004055917 -0.01564729 0.007906317 0.004985451 -0.0156461 0.00631082 0.006580889 -0.0153951 0.004097163 0.006557464 -0.01565206 0.003291606 0.003041982 -0.01540166 0.007429957 0.00217396 -0.002924501 0.007016718 0.00388807 -0.002945601 0.005738139 0.002683877 -0.002913236 0.004648506 0.002956569 -0.01558697 0.005041301 0.002805352 -0.01564121 0.004077017 0.003870189 -0.01569682 0.005260646 0.005620777 -0.01363426 0.005530893 0.004182696 -0.01436913 0.006808578 0.004048407 -0.01446759 0.005052506 0.002820849 -0.01446759 0.006470978 0.00308746 -0.01437306 0.004313707 0.00368154 -0.01444411 0.004573941 0.005227744 -0.0155493 0.004427671 0.004813492 -0.01446759 0.00600934 0.005544483 -0.01272058 0.003734886 0.00359553 -0.01283228 0.005702257 0.002337038 -0.01265877 0.006717264 0.00563538 -0.01565593 0.006770968 -0.004658341 -0.01565593 0.005526721 -0.004693925 -0.01565593 0.008348822 -0.00582385 -0.01565593 0.004095494 -0.005696296 -0.01565593 0.005381584 -0.008374392 -0.01565593 0.008112609 -0.008678555 -0.01565593 0.006074011 -0.009662926 -0.01565593 0.004730761 -0.009188354 -0.01265591 0.004573225 -0.004855573 -0.01265591 0.00547713 -0.009814739 -0.01265591 0.003873765 -0.008711159 -0.01265591 0.004266977 -0.007491767 -0.01265591 0.006515681 -0.008988261 -0.01265591 0.006441295 -0.004343867 -0.01225632 0.007520675 -0.007137119 -0.002655923 0.006154775 -0.007113754 -0.01265591 0.007350265 -0.009791195 -0.01540595 0.003801047 -0.008685171 -0.01265591 0.003222703 -0.007088899 -0.01265591 0.008486449 -0.005399703 -0.01540619 0.009179055 -0.007647514 -0.01265597 0.008836925 -0.007988572 -0.0154047 0.007398784 -0.009572803 -0.015648 0.003623068 -0.006969869 -0.002924501 0.007359683 -0.008031785 -0.002924501 0.006393373 -0.008609652 -0.002913296 0.004712104 -0.007561326 -0.002945661 0.004799664 -0.006440937 -0.002945601 0.005916714 -0.005619525 -0.002924561 0.007601499 -0.006664693 -0.01561444 0.006665527 -0.008484244 -0.01363426 0.006154775 -0.007113754 -0.01444947 0.006695985 -0.008447825 -0.01441401 0.005587875 -0.005844771 -0.01557403 0.005266249 -0.006229221 -0.01446759 0.007082521 -0.006008028 -0.01565593 0.007082521 -0.006008028 -0.01557701 0.00744462 -0.007007122 -0.01439398 0.00747478 -0.007085502 -0.0143606 0.005694866 -0.008301973 -0.01557701 0.004862189 -0.00722146 -0.01439398 0.004834771 -0.007142066 -0.01278609 0.007847487 -0.006305694 -0.01265883 0.007153809 -0.005526423 -0.01278609 0.005775153 -0.005276918 -0.01283228 0.004536509 -0.00620985 -0.01283228 0.004889965 -0.008468747 -0.01226639 0.007340967 -0.008209586 0.01677191 0.0595352 -1.27517e-4 0.01716852 0.06022989 -9.69484e-4 0.01654726 0.05790913 -0.002047121 0.01157706 0.008607685 7.95975e-4 0.01551795 0.01183491 -0.006295025 0.01402682 0.01821142 -0.00390768 0.01421606 0.01134729 -0.004032671 0.01557815 0.0245245 -0.006524205 0.01556992 0.02331411 -0.006555199 0.01398909 0.02583289 -0.003681957 0.01498132 0.03884649 -0.004498958 0.01545906 0.04954612 -0.003514051 0.01515901 0.04416418 -0.004070103 0.01580119 0.04303079 -0.005586683 0.01639825 0.05405354 -0.004163801 0.01610803 0.0503472 -0.004754841 0.01592808 0.0543124 -0.002848744 0.01721614 0.0594213 -0.002567052 0.01687341 0.05920302 -0.001557111 0.01767784 0.06203466 2.64888e-4 0.01764196 0.06136053 -8.41096e-4 0.01676446 0.0614562 0.003841519 0.01502072 0.0556119 0.004249751 0.01410174 0.05271673 0.005227565 0.01138877 0.04096239 0.006323933 0.0118398 0.04130852 0.004802346 0.01084625 0.03739768 0.00640136 0.01130235 0.03757983 0.00481224 0.01011401 0.03102612 0.006323575 0.01037657 0.03384 0.006413221 0.009888052 0.02822494 0.006216228 0.01122069 0.0301584 0.002889156 0.01100641 0.02275562 0.002396523 0.009760856 0.01624441 0.004938721 0.009676337 0.02267712 0.005751788 0.01004707 0.01155209 0.00415498 0.01132041 0.01206159 0.001271903 0.01023596 0.008819997 0.003689348 0.01621949 0.05629265 -0.002487421 0.01462233 0.04636132 -0.00247997 0.0152356 0.04682552 -0.003873169 0.01413041 0.03407269 -0.003309905 0.01565229 0.03314125 -0.00635606 0.01487642 0.0341078 -0.004797339 0.01331889 0.03401708 -0.001836299 0.01488268 0.05256932 -4.56229e-4 0.01705354 0.06048011 4.57525e-4 0.01639717 0.05875682 7.24889e-4 0.01579552 0.05785888 0.003399729 0.01564514 0.05658292 0.001331686 0.01266658 0.03400385 -2.27209e-4 0.01443356 0.05152636 7.73424e-4 0.01527029 0.05444818 -2.04474e-4 0.01466643 0.0534361 9.05403e-4 0.01422548 0.05312108 0.003307223 0.01737457 0.0620771 0.002008974 0.01668202 0.05719614 -0.003516912 0.01562529 0.05524533 -0.001102805 0.01524209 0.05508041 0.001122474 0.01535689 0.05632221 0.003351092 0.01640588 0.05917388 0.00191003 0.01672381 0.05984193 0.001178741 0.01698881 0.06083202 0.001735448 0.01257628 0.01513481 -0.001289606 0.01103109 0.01913398 0.002072393 0.012564 0.03002882 -4.12248e-4 0.009830772 0.02670568 0.006078481 0.01106762 0.02643311 0.002669334 0.01247262 0.02613538 -6.18376e-4 0.012452 0.02234381 -8.33757e-4 0.01556342 0.02022308 -0.006487071 0.01113706 0.01556992 0.001697421 0.01298499 0.008295536 -0.00181818 0.01249587 0.01867568 -0.001059353 0.01146429 0.03392279 0.003077685 0.01088947 0.0338822 0.004750072 0.01195347 0.04243224 0.004823327 0.01282578 0.04563373 0.003274261 0.01588982 0.05874735 0.00409168 0.0170015 0.06143891 0.002783954 0.0157811 0.04190254 -0.005702912 0.0160306 0.0487501 -0.004982352 0.01635563 0.05296325 -0.004324793 0.01593685 0.04532337 -0.005357325 0.01751208 0.0603764 -0.002016127 0.01564353 0.007733166 -0.005970537 0.01723551 0.06231981 0.003234624 0.01344525 0.05039089 0.005561172 0.009711027 0.01741194 0.005131542 0.0171681 -0.02944892 -0.05400341 0.01592749 -0.02811497 -0.04793614 0.0123372 -0.002434253 -0.007930517 0.014346 -0.005050659 -0.005898892 0.01421558 -0.007657766 -0.01013946 0.01556259 -0.01401847 -0.0162605 0.01402664 -0.01098227 -0.01614516 0.01550531 -0.009653985 -0.009101569 0.01398921 -0.01459836 -0.02285665 0.0156874 -0.02180087 -0.03054022 0.01484096 -0.01974457 -0.02946764 0.01515865 -0.02409833 -0.03853672 0.01610857 -0.02778458 -0.04355174 0.01585417 -0.02535402 -0.03796494 0.01649791 -0.02939951 -0.04787868 0.01545852 -0.02630728 -0.04347491 0.0168724 -0.02944511 -0.05282294 0.01657861 -0.02545022 -0.05703216 0.01479876 -0.02185386 -0.05255573 0.01512491 -0.02258521 -0.05346566 0.01375263 -0.01964479 -0.04973381 0.01406574 -0.02073651 -0.04976123 0.01208424 -0.01543927 -0.04392862 0.01249307 -0.0169087 -0.04368245 0.01183968 -0.01498788 -0.04050111 0.01149278 -0.01383447 -0.04150652 0.01130223 -0.01311504 -0.03727704 0.01011449 -0.008530318 -0.03235816 0.01088964 -0.01132035 -0.03404384 0.01037156 -0.009855031 -0.03484165 0.01122081 -0.01107001 -0.02988862 0.01100599 -0.007795155 -0.02323168 0.009768187 -0.002267062 -0.01868408 0.0110315 -0.006265521 -0.01993322 0.01132148 -0.003423035 -0.01340818 0.01023465 2.92552e-4 -0.01180404 0.01705271 -0.0283364 -0.05493205 0.01677143 -0.02837216 -0.05382251 0.01639676 -0.02724438 -0.05357426 0.01621901 -0.02879089 -0.04982984 0.01523375 -0.02524846 -0.04091757 0.01564496 -0.02046591 -0.027709 0.01413017 -0.01839482 -0.03017872 0.01463526 -0.02387213 -0.0413506 0.01488202 -0.02517169 -0.04762321 0.01571691 -0.02738928 -0.0496751 0.01564443 -0.02563196 -0.05199605 0.01718449 -0.0273019 -0.05701392 0.0144329 -0.02358537 -0.04733484 0.01526957 -0.02589207 -0.04937493 0.01269429 -0.01568746 -0.03166115 0.01466578 -0.02442532 -0.04905384 0.01422494 -0.0221886 -0.04998338 0.01579493 -0.02447748 -0.05413264 0.01640516 -0.02642524 -0.05452674 0.01654142 -0.02914589 -0.05150473 0.01524132 -0.02505999 -0.05058753 0.01602375 -0.0261209 -0.05332255 0.01672303 -0.02739262 -0.05473971 0.01698666 -0.02740681 -0.05588066 0.01113826 -0.004808723 -0.01665914 0.01257663 -0.007176756 -0.01479017 0.01156944 -0.002097606 -0.0102306 0.01296615 -0.003542482 -0.00727725 0.01247251 -0.01209622 -0.02465081 0.009885489 -0.007234215 -0.02987784 0.009829282 -0.006580471 -0.028494 0.01106733 -0.009397566 -0.02655273 0.01556992 -0.01582729 -0.01924008 0.01249599 -0.008748233 -0.01797091 0.01298546 -0.00421524 -0.008602142 0.01243501 -0.01039385 -0.02125424 0.0125401 -0.0138604 -0.02812951 0.01339823 -0.01706212 -0.03090637 0.01146441 -0.01278877 -0.03324282 0.01195299 -0.0155304 -0.04148304 0.01282578 -0.01847356 -0.04348289 0.01716834 -0.03053647 0.05017662 0.01058936 -0.006467878 6.31914e-4 0.01233726 -0.004144132 0.003746449 0.01157706 -0.00625503 0.004588067 0.01561504 -6.39267e-4 0.00846976 0.01421606 -0.003443062 0.009374856 0.01555746 -0.004386663 0.01579266 0.01398909 -0.0109893 0.02174401 0.01563411 -0.01217198 0.02905547 0.01558244 -0.008202731 0.02256959 0.01487636 -0.01416069 0.0294677 0.01568162 -0.01384657 0.03153485 0.01515895 -0.0198183 0.03781276 0.01584237 -0.01852691 0.03838551 0.01592016 -0.02594298 0.04600179 0.01545894 -0.0229907 0.04219555 0.01610803 -0.0223177 0.04351103 0.01685667 -0.02716338 0.04902505 0.01722216 -0.02877461 0.05029016 0.01700127 -0.03439152 0.04934668 0.01410794 -0.03215426 0.04059034 0.01510274 -0.03348881 0.04388308 0.01325196 -0.02958482 0.03738093 0.01183718 -0.0260989 0.03089511 0.01130223 -0.02421885 0.02766972 0.01085585 -0.02553033 0.02676749 0.01148587 -0.02750456 0.03037357 0.01011377 -0.0222516 0.02123916 0.01100641 -0.01471489 0.01603984 0.01103109 -0.01262348 0.01306569 0.009776055 -0.01348489 0.008914172 0.01113706 -0.01051676 0.01016664 0.01132041 -0.008394122 0.007341206 0.01023548 -0.008865058 0.003323733 0.01705336 -0.03189742 0.04967981 0.01677167 -0.03091835 0.04915392 0.01462221 -0.02229356 0.03891986 0.01523548 -0.02131867 0.0400179 0.01562631 -0.01291334 0.0301786 0.01413041 -0.01543122 0.02869361 0.01488244 -0.02715069 0.04328501 0.01571702 -0.02781969 0.04623353 0.01639693 -0.0312674 0.04805344 0.0148496 -0.02877455 0.04329776 0.01682996 -0.02958625 0.04954016 0.01564484 -0.03070598 0.0458672 0.01603937 -0.03160434 0.0469098 0.01266652 -0.01806664 0.02709275 0.01443332 -0.02769416 0.04176694 0.01527005 -0.02830821 0.04478639 0.01153302 -0.02094131 0.02533471 0.01579517 -0.03313499 0.04593795 0.01698863 -0.03318005 0.04934549 0.01737451 -0.03403937 0.0502873 0.01631569 -0.02731251 0.04753744 0.01654094 -0.02852571 0.048666 0.0152418 -0.02977353 0.04467046 0.01448172 -0.03066205 0.04183429 0.0153566 -0.03232455 0.04463142 0.01672357 -0.03220289 0.04876631 0.01257628 -0.007712423 0.01128333 0.01122069 -0.01884287 0.02220433 0.009830296 -0.01987898 0.01761943 0.01106762 -0.01678985 0.01908814 0.01247256 -0.01379376 0.02047419 0.01249587 -0.009682118 0.01423466 0.01556992 -0.007242023 0.02099984 0.01402682 -0.00698322 0.01525664 0.01298499 -0.003834962 0.005624771 0.01243805 -0.01171237 0.01728332 0.01339834 -0.0167278 0.02790307 0.01256394 -0.01591891 0.02374285 0.01088941 -0.02231627 0.02449876 0.01195335 -0.02665477 0.03186661 0.0128256 -0.02691388 0.03541344 0.01563441 -0.006239652 0.019212 0.01562517 -0.005265533 0.01755166 0.01578009 -0.01617175 0.034967 0.01634067 -0.02382862 0.04538112 0.01598578 -0.02020025 0.04068166 0.01648479 -0.02513408 0.04696422 0.01664876 -0.02612769 0.04804289 0.01775866 -0.0331574 0.05111241 0.01726603 -0.03523486 0.04987639 0.01753717 -0.02972853 0.0508036 0.01682919 -0.03535318 0.04882413 0.01582342 -0.03419548 0.0458945 0.01649081 -0.03506714 0.04782861 0.01611357 -0.03459882 0.04686498 0.009716689 -0.01775968 0.01449567 0.009866952 -0.02080035 0.01884508 0.009794831 -0.01443725 0.01002818 0.01512622 0.02595943 -0.002255797 0.01632118 0.03842878 -0.004083514 0.01641589 0.0436359 -0.004126131 0.01227575 0.01528471 0.001592338 0.01002454 0.01268237 0.004426479 0.01242774 0.01888579 0.001618921 0.01026934 0.03219503 0.006443142 0.01201128 0.0337485 0.004023373 0.01238512 0.0374664 0.004084467 0.0128355 0.04121172 0.004121065 0.01394069 0.04860836 0.004122138 0.01213604 0.04440879 0.006165266 0.01298886 0.04800158 0.005807936 0.01465564 0.0521751 0.004070222 0.01386582 0.05157113 0.005424261 0.01653546 0.06044441 0.004077911 0.01553142 0.006552875 -0.003664553 0.01505464 0.006787419 -0.002701103 0.01401948 0.00679773 -0.001058459 0.01417708 0.008051931 -0.001321792 0.01412004 0.04974943 0.004112541 0.01295936 0.03002619 0.001480817 0.01611286 0.03391402 -0.003747999 0.01633632 0.04154312 -0.004826486 0.01654094 0.05159145 -0.003972172 0.01615399 0.03395718 -0.006000161 0.01635676 0.04630923 -0.005132675 0.01569861 0.03881454 -0.005705773 0.01617801 0.0441026 -0.00509417 0.01633501 0.04611301 -0.002689719 0.01658904 0.05249828 -0.001719892 0.01623159 0.04326432 -0.003057658 0.01690131 0.05543184 -0.002283096 0.0165109 0.04915648 -0.003905653 0.01711934 0.05848544 -0.003020703 0.01702523 0.05713295 -9.03964e-5 0.01679641 0.05561012 -4.67635e-4 0.01630616 0.05561828 0.001568675 0.01607865 0.05401802 0.001304566 0.01659595 0.05938613 0.003236532 0.01503348 0.007956206 -0.002729773 0.01509666 0.01122713 -0.002947449 0.01463103 0.01843392 -0.001905202 0.0153737 0.01815176 -0.00350511 0.01603639 0.02572172 -0.004495799 0.01562118 0.0219227 -0.003679633 0.01487803 0.02213543 -0.002110123 0.01587706 0.007826209 -0.004677712 0.0158748 0.006200075 -0.004565954 0.01590949 0.01092427 -0.005190134 0.0162211 0.01552957 -0.005816459 0.01596742 0.0127958 -0.00585103 0.01563799 0.01070582 -0.006164848 0.01590329 0.01454365 -0.005460083 0.01620483 0.02121347 -0.005532085 0.01624411 0.02481192 -0.005124866 0.01535069 0.02988368 -0.002305328 0.01552695 0.03388309 -0.002222061 0.01567363 0.01399332 -0.006341755 0.01566976 0.02128732 -0.006552815 0.0156753 0.02955067 -0.006458342 0.01674419 0.05441969 -0.001331865 0.01566112 0.01751083 -0.006485342 0.01607429 0.0254538 -0.00609529 0.01627773 0.02968925 -0.005559623 0.01634186 0.0339365 -0.004935324 0.01599085 0.02981042 -0.003858566 0.01565575 0.03811538 -0.001985132 0.01263654 0.02254241 0.001620054 0.01321715 0.01149541 4.33897e-5 0.01672202 0.05743741 0.001464605 0.01510524 0.04395568 1.48072e-4 0.01451295 0.03198671 -4.46057e-4 0.01287442 0.02626115 0.001569151 0.01412826 0.02610999 -4.24847e-4 0.00983411 0.02556538 0.006068527 0.01428371 0.02838557 -4.66519e-4 0.01477831 0.03818267 -2.66364e-4 0.01556497 0.03535872 -0.00217688 0.01585966 0.04502868 -0.00138688 0.01641476 0.05336284 -2.27672e-4 0.01143503 0.005477845 0.002164244 0.01317209 0.005949914 4.50211e-4 0.01247894 0.005618691 0.00150448 0.01593935 0.005483031 -0.005393624 0.01118183 0.0061208 0.001357614 0.01143288 0.006191909 6.07269e-5 0.01641583 -0.01950651 0.03738427 0.009764194 -0.01560777 0.0115624 0.01225763 -0.01028406 0.009959161 0.01002454 -0.01143658 0.006301701 0.01315426 -0.01768732 0.02269899 0.01045566 -0.02369159 0.02348411 0.01201158 -0.02162039 0.02474707 0.01283556 -0.02543675 0.03116148 0.01238512 -0.02353239 0.02793622 0.01213598 -0.02880561 0.03290796 0.01298886 -0.03029245 0.03619819 0.01465564 -0.03087443 0.04068148 0.01386594 -0.03174495 0.03948158 0.01694166 -0.03342825 0.0480898 0.01772981 -0.03139358 0.05065721 0.01646798 -0.03352957 0.04718583 0.01420623 -0.03000956 0.03912949 0.01026934 -0.02293938 0.02219176 0.01635491 -0.01395827 0.02938848 0.01640552 -0.01652365 0.03320038 0.01589953 -0.01585942 0.03383916 0.0163362 -0.01784741 0.03591358 0.01634734 -0.01848423 0.03718763 0.01624679 -0.02177339 0.04214346 0.01631385 -0.01971048 0.03912878 0.01618248 -0.01742517 0.03245669 0.01633512 -0.02199137 0.03881448 0.01652246 -0.02266162 0.04154223 0.0165891 -0.02602148 0.04385614 0.01623129 -0.02024275 0.03652411 0.01565575 -0.01860034 0.03153294 0.01690131 -0.02700054 0.04667824 0.01662105 -0.02419757 0.04345363 0.01714015 -0.02788686 0.04971504 0.01679646 -0.02866196 0.04592525 0.01630622 -0.0304296 0.04491412 0.01671874 -0.03236186 0.04708415 0.01509666 -0.004324734 0.008727371 0.01463115 -0.008829355 0.01444846 0.01512616 -0.01228755 0.02114081 0.01537299 -0.007301986 0.01500374 0.0156213 -0.009035766 0.01835685 0.01569986 -0.003052651 0.009263217 0.01487797 -0.01050156 0.01775628 0.01567405 -0.001659572 0.006377398 0.01549971 -0.001599669 0.0097633 0.01568752 -0.002797961 0.01281136 0.01590263 -0.003810524 0.01286011 0.01581239 -0.002515494 0.01083028 0.01596426 -0.004309892 0.01383328 0.01589196 -6.71427e-4 0.005960822 0.01609408 -0.007281124 0.01899576 0.01616781 -0.009679734 0.02228295 0.01581978 -0.0108506 0.02178883 0.01535075 -0.01420748 0.02456426 0.01560604 -0.01074731 0.02618438 0.01674419 -0.02731829 0.04532617 0.01627635 -0.01173055 0.02582031 0.01612132 -0.01497668 0.02877455 0.01599085 -0.01282584 0.02527737 0.015527 -0.01627933 0.02798628 0.01412814 -0.01394873 0.02035576 0.01321798 -0.007047891 0.007465004 0.01012384 -0.01068472 0.005426526 0.01698732 -0.02976113 0.04701352 0.01510524 -0.02336776 0.03552401 0.01451307 -0.01686835 0.02545481 0.0128743 -0.01575118 0.01948988 0.01263618 -0.01393622 0.01624363 0.00983411 -0.01930016 0.01663762 0.01415377 -0.004144787 0.005110859 0.01428365 -0.01505088 0.02234804 0.01477843 -0.02012348 0.03073328 0.01556521 -0.01705843 0.02924507 0.01585978 -0.02257627 0.0372225 0.01606673 -0.02939009 0.04368567 0.01637178 -0.02770322 0.04382884 0.01108223 0.00181812 -0.007628381 0.01640164 0.002670586 -0.007314443 0.01640164 0.001139581 -0.007783591 0.01640164 -3.56868e-4 -0.007858097 0.01640164 -0.002774834 -0.007185637 0.01640164 -0.001558244 -0.007626891 0.01402258 0.005828797 -0.004119277 0.01035165 0.005069315 -0.005406022 0.01035165 0.005829393 -0.004115998 0.01205211 0.006319701 -0.001156151 0.01299482 0.006265103 -0.002665758 0.01542443 0.004725337 -0.005830407 0.01640164 0.003991007 -0.0065068 0.0159204 0.001466989 0.004428207 0.01501107 8.84928e-4 0.004585981 0.01640164 0.005721807 0.001151561 0.01640164 0.004908978 0.002410411 0.01509648 0.006318211 -0.001806735 0.0164082 0.006098866 -0.001350581 0.01035165 0.002377569 0.004241347 0.01640164 0.002377569 0.004241347 0.01219773 -0.005388498 0.002050518 0.0132091 -0.004733383 0.002517938 0.01389223 -0.004142165 0.003392755 0.01504796 -0.002334654 0.004490971 0.01598602 -0.001427948 0.004469513 0.01143509 -0.005875408 0.001193463 0.014373 -0.003352642 0.003835499 0.01601469 4.59041e-4 0.004853546 0.01089709 -0.00535041 0.0022071 0.01325601 -0.002030193 0.004432439 0.01270186 -0.002701222 0.003927826 0.01414346 -9.05107e-4 0.004595398 0.01146191 -0.004402041 0.002804636 0.01664268 -0.02979129 -0.04907196 0.01685136 -0.03016752 -0.05048924 0.01775687 -0.02948224 -0.05589711 0.01775884 -0.02894657 -0.05674231 0.01761394 -0.0279501 -0.0576803 0.01737838 -0.03040486 -0.05308222 0.01715248 -0.02648895 -0.05780339 0.01581209 -0.02389842 -0.05500507 0.01617926 -0.02474147 -0.05606073 0.01344865 -0.0188806 -0.04875785 0.01414513 -0.02047985 -0.05084764 0.009796798 -0.002724885 -0.01998704 0.01535087 -0.01543092 -0.02705323 0.01637613 -0.02175754 -0.03338027 0.01218134 -3.46467e-4 -0.008165895 0.01227688 -0.004756629 -0.01635944 0.01002454 -0.00100106 -0.01552361 0.01263612 -0.008361637 -0.02266007 0.01242816 -0.006534457 -0.01949238 0.00983411 -0.006020426 -0.02750158 0.01026934 -0.009010851 -0.03343039 0.01315426 -0.01207584 -0.02913486 0.01238512 -0.01368933 -0.03681623 0.01090127 -0.01153612 -0.03783845 0.01283556 -0.01553028 -0.04007804 0.01298886 -0.01746428 -0.04680144 0.01394075 -0.01922762 -0.04648423 0.01103103 -0.01205462 -0.03874355 0.01540404 -0.02282869 -0.05249255 0.01694166 -0.02619481 -0.05546301 0.01772028 -0.03006404 -0.05473071 0.01553148 -0.00494343 -0.006169736 0.01364636 -0.002310156 -0.007824778 0.01427781 -0.003266334 -0.007444024 0.01417708 -0.003663718 -0.008640348 0.01646727 -0.02536004 -0.05509579 0.01411998 -0.0198062 -0.04746723 0.01202934 -0.01181459 -0.03360301 0.01611232 -0.01869714 -0.02982693 0.01634734 -0.02422499 -0.03706932 0.01654094 -0.02772897 -0.04502022 0.01624673 -0.02687305 -0.04239749 0.01631373 -0.0252937 -0.03910392 0.01573103 -0.02402091 -0.03552758 0.01635688 -0.02609491 -0.03987014 0.01625454 -0.02850621 -0.0456922 0.01571786 -0.02284878 -0.03309178 0.01577764 -0.02361559 -0.03435319 0.01618236 -0.02065777 -0.03378784 0.01633524 -0.02388209 -0.04092425 0.01641565 -0.02388483 -0.03805476 0.0165891 -0.02623188 -0.04693192 0.01675915 -0.02687859 -0.04879391 0.01639205 -0.02538138 -0.04842835 0.01623123 -0.0227707 -0.03825962 0.01565563 -0.01927024 -0.03434365 0.01690131 -0.02818632 -0.04919087 0.01713955 -0.03029364 -0.05144733 0.01679658 -0.02670389 -0.05025327 0.01630622 -0.02494394 -0.05127823 0.01653271 -0.0254355 -0.05271905 0.01498341 -0.004167795 -0.006889998 0.01509666 -0.00665766 -0.01057732 0.01463103 -0.009360313 -0.01733988 0.01537334 -0.01060473 -0.01629644 0.01603704 -0.01524603 -0.02234953 0.01562082 -0.01264286 -0.0194751 0.01487767 -0.01138949 -0.02044349 0.01587432 -0.006455242 -0.006764054 0.01587474 -0.005547463 -0.00541383 0.01596623 -0.009962439 -0.01049637 0.01573801 -0.008715212 -0.009986042 0.01590317 -0.01048845 -0.01218903 0.01596343 -0.01106685 -0.0130859 0.01624453 -0.01533949 -0.02125376 0.01609349 -0.01407384 -0.01827609 0.01552665 -0.01736003 -0.03056222 0.01565146 -0.01097774 -0.01126837 0.01582896 -0.01888632 -0.02469605 0.01593852 -0.02103477 -0.02852714 0.01639348 -0.02288889 -0.03577727 0.01652258 -0.02590805 -0.04286545 0.01566272 -0.01286387 -0.01425284 0.01563596 -0.01475346 -0.0175361 0.01607531 -0.01649707 -0.02131623 0.01627653 -0.01775693 -0.02553564 0.01634103 -0.01973676 -0.02925372 0.01599097 -0.01673918 -0.02621304 0.01321816 -0.004203081 -0.0123046 0.01012384 -6.19069e-4 -0.01443487 0.01698756 -0.02709728 -0.05174946 0.01562219 -0.02433115 -0.05255836 0.01510518 -0.02034276 -0.0404675 0.01451224 -0.01486682 -0.02979427 0.0128743 -0.01026457 -0.02585321 0.01412826 -0.01191532 -0.0247243 0.009806036 -0.00494796 -0.02509087 0.01291948 -0.001338422 -0.008097469 0.0151968 -0.01381015 -0.02424645 0.01428359 -0.01308858 -0.02667307 0.01477921 -0.01782184 -0.03527462 0.01556551 -0.01806622 -0.03187751 0.01585996 -0.02221125 -0.04063534 0.01606667 -0.02439981 -0.04976379 0.01640164 -0.00616312 -9.8265e-4 0.01640164 -0.005803942 5.77769e-4 0.01640164 -0.004523158 0.002664327 0.01640164 -0.003328859 0.003668785 0.01641893 -4.85983e-4 0.004757642 0.01640164 -0.00612384 -0.002529919 0.01036876 0.001079976 -0.007801473 0.01547461 -0.005831062 -0.003730177 0.01143491 6.41902e-4 -0.008152842 0.0163874 -0.005994081 -0.004260003 0.0110318 -5.04864e-4 -0.008351862 0.01325643 -0.004085898 -0.006442248 0.01149916 -0.001540184 -0.007895886 0.01461625 -0.005359113 -0.004956603 0.01025164 -0.002905726 -4.47457e-4 0.01025164 -0.005540907 0.001051902 0.01025164 -0.001930058 8.91976e-4 0.01025164 -0.002521812 0.004045844 0.01025164 -0.001069426 -0.004585802 0.01025164 -0.003152668 -0.00170654 0.01025164 -0.005929052 -0.003182411 0.01025164 0.001600027 0.001189827 0.01025164 0.002572 4.13132e-4 0.01025164 0.005528926 0.001309573 0.01025164 0.001792252 -0.004345297 0.01025164 0.002668023 -0.007205665 0.01650166 -0.001216828 0.001327753 0.01650166 -0.002506017 2.86527e-4 0.01650166 -0.00516057 0.001664996 0.01650166 0.001232564 0.001388847 0.01650166 2.42889e-6 0.001575529 0.01650166 9.79528e-4 -0.004643797 0.01650166 0.002093195 -0.004088878 0.01650166 0.003068864 -0.002749502 0.01650166 0.005973696 -0.003578126 0.01650166 0.002269923 7.0186e-4 0.01650166 0.003644287 0.003445029 0.01650166 -0.003004729 -8.53457e-4 0.01650166 -0.003081083 -0.002095162 0.01650166 -0.002408862 -0.003610074 0.01650166 -0.004578948 -0.005711436 0.01650166 -0.001436829 -0.004386782 0.01650166 -2.57078e-4 -0.004781901 0.01035165 0.003150999 -0.002092838 0.01640164 0.003263294 -0.001132369 0.01035165 -0.002477943 -0.003302693</float_array>
          <technique_common>
            <accessor source="#rotor-mesh-positions-array" count="3096" stride="3">
              <param name="X" type="float"/>
              <param name="Y" type="float"/>
              <param name="Z" type="float"/>
            </accessor>
          </technique_common>
        </source>
        <source id="rotor-mesh-normals">
          <float_array id="rotor-mesh-normals-array" count="14082">-0.003896176 0.9011645 -0.4334599 0.004181325 0.9568356 -0.2906001 -0.1456717 0.5670127 0.8107259 0.9716841 0.011128 -0.2360217 -0.006278336 0.9861267 -0.1658759 0.01223522 0.9994867 -0.02961176 -0.01382857 0.9997792 -0.01582187 0.70963 0.3403928 0.6168938 0.3387306 0.8547545 -0.3932639 -0.04526847 0.8246858 -0.5637767 0.05351209 0.6161299 -0.7858248 -0.643469 -0.6527945 -0.3997586 0.008625566 0.8032467 -0.5955842 0.2679019 -0.3992263 -0.8768393 -0.273598 0.7812572 -0.5610539 -0.007772445 0.8312948 -0.5557776 0.8643782 -0.3590433 -0.3520488 -0.01050817 0.5401194 -0.8415228 0.04874128 0.5812384 -0.8122723 0.9967451 -0.03248399 -0.07378381 0.027013 0.2546669 -0.9666516 0.4111415 -0.02658313 -0.9111839 -0.8920947 0.3858563 0.2351214 -8.8073e-4 0.44183 -0.8970984 -0.1634967 0.5055313 -0.8471759 0.2639133 0.9635605 -0.04360109 -1.27811e-5 -1 1.36765e-6 0.2915136 -0.8633472 0.4118877 0.1506546 -0.723605 -0.6735719 0.7136395 -0.6977603 -0.06204241 0.9997236 -0.01497399 -0.01812767 -0.03097808 -0.9661376 0.2561612 0.2072065 -0.8839686 0.4191242 -0.6896209 -0.2028539 0.6951787 -0.9562947 0.2920565 -0.01427316 -0.05266237 -0.9979112 0.03741872 0.05982124 -0.9977501 0.03026866 0.05481165 -0.9757528 -0.2119015 -0.06254607 -0.9613652 -0.2680765 0.06714934 -0.8433082 -0.5332189 -0.9930471 -0.08656334 0.0797773 -0.7094235 -0.05202668 -0.7028596 0.03369218 -0.7502148 -0.6603353 0.3430469 -0.454189 -0.8222112 -0.01939582 -0.719897 -0.6938098 0.02105677 -0.5621583 -0.8267616 -0.00246793 0.1093679 -0.9939984 0.01203143 -0.01543372 -0.9998086 0.01004397 -0.1366895 -0.9905631 0.002292335 -0.5020519 -0.8648346 -0.235615 -0.9640398 -0.1229348 -0.01409804 0.9868398 -0.1610848 0.05649751 0.9193155 -0.3894446 -9.44073e-4 0.9971339 -0.07565253 -0.185444 0.7856042 -0.5902853 0.01935213 0.8614156 -0.507532 0.003960371 0.8464263 -0.5324913 0.1838582 0.3471161 -0.9196231 0.04501903 0.9626919 -0.2668293 -0.05563998 0.2120546 -0.9756727 -0.01430505 -0.1347174 -0.9907808 0.01337534 0.03335267 -0.9993543 0.03064048 0.1280064 -0.9913 0.002741873 0.8065098 -0.5912145 0.00271368 0.7113168 -0.7028663 0.01877093 0.7755652 -0.6309883 -0.5350772 0.6443217 -0.5463899 0.02026093 0.9997196 0.01225686 -0.2391496 0.9602112 0.1442289 -0.02773994 0.9547827 0.296008 -0.9695024 -0.01397711 0.2446831 -0.0456596 0.8849642 0.4634152 -0.8033422 0.5698814 0.1728482 2.93814e-4 -0.9998606 -0.0166983 1.2412e-5 -1 1.17186e-4 0.02767437 -0.9988861 -0.03821957 -0.6590202 0.2866879 -0.6953435 -0.744609 0.01011294 -0.6674243 1.33831e-5 -1 1.0025e-4 3.84171e-6 -1 1.09207e-4 -1 -1.32062e-6 1.16485e-6 -1 0 -1.85892e-6 -1 2.02181e-5 1.03451e-5 -1 1.63843e-6 -2.4263e-5 -0.5041522 -0.7989565 -0.3278704 -0.8034749 0.2816569 0.5244974 -1 -1.11787e-5 2.87965e-6 -1 1.47671e-5 1.95503e-5 -1 5.41727e-6 2.16559e-5 -1 -3.10456e-6 1.7626e-5 -1 5.54137e-7 9.46596e-6 -1 4.66704e-5 -1.73971e-6 -1 4.32134e-6 -6.19888e-6 -1 6.0536e-7 -2.64868e-6 -1 8.01682e-6 9.03755e-6 -0.1386996 0.2210159 0.9653571 -1 4.93415e-6 -8.29622e-6 -0.9900088 -0.05573338 0.1295243 -1 1.24718e-5 5.46407e-6 -0.8636926 0.3753296 0.336397 -0.5008708 -0.7476108 -0.4361268 -1 -1.27368e-5 -1.49868e-5 0.09069442 0.7824714 0.6160463 -1 -1.87531e-5 -5.17815e-6 -0.1148635 -0.9683539 -0.2215788 -1 1.04583e-5 9.94978e-6 -0.114088 -0.8140239 0.5695165 -1 -2.65648e-5 5.13046e-5 -1 -4.22169e-6 -2.40915e-5 -0.957587 -0.02272123 0.2872474 -0.9423741 0.3271981 0.06980222 0.2461374 0.005958437 -0.9692167 -1 4.44986e-6 -3.41237e-6 -1 -1.75927e-6 -7.02031e-6 -1 5.69224e-6 9.18098e-6 -1 5.86151e-6 -2.59548e-5 -1 -8.49925e-6 -7.39796e-6 -1 5.38118e-6 -8.81776e-6 -0.9693446 0.1769732 0.1704451 -1 5.48898e-7 1.03004e-6 -1 3.53204e-6 1.19023e-5 -1 4.47035e-6 3.51667e-6 -0.9239692 0.3414506 0.1723152 -1 -1.08413e-4 7.08476e-5 -1 1.71922e-6 -6.50063e-7 -1 1.75983e-5 -1.48494e-5 -1 6.1168e-5 8.40658e-5 -1 1.73301e-5 1.45286e-7 -1 1.83582e-5 -3.41982e-6 -1 1.73897e-5 3.7998e-7 -1 -3.35928e-6 6.62496e-6 -1 7.97957e-6 5.64009e-6 -1 1.87815e-5 1.34031e-5 -1 -1.62711e-5 -1.40071e-5 0.1455755 -0.9807254 -0.1303286 -0.04499578 -0.6288202 0.7762477 0.4545882 -0.3507494 0.8187334 -0.4035193 -0.1093253 0.9084164 0.3876387 0.1683585 0.9063066 -0.2446038 0.4591981 0.8539942 0.726947 0.6333187 0.2654349 -0.004190087 0.7000191 0.7141119 -0.342749 0.9389765 -0.02909129 0.03668856 -0.7148578 0.6983068 -0.6427958 -0.3844905 0.6625562 -0.009634196 -0.2772758 0.9607421 0.007157206 -0.1928306 0.981206 -0.009915649 0.3208564 0.947076 0.008907377 0.3680053 0.9297811 -0.003661632 0.7485632 0.6630535 0.9461877 -0.1806054 0.268534 0.999409 0.02205747 -0.0263682 0.01823788 0.9277431 0.3727735 -0.01920509 0.9637655 0.266059 0.01317572 0.9922288 -0.1237274 -0.02319359 0.944437 -0.3278734 0.009266197 0.8744365 -0.4850515 -0.03474813 0.695699 -0.7174925 0.02364814 0.5772323 -0.8162376 -0.01516377 0.3822802 -0.9239221 0.01763617 0.1341142 -0.990809 -0.01851803 -0.09441292 -0.9953609 -0.01307672 -0.5013927 -0.865121 -0.01704102 -0.6835591 -0.7296962 0.02378088 -0.813561 -0.580993 -0.02137237 -0.9061387 -0.4224405 0.02112179 -0.9993023 0.03080314 -0.01071625 -0.9949271 0.1000264 1 -9.10927e-6 -1.68742e-5 1 8.81543e-6 1.21007e-5 1 -1.55391e-6 4.14962e-6 1 -1.37491e-5 1.30823e-5 1 -1.07878e-4 -1.16782e-4 1 -3.73062e-7 0 1 -1.09312e-6 0 1 -1.6778e-6 0 1 8.47131e-6 -1.31689e-6 1 6.08713e-6 -2.7325e-6 1 -3.42727e-6 -3.66534e-7 1 0 0 1 1.44239e-6 3.01842e-6 0.6730657 -0.3019615 0.675131 1 2.43336e-5 3.10014e-6 1 1.40548e-5 -1.74074e-5 1 -5.40861e-5 1.04451e-4 1 1.53559e-5 -4.04893e-6 1 0 0 1 5.64998e-6 2.47797e-5 0.2301715 0.9693226 -0.08622515 1 -5.61697e-5 4.87268e-6 1 -1.42285e-5 -1.07663e-5 0.2256708 0.3117263 -0.922984 1 -1.08319e-5 8.87772e-6 1 -5.88596e-6 2.84077e-6 1 -1.29789e-5 -6.85826e-6 1 7.79517e-6 -5.38805e-6 0.6035316 0.1250402 0.7874735 1 1.41266e-7 0 1 3.95856e-5 -3.34297e-5 1 -2.94065e-6 6.31297e-6 1 -9.73232e-7 6.6841e-6 1 -1.83075e-6 6.52298e-6 0.7290696 -0.01174694 -0.6843388 1 -1.29826e-6 1.19414e-5 1 0 0 1 0 0 1 -1.7279e-7 0 0.6675332 0.4478436 -0.5948409 1 0 0 1 0 0 -0.1572433 6.29455e-4 -0.9875598 1 -2.02879e-5 1.66259e-6 1 1.88109e-5 -8.91113e-6 0.6655036 0.001803934 0.7463925 1 0 0 1 -2.01021e-7 0 0.4406693 0.6838446 0.5815213 1 -1.749e-7 0 1 7.02962e-6 1.09524e-5 1 -2.60752e-5 7.47433e-6 1 7.15442e-6 6.98259e-6 1 0 0 1 5.67897e-6 -3.30806e-6 1 0 -1.99004e-7 1 0 -2.64607e-7 1 -1.78593e-7 -2.79466e-7 1 0 -2.49472e-7 -0.9999951 0.002972602 9.79215e-4 1 -9.22568e-6 -1.43908e-5 0.624987 -0.1723754 0.7613658 1 -1.57853e-7 0 1 4.97373e-6 -8.96223e-6 1 -3.63123e-6 5.32996e-6 1 5.29806e-7 6.30203e-6 1 2.22325e-5 2.61297e-5 1 -1.56602e-5 1.2347e-5 1 4.22541e-6 -2.61283e-6 1 -9.59937e-6 -6.42822e-6 1 6.24824e-6 -1.87336e-6 1 1.13975e-5 -1.10164e-5 -0.9999977 7.90711e-4 -0.002039134 1 1.66781e-5 5.50062e-7 1 2.88337e-6 2.36789e-6 0.9999957 -0.001884937 0.002280831 -0.2278706 -0.2519059 -0.9405416 0.9642474 0.00993961 0.2648174 0.9901854 -0.02991813 0.1365205 -0.6030675 -0.6863434 -0.4065003 -0.2149088 0.2237847 0.9506497 0.1970929 -0.08413368 0.9767681 -0.5463176 -0.7709407 0.3273952 -0.7704893 -0.4304512 -0.4701684 -0.6812664 -0.6959679 0.2269465 -0.6812756 -0.6959732 0.2269033 -0.7705118 -0.4304162 -0.4701634 -0.8428273 -0.1073439 0.5273705 -0.8537103 0.29941 -0.4260662 -0.919288 0.3594936 -0.1602316 -0.2926623 0.8653033 -0.4069386 -0.5682904 0.8189374 0.07992219 -0.444605 0.8481141 -0.2881473 0.6635944 0.5491303 0.5080339 -0.0144034 0.9854125 0.1695722 -0.3454222 0.2401177 0.9072085 -0.2727563 -0.2177498 0.9371174 0.6816329 0.4545092 -0.5734092 0.6688826 0.4682329 -0.5773683 0.6600868 0.4639501 -0.5907927 0 -6.14077e-5 1 4.56819e-7 -6.17835e-5 1 0 -6.21869e-5 1 -3.30443e-7 -6.28178e-5 1 0 -6.27374e-5 1 1.70073e-5 -8.0701e-5 1 -2.68378e-7 -6.24338e-5 1 0 -6.23436e-5 1 -9.02898e-7 -6.17298e-5 1 0 -6.14045e-5 1 -2.06233e-7 -6.26845e-5 1 7.50273e-6 -2.90424e-5 1 1.50688e-5 -2.37226e-5 1 -1.5229e-5 -4.71547e-5 1 -5.1274e-6 -2.46863e-5 1 0 -6.24802e-5 1 -6.78003e-7 -3.04002e-5 1 -8.23289e-6 -2.72831e-5 1 -1.35571e-5 -2.68271e-5 1 5.08106e-6 -5.12153e-5 1 -2.86326e-5 -4.49158e-5 1 6.59004e-6 -2.0986e-5 1 0 -6.27184e-5 1 1.9834e-7 -6.26048e-5 1 7.48403e-7 -6.25987e-5 1 2.76171e-5 -4.14381e-5 1 1.69631e-5 -6.68392e-5 1 4.74043e-7 -5.38174e-5 1 0 -5.19454e-5 1 4.63799e-6 -6.93817e-5 1 -1.24797e-5 -6.55595e-5 1 -2.10106e-6 -6.70641e-5 1 2.7328e-7 -6.30189e-5 1 1.70581e-5 -3.54797e-5 1 1.99368e-7 -6.29399e-5 1 1.43126e-5 -2.41287e-5 1 0 -6.20199e-5 1 0 -6.02417e-5 1 0 -6.30188e-5 1 3.96371e-6 -4.95259e-5 1 4.88208e-7 -6.33917e-5 1 1.00397e-6 -8.22786e-5 1 -1.2516e-5 -7.42953e-5 1 2.469e-7 -6.27176e-5 1 -2.66775e-7 -6.28681e-5 1 1.75975e-7 -6.25513e-5 1 2.09361e-6 -1.55121e-5 1 1.80397e-5 -6.82203e-5 1 6.92904e-7 -3.14861e-5 1 7.28667e-6 2.01464e-5 1 -0.4809213 0.4890252 0.727715 -1.04308e-6 -7.29412e-6 1 0.324761 -0.5942166 0.7358241 -1.2869e-5 1.71396e-5 1 4.01121e-6 9.57865e-7 1 3.13297e-6 2.53508e-5 1 0.2766109 -0.8919933 0.3575395 5.90257e-4 -0.001056015 0.9999993 -0.7259435 0.4080179 0.5536493 -9.38028e-6 -1.74926e-5 1 0.4498953 -0.4435276 0.7751628 0.8715263 -0.2907866 0.3948231 -2.69699e-6 -3.91202e-6 1 -2.14577e-6 5.126e-6 1 -0.8389094 -0.4242987 0.3408837 0.6802532 -0.4471822 0.5807613 0.2447963 0.03736579 0.9688543 0.1121022 0.214288 0.9703164 -0.8700186 0.4914697 0.0390557 -1.30944e-5 -8.10623e-6 1 1.27032e-5 -7.88644e-6 1 6.17653e-6 -9.50694e-6 1 -1.40816e-6 7.97212e-7 1 0.6525811 -0.7258971 -0.2172821 0.7266125 0.6869433 0.01196497 0.9989445 0.03300523 -0.03194457 0.04689204 0.9582475 -0.2820689 0.5466036 0.8312374 -0.1013359 1.32918e-5 1 -2.31825e-5 0.1384598 0.8613055 -0.4888575 -0.003096282 0.4039301 -0.9147847 -2.34842e-5 1 1.89915e-5 0.009397208 0.9997622 0.01968353 -0.05390477 0.9985418 0.002930581 -1.37985e-5 1 5.82077e-6 -6.15045e-6 1 -8.0727e-6 -1.42381e-5 1 2.05272e-6 -2.01596e-6 1 -3.06964e-6 -1.38991e-5 1 -2.64496e-6 0.0284934 0.5455392 -0.8376008 0.001779913 -0.6843665 -0.7291361 -0.003522634 -0.5281166 -0.8491646 0.9983718 -0.05704033 -4.66049e-4 -0.9645915 0.2133055 -0.1551255 0.0707575 -0.8932583 -0.4439404 -0.09786266 -0.5416052 -0.8349173 -0.06497192 -0.3603332 -0.9305583 -0.1155025 -0.03058534 -0.9928362 0.3130619 -0.06337183 -0.9476161 6.04273e-5 -0.1690803 -0.9856023 0.08563393 0.4323214 -0.8976442 0.8581168 -0.4739463 0.1975109 -0.1404149 -0.86821 -0.475915 0.1236531 -0.964482 0.2334192 -0.3469844 -0.8502996 -0.3957176 0.8629117 -0.05164664 -0.5027087 -0.2443228 -0.4446246 -0.8617513 0.2588927 -0.965587 -0.02482986 1 7.77415e-7 0 1 0 0 1 0 0 1 -1.54014e-7 0 0.1033658 -0.4939787 0.863308 1 0 0 1 0 0 1 0 0 1 0 0 1 -1.69439e-7 0 0.9953348 0.03198015 -0.09102821 -0.2557246 0.9074279 0.333436 1 -1.24351e-7 0 0.983051 -0.1448957 -0.1123211 1 0 0 1 2.2708e-7 0 1 5.20109e-5 2.70266e-5 1 -1.93008e-4 3.84111e-4 1 0 0 1 0 0 1 -4.68685e-5 6.26897e-5 1 -4.86204e-5 3.71734e-5 1 0 0 1 1.41398e-7 0 0.9040438 0.3049806 -0.2994859 1 3.6517e-5 -5.93647e-5 0.8669177 0.4848071 0.1158263 1 -4.19742e-5 -8.56229e-7 0.3516733 0.9200001 0.1729906 -0.2165863 -0.8333136 0.5086048 0.07938718 -0.4933028 0.8662275 0.1233195 0.4761534 0.8706723 -0.03450161 -0.9632943 0.2662213 -0.064538 0.006675243 0.997893 0.01071429 0.2677233 -0.9634364 -0.02972048 0.8237241 -0.5662115 -0.03644877 0.9924318 0.1172632 0.5268287 -0.04141622 -0.8489619 0.04391455 0.920948 0.3872033 0.06323522 -0.1145891 0.9913984 0.05462098 -0.224136 0.9730261 0.07502573 -0.9509672 0.3000541 0.1069142 -0.9777256 -0.1806161 -0.02950537 -0.412263 -0.9105871 -1.29119e-5 -0.7733713 -0.6339533 2.20612e-5 -0.7071382 -0.7070754 2.50563e-5 -0.8660298 -0.4999924 0.05664843 -0.222265 -0.9733393 -0.05647307 0.02080613 -0.9981873 0.09273725 0.5976641 -0.7963651 -0.1027342 0.9929394 -0.05930483 0.08450222 0.7687299 0.6339668 -0.0830565 0.02497339 0.996232 0.07875663 -0.5111205 0.8558934 -0.05661976 -0.7092369 0.7026929 0.07399058 -0.9873504 0.140231 0.08286851 -0.8081105 -0.5831727 0.1235379 -0.1378763 -0.9827149 0.03682667 -0.920989 0.3878441 -0.04830163 -0.9883623 -0.1442461 0.02268052 -0.6896597 0.7237785 0.05824917 0.4489418 0.8916605 0.01475381 0.6843749 0.7289812 0.08402371 0.7960723 -0.5993406 -0.005523383 0.9602096 -0.2792256 -0.02856063 0.08045351 -0.9963491 -0.140585 -0.3185727 -0.9374153 0.3377394 -0.940665 0.03288567 -0.05298531 -0.7949706 0.6043297 0.0861116 -0.44383 0.891964 -0.09995675 0.6970341 0.7100367 0.01927334 0.8178686 0.5750822 0.03265911 0.8033188 -0.5946531 -0.05293327 0.598852 -0.7991086 1 0 0 1 1.32342e-7 0 0.283784 0.849288 -0.4451702 1 -2.19762e-7 0 -0.3716399 -0.9274417 0.04166322 -0.6989336 0.1527892 0.6986754 -1 0 0 -1 0 0 -1 0 0 -1 0 0 -1 0 0 -0.8370302 -0.5044029 -0.2120339 -6.24276e-5 -2.27598e-5 1 0 -6.27478e-5 1 3.09898e-7 8.15513e-5 -1 6.60606e-5 1.69018e-4 -1 3.2827e-5 1.28499e-4 -1 -3.83303e-5 1.18165e-4 -1 0 6.40675e-5 -1 -1.45775e-6 4.62308e-5 -1 -1.78977e-6 6.33728e-5 -1 5.76675e-6 8.41655e-5 -1 1.27349e-5 8.51098e-5 -1 -4.08385e-6 5.75017e-5 -1 3.59956e-6 6.38906e-5 -1 3.7249e-7 6.21639e-5 -1 9.42543e-7 6.31061e-5 -1 -2.9513e-5 6.14247e-5 -1 5.99978e-7 6.29539e-5 -1 0 6.21772e-5 -1 -1.2598e-5 4.46672e-5 -1 -2.05925e-5 6.77215e-5 -1 -5.81716e-6 7.81349e-5 -1 -2.79134e-5 3.80096e-5 -1 0.3903388 -0.1489294 -0.908546 0.7082408 -0.7013689 0.08047747 0.0438618 -0.0330916 -0.9984895 0 6.3649e-5 -1 -0.08721888 0.004896163 -0.9961771 3.44589e-7 7.74162e-5 -1 9.00216e-6 4.24888e-5 -1 0.07759898 -0.9835043 -0.1633949 -0.5122439 -0.50574 -0.6941422 0.07504093 -0.9969038 0.02348774 -0.03663152 -0.3786016 -0.9248346 -1.68962e-6 6.32378e-5 -1 3.75291e-7 6.30755e-5 -1 8.65012e-6 6.1859e-5 -1 -1.60846e-7 6.29334e-5 -1 4.59421e-6 6.77274e-5 -1 0.3046405 -0.7753529 -0.5531927 4.62984e-6 6.92825e-5 -1 0 6.25576e-5 -1 1.9497e-7 6.25909e-5 -1 6.41885e-7 6.41345e-5 -1 -0.01072776 -0.006468176 -0.9999216 1.17696e-6 6.73076e-5 -1 -0.07169193 0.01643377 -0.9972915 -8.40363e-5 -1.3821e-4 -1 -7.12276e-6 7.87936e-5 -1 -0.1421958 -0.5887141 -0.7957362 3.45521e-6 4.2886e-5 -1 -1.42306e-5 5.13289e-5 -1 -4.25777e-6 5.51511e-5 -1 0.0236116 0.08231216 -0.9963269 -0.7856231 0.2907323 -0.5461421 -0.8670976 0.01477992 -0.4979191 0.536638 -0.6073504 -0.585786 1.64923e-5 5.4246e-5 -1 5.842e-5 8.4728e-5 -1 2.90148e-4 1.29363e-4 -1 0.05728304 -0.7930687 -0.6064328 0.9304249 -0.3424475 -0.1305342 0 6.15965e-5 -1 -2.45107e-5 6.3242e-5 -1 1.37761e-5 5.17815e-5 -1 -8.67434e-6 7.17365e-5 -1 -0.1095365 -0.05114513 -0.9926661 1.02073e-5 7.60853e-5 -1 0.03000605 -0.221364 -0.9747295 -0.3884113 -0.05724769 -0.9197061 -3.24454e-5 4.15277e-5 -1 -0.0729525 -0.008678197 -0.9972977 -0.3320365 0.9421463 -0.04595768 -4.14997e-6 7.64132e-5 -1 -1.87289e-6 6.10809e-5 -1 -4.12539e-5 3.96939e-5 -1 1.67631e-5 4.30338e-5 -1 -0.4185555 0.3284804 -0.8467066 -0.8850275 0.4650211 -0.02195018 9.01946e-5 1.22761e-4 -1 0.4631786 -0.882741 -0.07895523 0.2636161 -0.960371 0.09052163 -0.02295494 -0.9997054 0.007903575 -0.1336003 -0.9909631 0.01197546 -0.4902702 -0.8708958 -0.03428959 -0.6389651 -0.7689533 0.02084439 -0.8396859 -0.5198946 -0.1569626 -0.9550415 -0.2704038 0.1215636 -0.9592854 0.01163542 -0.2821989 -0.9464163 0.3153116 0.06982105 -0.8820568 0.4703603 0.02715158 -0.7012592 0.7124543 -0.02538305 -0.6220236 0.7829963 0.001895904 -0.3232812 0.9462783 -0.006846249 -0.2262585 0.9740427 0.006917297 0.100625 0.9948992 -0.007094502 0.1999471 0.9797849 0.006536781 0.4931758 0.8698514 -0.01167839 0.568804 0.8224725 -0.001114368 0.9820511 -0.1829887 0.04572385 0.9908319 -0.1345673 0.01199483 0.9054415 -0.406115 0.1234767 0.9866874 -0.1622001 0.0118041 0.9965118 -0.05020165 -0.06666499 -0.9826766 0.1830913 0.02870976 -4.37789e-4 -0.9822528 0.1875611 0.9941734 -0.09457492 -0.05171996 0.9974684 -0.04799759 0.05247002 -0.9930158 0.09960436 -0.0632345 -0.1539633 0.4984883 -0.8531149 -0.0711286 0.3993948 -0.9140155 -0.6683462 -0.1089307 -0.7358312 -0.7137983 -0.06034404 -0.6977468 -0.624226 -0.01234889 -0.7811462 -0.4678915 -0.03483355 -0.8830992 -0.7755203 -0.01498681 -0.6311449 -0.7984428 -0.04532414 -0.6003624 -0.827354 0.01877856 -0.5613669 -0.8538798 -0.2273459 -0.4681916 -0.9047148 0.1293734 -0.4058986 -0.9047254 0.1293707 -0.4058759 -0.9417819 0.1435591 -0.3040359 -0.9121647 0.2222759 -0.3443098 -0.9859046 -0.01131576 -0.1669258 -0.9847385 -0.0110647 -0.1736886 -0.9870818 -0.01167684 -0.1597911 -0.9765797 0.005522012 -0.2150848 -0.9728198 -0.04922854 -0.2262706 -0.988502 -0.0102902 -0.1508572 -0.9931027 8.39617e-4 -0.1172444 -0.9635131 0.1393374 0.2285339 -0.9808232 -0.03430956 -0.1918556 -0.9755694 0.01156008 -0.2193872 -0.9994274 -6.18222e-4 -0.03383088 -0.970768 0.161779 -0.1773049 -0.9992786 -0.001137971 -0.03796249 -0.9995648 -0.004449307 -0.02916157 -0.9981909 -0.001071512 -0.06011575 -0.9968787 -0.005314052 -0.07877004 -0.9929177 0.003640472 -0.1187487 -0.9934473 -0.008503437 -0.1139756 -0.9968767 -0.005293309 -0.07879698 -0.9930838 -0.009682953 -0.1170078 -0.9934471 -0.008528113 -0.1139749 -0.9873334 -0.006773114 -0.1585146 -0.961183 -0.1349412 -0.2406622 -0.96362 -0.06022006 -0.2604034 -0.9611853 -0.1349311 -0.2406585 -0.969168 -0.01592695 -0.2458856 -0.9636204 -0.06022357 -0.2604013 -0.9337701 -0.05714833 -0.3532812 -0.8455492 -0.331875 -0.4182171 -0.8786407 -0.3673554 -0.3050259 -0.4711064 -0.01502919 -0.8819484 -0.589437 0.01013296 -0.8077508 -0.6894026 0.04358285 -0.7230661 -0.7862396 0.1281224 -0.6044931 -0.8569551 -0.1781665 -0.4836162 -0.2246643 0.06078141 -0.9725388 0.05496901 -0.3667153 -0.9287079 0.1504274 -0.9886211 -5.164e-5 -0.4673506 -0.8791037 0.09359651 -0.3710532 -0.9284229 0.01872003 -0.6370946 -0.7591605 0.1333629 -0.436983 0.8728794 -0.2170891 -0.4533017 -0.8126951 -0.3661206 -0.4249029 -0.8775691 -0.222104 -0.3438513 0.9020836 -0.2607902 -0.110771 -0.9871369 -0.1152852 -0.1643266 0.9576211 -0.2365557 -0.1011123 -0.9038414 -0.4157488 -0.6018496 0.001682519 -0.7986077 -0.179401 -0.8491785 -0.4967003 -0.2352131 -0.8948113 -0.3794571 -0.23172 0.6342917 -0.73755 -0.2352288 -0.8948141 -0.3794407 -0.9780394 -0.1862761 -0.09348917 -0.9745475 0.2241776 0.00124228 -0.658663 -0.5221468 -0.5417803 0.8460486 -0.09066182 -0.5253401 -0.7315674 -0.3036485 -0.6104153 0.7779621 -0.2268979 -0.5859116 0.8824916 -0.06850028 -0.4653133 -0.705053 -0.3086146 -0.6384804 0.8243311 -0.2023721 -0.5287001 0.8243121 -0.202306 -0.528755 -0.705096 -0.3085798 -0.6384499 0.009963214 -0.6047006 -0.7963907 0.1753442 -0.6848214 -0.7073006 0.6255949 -0.780134 0.004707515 -0.5689491 -0.7651872 -0.3013065 -0.6796379 -0.6999644 -0.2194136 -0.8948795 -0.039052 -0.4445961 -0.8533119 -0.1564243 -0.4973835 -0.9007411 -0.2373026 -0.3638036 -0.8817027 -0.1187638 -0.4566133 -0.7428177 0.4693647 -0.4774083 -0.6848646 0.5599664 -0.4662599 -0.6340563 0.6067949 -0.4793461 -0.6414795 0.6339395 -0.432001 -0.5934638 0.7569131 -0.2736483 -0.6047611 0.724687 -0.3302921 -0.6222016 0.7250428 -0.2952595 -0.08156913 0.9248662 -0.3714418 -0.3157291 0.6330383 -0.7068082 -0.5478958 0.6038886 -0.5789031 -0.395606 0.7156081 -0.5756744 -0.4934993 0.5536597 -0.6707603 -0.6835216 0.5374727 -0.493884 -0.5361471 0.6729161 -0.5096374 -0.3749808 0.6649096 -0.6459758 0.02965056 0.9977153 0.06070429 0.027345 0.9991231 0.03170609 -0.3749679 0.664861 -0.6460332 -0.2276611 0.9386579 -0.2590213 -0.05979096 0.9647542 -0.2562701 -0.04909771 0.9951512 -0.08522725 -0.1234484 0.9659956 -0.2271854 -0.2290564 0.9517555 -0.2041928 -0.1023917 -0.8760872 -0.4711552 -0.159446 0.9151446 -0.3702532 -0.4551268 -0.5958055 -0.6617215 -0.159488 0.9151484 -0.3702259 -0.5869825 0.4847784 -0.6484146 -0.4551175 -0.5958154 -0.661719 -0.5924897 0.6080514 -0.5284218 -0.7448605 0.5904236 -0.3107777 -0.6035295 0.7042399 -0.3738963 -0.2098434 0.7292749 -0.6512479 -0.1334334 0.9875538 0.08326566 0.008372783 0.9534263 0.3015101 -0.3355487 0.7387676 -0.5844908 -0.7365986 0.6445435 0.2049057 -0.6843126 0.69713 0.2138367 -0.6875526 0.6612588 0.3000137 -0.7502874 0.5934202 0.2914129 -0.6548432 -0.4072508 0.6366532 0.7471283 -0.6550127 0.1129508 -0.5584174 -0.5221713 -0.6445985 -0.5313363 -0.5645617 -0.6316264 -0.5147906 -0.6245906 -0.5872625 -0.4275118 -0.466184 -0.7745363 0.00706464 -0.6082761 -0.793694 -0.0507276 -0.5688745 -0.8208585 0.02002042 -0.3866333 -0.9220162 0.2718585 0.9508942 0.1479634 9.25083e-6 1 3.3481e-7 -7.7337e-6 1 1.37836e-6 -0.6591355 0.6167522 0.4302989 0.006466031 0.9896296 0.1434973 -0.5728827 0.8115878 0.1145905 -7.27153e-4 -0.9994236 0.0339415 0.6606764 -0.5221892 0.5392822 1.84944e-5 -1 2.32077e-6 -0.6376715 -0.7121872 0.2935381 1.91163e-5 -1 -2.44752e-6 -0.8272392 0.05812966 0.5588349 -0.7550905 -0.04994827 0.6537151 -0.9616249 -0.04037213 0.2713815 -0.9698352 -0.03799319 0.2407824 0.02327746 0.2144911 0.9764486 0.672204 0.5723032 -0.4696923 0.009847044 0.1316596 0.9912461 -0.007575511 0.05281418 -0.9985756 0.03307968 0.07227998 0.9968357 0.9992227 0.03645533 -0.01500391 0.03372746 -0.3273618 0.944297 0.9998161 0.00501275 -0.0185166 0.02392262 -0.3559982 0.9341804 0.9993527 0.03539925 -0.006409466 0.02731829 -0.4843251 0.8744617 0.9998153 0.009514808 -0.01669973 0.02781724 -0.6747104 0.7375582 0.999006 0.04365921 0.009004592 0.02797317 -0.6593413 0.7513232 0.9996634 7.24245e-4 -0.02593189 0.01311796 -0.7892004 0.6139957 0.9998111 0.0160312 -0.010993 1 -1.24167e-7 0 0.9996832 0.02496224 0.00323981 0.04175686 -0.8007304 0.5975678 0.999812 0.0183137 -0.006371855 0.02359879 -0.9605068 0.2772542 0.9996788 0.02331417 0.009936749 0.02980601 -0.9779437 0.2067313 0.9992253 0.02333748 0.03168934 0.02778446 -0.9991713 -0.02974474 0.9996092 0.01865625 -0.02082008 0.9519268 0.2632997 -0.1565526 0.9997757 0.01756602 0.01183128 0.9685484 0.1744768 0.1774031 0.9998162 0.01869279 0.004279136 0.02367436 -0.902601 -0.4298268 0.9998219 0.01713472 0.007914602 0.02321743 -0.8561818 -0.516153 0.9991178 -0.002160251 0.04194158 0.0181328 -0.7930343 -0.6089071 0.9999022 0.01014256 0.009632647 0.9997815 0.009048283 0.01884424 -0.02346968 0.7091268 0.7046903 0.3584987 -0.4736003 -0.8044759 0.9996677 3.90133e-4 0.02577501 0.3592954 -0.558214 -0.7478663 -0.02172243 0.4929909 0.8697633 0.02048784 -0.335776 -0.9417191 0.9998748 0.01227915 0.009980618 0.9999449 -0.001194775 0.01043879 -0.01590681 0.2630661 0.9646467 0.02056872 -0.1544672 -0.9877839 0.999904 0.001800954 0.01374256 0.9998861 1.2517e-5 0.01509368 -0.01793932 -6.12872e-4 0.9998389 0.02102476 0.1185622 -0.9927241 0.9988857 -0.04572737 0.01168036 0.009996652 0.2808454 -0.959701 0.999889 -0.008852064 0.0119847 0.9999719 -0.005910575 0.004617154 0.9937912 0.09268653 0.06154829 0.04922711 0.2925328 -0.9549877 0.9986661 0.0312348 0.04111653 0.0167827 0.6042448 -0.796622 -0.01823335 -0.6028315 0.7976602 0.9999 -0.008905529 0.01098972 0.9919839 -0.109533 -0.06301301 0.01138371 0.7865923 -0.6173678 0.9998148 -0.014584 0.01256483 1 1.38307e-6 0 0.9997221 -0.009528756 0.02156084 0.04909902 0.7936668 -0.6063682 0.999815 -0.01729398 0.00841701 0.02856636 0.9671294 -0.2526754 0.9996473 -0.01367729 0.02276813 0.02376157 0.9874308 -0.1562555 0.9998142 -0.01891392 0.003726184 0.02290731 0.9984737 0.05025523 0.9995718 -0.01923793 0.02205497 0.02434903 0.9972197 0.07042765 0.9998145 -0.01921993 -0.00124669 0.02290183 0.9517759 0.3059382 0.9991145 -0.0289188 0.03056263 0.01177269 0.9253967 0.3788171 0.9996067 -0.01061463 -0.02595925 1 -1.24172e-7 0 0.9993483 -0.03208816 0.01653331 0.04230982 0.918885 0.3922504 0.9997755 -0.00993365 -0.01871567 0.03265136 0.7456008 0.6655924 0.9992226 -0.03801792 0.01043301 0.04575431 0.7506445 0.6591202 0.9997668 -0.004156351 -0.02119082 0.03105705 0.400316 0.9158508 0.9990804 -0.0428372 0.001802742 0.02517759 0.4428845 0.8962251 0.9997507 0.002905786 -0.02214175 -0.01021099 -0.3740765 0.9273417 -0.114491 -0.4495255 0.8859 -0.2089649 -0.272966 0.9390545 -4.17504e-4 -0.0664727 0.9977881 -0.01132631 -9.77519e-4 0.9999355 -0.01118046 0.06801438 0.9976217 -0.2968668 0.5688061 0.7670266 -0.07261139 0.3894581 0.9181776 -0.2009156 0.4148097 0.887449 0.1016223 0.6278674 0.7716576 0.06833851 0.4922028 0.8677939 0.2471866 0.2602745 0.9333574 0.02538681 -0.08430653 0.9961165 -0.02507495 -0.6231912 0.7816675 0.01025706 -7.90622e-6 0.9999474 0.01697927 0.7280863 0.6852752 0.4188079 -0.5941595 0.6867128 0.05167078 -0.7565096 0.6519383 0.02259117 -0.873479 0.4863377 9.18275e-4 -0.8894855 0.4569625 0.02114486 -0.9694495 0.2443781 -0.01923328 -0.9881661 0.152177 -0.01662623 -0.9998587 0.002497076 -0.01932787 -0.9939931 -0.1077232 -0.01944732 -0.9674176 -0.2524382 -0.01245266 -0.9347997 -0.3549568 -0.0214678 -0.8705229 -0.4916594 -0.01704895 -0.8264737 -0.5627171 -0.01897394 -0.7130929 -0.7008128 -0.01706486 -0.6464858 -0.7627351 -0.01971286 -0.5091471 -0.8604539 -0.02106255 -0.4462378 -0.8946666 -0.0359289 -0.2867111 -0.9573432 -0.02426397 -0.1115594 -0.9934616 -0.006272017 0.01329636 -0.999892 0.03368973 0.1585759 -0.9867718 0.00339812 0.1917925 -0.9814297 0.03291893 0.4072722 -0.9127135 0.002936244 0.438316 -0.8988162 0.02832639 0.6301829 -0.7759299 0.001105904 0.655521 -0.7551763 0.04068791 0.8001146 -0.5984656 0.00524336 0.8274424 -0.5615264 0.03105032 0.9314668 -0.3624991 0.004979729 0.9442117 -0.3293015 0.02132779 0.9940199 -0.1070964 -1.28215e-4 0.9972976 -0.07346796 0.03570127 0.9887307 0.1453858 0.002088487 0.9827021 0.1851819 0.02776384 0.9158652 0.400525 0.002897083 0.9040456 0.4274262 -0.004113733 0.7592848 0.6507455 0.1282337 0.8822512 -0.452978 1.28534e-5 0.7903292 -0.6126825 0.0255137 0.9076479 -0.4189565 -0.01470911 0.876703 -0.4808073 9.51387e-4 0.8695654 -0.4938169 -0.3460247 0.7922394 0.5026169 -0.2031224 0.9446325 0.2577027 0.00110656 0.810651 0.5855288 0.09419864 0.9892765 -0.1116178 0.06974607 0.9925211 0.1001876 -0.006406068 0.8779376 0.4787323 -0.007001221 0.04628956 0.9989036 -0.3449318 0.09267801 0.9340413 0.02215462 -0.09396332 0.9953292 -0.00441271 -0.859446 0.5112076 0.005098879 -0.8317415 0.5551397 3.9303e-4 -0.7727439 0.6347178 -0.3049368 -0.8515828 0.4264042 -1.13662e-4 -0.8704597 0.4922398 0.007368803 -0.9359832 0.3519678 -0.004790246 -0.8718522 -0.4897456 0.004841208 -0.8976248 -0.440734 -0.005174517 -0.9190893 -0.3940155 -2.65019e-7 -0.9175578 -0.3976026 -1.12342e-5 -0.8527827 -0.522266 -1.50377e-4 -0.8616659 -0.5074762 0.004891395 -0.801912 -0.5974222 0.0334472 -0.8333231 -0.5517734 8.07613e-4 -0.5002389 -0.8658871 0.007436871 -0.5225452 -0.8525791 -0.001584887 -0.6057187 -0.7956774 4.15172e-4 -0.6116685 -0.7911142 -0.2674093 -0.9634697 -0.01478487 0.01076161 -0.6027803 -0.7978346 -3.08765e-4 -0.883382 -0.4686536 0.005635976 -0.4040324 -0.9147274 -6.73853e-4 -0.4703219 -0.8824947 -2.03684e-4 -0.4930331 -0.8700105 0.01768207 -0.5135834 -0.8578575 -7.29741e-4 -0.4995788 -0.8662681 -5.28104e-4 -0.6090861 -0.793104 4.77417e-4 -0.3202387 -0.9473368 -4.31981e-4 -0.1857659 -0.982594 0.003229379 -0.2090847 -0.9778922 0.002953708 0.06788033 -0.9976892 -1.76185e-4 0.1686261 -0.9856801 -2.04256e-4 0.245101 -0.9694975 0.01315093 0.3998175 -0.9165005 -0.09973949 0.4291926 -0.8976891 0.1530132 0.5311881 -0.8333225 -0.03540247 -0.7212882 -0.6917297 3.48414e-4 -0.7500947 -0.6613305 4.03298e-4 -0.9416205 -0.336676 0.001741409 -0.956092 -0.2930618 2.52462e-4 -0.9912533 -0.1319734 0.001696765 -0.9660912 -0.2581954 -0.005197227 -0.9780068 -0.2085087 6.54676e-4 -0.9722284 -0.234033 0.001507043 -0.9993163 -0.03694283 1.4334e-4 -0.9999198 -0.01267158 -0.02667587 -0.9982909 0.05199784 -0.003444612 -0.9660003 0.2585183 -0.3188877 -0.6825035 0.657647 0.008595764 -0.6433092 0.7655582 -0.3148204 -0.5539992 0.7706965 -0.2103065 -0.5700429 0.7942433 0.02473062 -0.1887762 0.9817087 -0.005517005 0.1913136 0.9815135 0.006716728 0.3638723 0.9314247 -0.001204848 0.4488965 0.8935831 -0.007245242 0.5972002 0.8020595 -0.04819744 0.6598348 0.7498634 9.19639e-4 0.9463008 0.3232864 0.004763901 0.9877383 0.1560461 6.9667e-5 0.9975452 0.07002675 0.001744329 0.9944158 -0.1055185 -0.004577577 0.982236 -0.1875941 0.01781737 0.6252771 -0.7801994 -0.04261821 0.9989419 -0.01728653 4.67112e-4 -0.6719323 -0.7406125 0.9999914 -0.002526462 0.0032866 0.9999995 6.40689e-4 -8.10834e-4 0.9673764 -0.1602277 0.1962397 0.9999819 -0.004701197 0.003750979 0.9999995 8.31008e-4 -6.07211e-4 0.9570422 -0.2486363 0.1491658 0.9999951 -0.003083348 5.87227e-4 0.9999995 0.001045227 -1.1727e-4 0.9751293 -0.2201277 0.02582293 0.9999947 -0.002998352 -0.001335978 0.9999995 9.26249e-4 4.98734e-4 0.9751339 -0.1956428 -0.1041051 0.9999942 -0.001781582 -0.0029307 0.9999995 4.76304e-4 9.34199e-4 0.9751273 -0.1015672 -0.1970053 0.9992175 0.03882402 0.007561683 0.9999995 -3.86141e-4 9.54434e-4 0.9751341 0.08415162 -0.2050173 0.9999825 0.002436995 -0.005387425 0.9999995 -4.79363e-4 9.38639e-4 0.9751279 0.1015621 -0.1970047 0.9992211 0.02773952 0.02806711 0.9999996 -8.62315e-4 5.65417e-4 0.9751229 0.1859721 -0.1206222 0.9999821 0.005132615 -0.003081083 0.9999995 -9.08397e-4 4.8181e-4 0.9751268 0.1956691 -0.1041225 0.9992207 0.006917417 0.03886115 0.9999995 -0.001031637 -3.02e-5 0.9751006 0.2216597 0.006769955 0.9999819 0.006000995 4.08728e-4 0.9999995 -0.001020431 -1.14596e-4 0.9751439 0.2200636 0.025819 0.999228 -0.01607769 0.03584897 0.9999996 -8.27625e-4 -6.14546e-4 0.9750931 0.1783696 0.1318244 0.999982 0.004700541 0.003751218 0.9999995 -7.68833e-4 -6.84552e-4 0.9751233 0.1662694 0.1465917 0.2244598 -0.9562566 0.1875929 0.2226584 -0.9342209 0.278666 0.4341649 -0.8632512 0.2574846 -1.84476e-5 -0.5551776 0.831732 0.356381 -0.5059954 0.7854688 1.08257e-5 -0.7070921 0.7071216 4.70877e-6 -0.6901336 0.7236821 0.2441733 -0.6666589 0.7042339 -0.003252625 -0.7900655 0.6130139 3.25127e-5 -0.7501007 0.6613236 0.3081026 -0.7178003 0.6243683 -0.0454626 -0.8762246 0.4797537 8.91024e-6 -0.8527912 0.522252 0.3881307 -0.7746554 0.4992631 3.08305e-5 -0.979399 0.2019343 0.2186611 -0.9691663 0.1135956 0.2186656 -0.9658473 -0.1390122 0.216481 -0.8965044 -0.3865437 0.217271 -0.7692179 -0.6009137 0.2182407 -0.5915412 -0.7761765 0.2172178 -0.3917729 -0.8940529 8.87364e-6 -0.04326683 -0.9990636 0.009764552 -0.1909918 -0.9815431 0.2191047 -0.1320338 -0.9667266 4.40329e-6 0.1294518 -0.9915858 1.77175e-5 0.04326266 -0.9990637 0.2181549 0.04232257 -0.9749961 -9.74536e-6 0.2588207 -0.9659255 -4.94719e-6 0.2146694 -0.9766868 0.2193907 0.2194515 -0.950636 6.44475e-6 0.3796637 -0.9251246 2.75224e-5 0.2982869 -0.9544763 0.2181563 0.2912109 -0.9314527 1.25915e-5 0.5000072 -0.8660213 -2.11373e-5 0.4582115 -0.8888432 0.207825 0.4583833 -0.8641144 -2.09138e-5 0.6044466 -0.7966457 -6.3777e-6 0.533329 -0.8459081 0.2181324 0.5205711 -0.8254841 9.02265e-6 0.7071107 -0.7071029 -1.45957e-5 0.6710354 -0.7414253 0.2185829 0.6618895 -0.7170243 1.78218e-5 0.7887043 -0.6147728 1.03563e-6 0.7326151 -0.6806433 0.2181357 0.7150398 -0.6641799 4.85778e-6 0.8660289 -0.4999939 -2.09287e-5 0.8388881 -0.544304 0.2158084 0.8188003 -0.5319708 2.1629e-5 0.9200944 -0.3916967 1.20923e-5 0.8827948 -0.4697591 0.2054502 0.8641157 -0.45945 -8.21799e-6 0.9659302 -0.258803 -9.34303e-6 0.9505093 -0.3106964 0.2110714 0.9298105 -0.3014985 -1.87159e-5 0.9898185 -0.1423359 1.38059e-5 0.9738079 -0.2273724 0.2181724 0.9503769 -0.2217763 1.08629e-5 1 1.2193e-5 -3.08827e-5 0.9984158 -0.05626678 0.2184791 0.9748004 -0.04506742 -2.88338e-6 0.9931865 0.1165359 -2.01017e-5 0.9995426 0.03024244 0.2181538 0.9754647 0.02962481 2.8789e-5 0.9659224 0.2588318 7.47293e-6 0.9794014 0.2019231 0.2188455 0.9529818 0.2096004 2.29776e-5 0.9299898 0.3675855 3.48762e-5 0.9582796 0.2858325 0.2181371 0.9351715 0.2790532 -2.68891e-5 0.8660174 0.5000141 -2.91318e-6 0.8947316 0.4466043 0.2181999 0.8670981 0.4478056 4.54485e-7 0.8044543 0.5940145 2.39387e-5 0.8527862 0.5222601 0.2181764 0.8321795 0.5097808 0.01133614 0.6958544 0.7180934 -2.44379e-6 0.7501057 0.661318 0.1604641 0.724054 0.6708183 2.51904e-5 0.6250079 0.7806184 2.08467e-5 0.6901215 0.7236936 0.2150742 0.6599211 0.719894 0.3014945 0.3237163 0.8968327 0.1378642 0.5573342 0.8187626 0.3819644 0.5446045 0.7466654 0.4626242 0.2048196 0.8625706 0.3309792 0.4809628 0.8118668 0.4341253 0.5001339 0.7492672 0.8675878 0.2765005 0.4133268 0.6554883 -0.3825706 0.6511335 0.7810729 0.3483589 0.5182387 0.7184747 -0.1603436 0.6768191 0.920641 0.2142065 0.3263982 0.903122 0.2438138 0.3534482 0.9751259 0.1230579 0.1843538 0.7606317 -0.570781 0.3092712 0.5170279 0.6653397 0.5385215 0.9999929 -0.003792583 2.80421e-5 0.953008 -0.2139074 0.2145217 0.9747539 -0.1248123 0.1851405 0.9016586 -0.2398638 0.3598294 0.9120061 -0.2909265 0.2891482 0.7793034 -0.3485731 0.5207523 0.9851306 -0.1160485 0.1266911 0.6128006 -0.4538785 0.6468924 0.5657745 -0.3097848 0.7641549 0.4471541 -0.517394 0.7296278 0.3570943 -0.391307 0.8481525 0.2205574 -0.4763124 0.8511645 0.02333354 -0.5216795 0.8528226 1.84998e-5 0.5551809 0.8317297 -3.47197e-6 0.6087657 0.7933501 0.2195405 0.6137407 0.7583695 1.63391e-5 -0.2146695 -0.9766868 1.46106e-5 -0.2588229 -0.9659249 0.2199117 -0.2952351 -0.9297716 -2.16067e-6 -0.4582108 -0.8888437 1.16974e-5 -0.4999976 -0.8660268 0.2199201 -0.5240687 -0.8227923 -2.20388e-5 -0.6710423 -0.7414191 1.60709e-5 -0.7071039 -0.7071098 0.2198472 -0.7177885 -0.6606413 -1.86786e-5 -0.8388821 -0.5443134 3.91155e-6 -0.8660292 -0.4999934 0.2198452 -0.8633525 -0.4541922 1.12206e-5 -0.9505139 -0.3106821 -8.41916e-6 -0.9659268 -0.2588158 0.2197776 -0.9510493 -0.2172629 8.2776e-6 -0.9984163 -0.05625742 -2.09883e-5 -1 1.12519e-5 0.2141543 -0.9759469 0.04081231 0.02649885 -0.9848229 0.1715279 0.2778726 -0.9129183 0.2989432 1.79112e-5 -0.9299903 0.3675842 -0.006762444 -0.9187551 0.3947702 0.2624433 -0.7787017 0.569866 2.71797e-5 -0.8044518 0.5940179 0.1325367 -0.7220777 0.6789977 0.3617551 -0.4687172 0.8058769 2.36481e-5 0.7933617 0.6087505 0.1777788 0.7659164 0.617873 0.427147 0.7134202 0.5554971 0.2162557 0.8217063 0.5272878 -5.64702e-4 0.9923595 0.1233799 0.2782593 0.9585496 0.06127524 0.2148839 0.971279 0.1021875 0.5887537 0.7962216 0.1392853 0.3240888 0.8219374 -0.468386 0.2162747 0.7824884 -0.5838983 0.001628637 0.3349007 -0.9422521 0.2180303 0.3615161 -0.9065147 0.4322004 0.4009748 -0.8077266 0.2163336 0.3107331 -0.9255511 0.3364474 -0.4257648 -0.8399568 0.4801549 -0.391344 -0.7850486 0.07200789 -0.8830496 -0.4637224 0.2912498 -0.8428704 -0.4524858 0.2299491 -0.9024084 -0.3643935 0.4219607 -0.7956393 -0.4346346 -3.81477e-4 -0.9992881 0.03772759 0.278307 -0.9571718 0.07979536 0.4206039 -0.9046665 0.06834506 0.4861397 -0.8389833 0.24449 0.3117959 -0.9176399 0.2464151 0.337511 -0.8852924 0.3199123 0.09146291 -0.9319422 0.3508825 0.4550052 0.6955134 0.5560858 0.7821045 0.5230479 0.3387234 0.5651357 0.8241735 0.03687566 0.7850913 0.6144392 -0.07807826 0.006530225 0.8944263 -0.4471679 0.3491123 0.8021987 -0.4843532 0.2690581 0.8806919 -0.3898586 0.5587493 0.7173913 -0.4161116 0.6196624 0.631219 -0.4664559 0.7826732 0.4941204 -0.3785071 0.5678052 0.2833201 -0.7728694 0.8868357 0.07354325 -0.4561952 -3.46676e-5 -0.299965 -0.9539502 0.3436 -0.4017227 -0.8488569 0.5419974 -0.3566361 -0.760953 0.6196893 -0.4013867 -0.6744434 0.7821219 -0.318974 -0.5352953 0.264233 -0.8132615 -0.5184466 0.5049031 -0.7474781 -0.431682 0.6156782 -0.7166106 -0.3277342 0.7820944 -0.5670439 -0.2584372 -3.60087e-5 -0.998513 -0.05451613 0.2105132 -0.9752122 -0.06815838 0.343603 -0.935895 0.07770103 0.5587338 -0.8274964 0.05537593 0.6196694 -0.7725121 0.1386905 0.7826687 -0.6106535 0.1205489 0.3925231 -0.8685159 0.3026646 0.3641551 -0.8689757 0.3350706 0.3473749 -0.8683096 0.3540751 -3.27379e-5 0.6263641 0.7795307 0.3435531 0.6829309 0.6446524 0.5419965 0.6089575 0.5791464 0.6210888 0.6229877 0.4755367 0.7823783 0.499294 0.3722767 0.7822031 0.5313094 0.3253749 0.9012964 0.3694313 0.2262418 0.5198881 0.8460589 0.1179008 0.7817934 0.623321 0.0164361 0.9013021 0.4325059 -0.024356 0.5379225 0.7611293 -0.3623836 0.7820349 0.5215809 -0.3411375 0.9012968 0.3416821 -0.2663034 0.003984928 0.5628192 -0.8265705 0.3466256 0.4571408 -0.8190684 0.2468894 0.57945 -0.7767131 0.554603 0.4166674 -0.7202804 0.6210969 0.3090686 -0.720219 0.7821239 0.2392806 -0.5753494 0.7822114 0.1858453 -0.5946484 0.9012982 0.1292408 -0.4134711 -0.05604177 -0.24348 -0.9682855 0.3490971 -0.3381032 -0.8739666 0.1840631 -0.3484135 -0.9190914 0.5412416 -0.2981027 -0.7862521 0.6211158 -0.3480123 -0.7022127 0.7815568 -0.2834786 -0.5557057 0.7821988 -0.3322845 -0.5270218 0.9012985 -0.2310194 -0.3664573 -7.25612e-5 -0.7338157 -0.6793487 0.3435969 -0.7700031 -0.5376211 0.5419939 -0.6872438 -0.4836721 0.6210924 -0.6859326 -0.3791315 0.7815269 -0.5494896 -0.2954269 0.7822007 -0.5732446 -0.2440348 0.9013028 -0.3985694 -0.1696933 0.5198881 -0.8542031 0.007325887 0.7817962 -0.6189996 0.07506209 0.9013017 -0.4242722 0.08745616 0.5460097 -0.7686116 0.3333312 0.4963575 -0.7844152 0.371917 0.3215987 -0.8322917 0.4515142 0.4441686 0.6339337 0.6331212 0.6275426 0.5531875 0.5478813 0.6244707 0.5857556 0.5166496 0.7824443 0.467005 0.4119313 0.9012944 0.3485064 0.2573168 0.9750967 0.1889734 0.1160849 0.9013053 0.4028559 0.1592363 0.9012939 0.3876137 0.1934558 0.7821872 0.5574581 0.2782513 -1.00583e-5 0.9238848 0.3826711 -7.0557e-5 0.9306286 0.3659651 0.2126692 0.9101147 0.3556164 0.3435642 0.9128148 0.2207555 0.5504541 0.8089216 0.2065094 0.6211177 0.7768293 0.103678 0.7821268 0.6184583 0.07607305 0.9012829 0.4330332 0.01309978 0.9751041 0.2214098 -0.01223438 0.9013019 0.4218447 -0.09849947 0.901287 0.4288145 -0.06164562 0.7821976 0.6166813 -0.08872008 0.5199111 0.7930361 -0.3174687 0.7817753 0.5493346 -0.2950577 0.9013029 0.3633981 -0.2357856 0.9751077 0.174952 -0.1362237 0.9012845 0.2907135 -0.3212043 0.9012931 0.3173679 -0.2948702 0.7822013 0.4564186 -0.4240794 0.5379639 0.4809488 -0.6923027 0.7820656 0.2835325 -0.554962 0.9012835 0.1644868 -0.4007895 0.9751151 0.06616336 -0.2115961 0.9012854 0.0560773 -0.4295812 0.9012927 0.09298688 -0.4231135 0.7822052 0.1337605 -0.6084926 0.3377642 -0.2455699 -0.9086313 0.5384525 -0.2218373 -0.8129312 0.6209598 -0.2860042 -0.7298018 0.8010602 -0.2287783 -0.5531392 0.8967567 -0.2051695 -0.3920879 0.9759058 -0.133515 -0.1725738 0.9013049 -0.2906868 -0.3211712 0.9012935 -0.261862 -0.3451061 0.7822084 -0.3766018 -0.4963075 0.02846008 -0.6620266 -0.7489399 0.3183773 -0.6747518 -0.6658425 0.4120003 -0.7051228 -0.5771114 0.6138257 -0.6228368 -0.4850694 0.6244643 -0.6551325 -0.4252597 0.8055413 -0.4999129 -0.3181045 0.898148 -0.3899298 -0.2031873 0.9759672 -0.2082878 -0.06406486 0.9013037 -0.4218413 -0.09849631 0.9012947 -0.4117711 -0.1345825 0.7821938 -0.5922098 -0.1935469 -7.5914e-5 -0.9742057 -0.2256618 0.3435873 -0.935297 -0.08466053 0.5419846 -0.8366777 -0.07888829 0.6210943 -0.7836555 0.01123279 0.8097141 -0.586449 0.0209912 0.8999633 -0.4323636 0.05592733 0.9760267 -0.2069771 0.06732296 0.9013042 -0.4028589 0.1592338 0.9012888 -0.4151405 0.123843 0.7821877 -0.5970513 0.1780794 0.8879644 -0.3902063 0.2434302 0.67958 -0.601342 0.4201889 0.5303968 -0.7188649 0.4493468 0.3229547 -0.7866587 0.526183 0.1322461 -0.8347661 0.5344871 0.9750309 0.1401969 0.1722197 0.9999957 0.002060532 0.002106189 0.9999995 -6.97784e-4 -7.24025e-4 0.9751275 0.1529627 0.1604023 0.9018937 0.2711431 0.3362576 0.9751297 0.1983032 0.0989843 0.9751242 0.2061392 0.08148348 0.9751327 0.2123759 0.06334644 0.9999952 0.003035068 5.82263e-4 0.9999996 -9.86047e-4 -1.97375e-4 0.9751477 0.2169918 0.0447399 0.9013053 0.4151125 0.1238157 0.7818384 0.5788134 0.2317407 0.6238407 0.6992844 0.3490332 0.9751287 0.2193819 -0.03155106 0.9751279 0.2158387 -0.05039149 0.9751229 0.2106943 -0.0688712 0.9999948 0.002986371 -0.001322269 0.9999995 -9.2236e-4 3.97634e-4 0.9751488 0.2038487 -0.08677917 0.901284 0.4117887 -0.1346001 0.7817952 0.6066461 -0.1441417 0.6238525 0.7735819 -0.1112614 0.9751291 0.1623718 -0.1508603 0.9751237 0.1487444 -0.1643445 0.9751331 0.1339567 -0.1765532 0.9999942 0.001761972 -0.002916038 0.9999996 -5.32299e-4 8.52831e-4 0.9751272 0.118209 -0.187493 0.9012827 0.2618662 -0.3451314 0.7817813 0.4166318 -0.4639353 0.6238414 0.57258 -0.531953 0.9751295 0.04757243 -0.2164703 0.975133 0.02868539 -0.2197564 0.9751237 0.009589135 -0.2214543 0.9999938 -2.18432e-4 -0.003541946 0.9999995 5.04969e-5 0.001048684 0.9751386 -0.009584844 -0.2213885 0.9012836 0.0187425 -0.4328238 0.7815247 0.08340632 -0.6182739 0.623858 0.1677737 -0.7633174 0.5198926 0.1289079 -0.8444493 0.5379768 0.07399547 -0.8397058 0.7818002 0.02454626 -0.6230457 0.782074 -0.02923077 -0.6224997 0.9013031 -0.01873874 -0.4327836 0.9012849 -0.05607897 -0.4295822 0.975129 -0.0286948 -0.2197726 0.9751176 -0.04757404 -0.2165233 -0.001523256 0.08424079 -0.9964444 0.2249821 0.1207435 -0.9668526 0.5546252 0.004308283 -0.8320892 0.7821204 -0.07777005 -0.6182553 0.9012811 -0.09300416 -0.4231346 0.9750786 -0.06611305 -0.2117801 0.9998058 0.01877456 -0.00599426 0.2201679 -0.03201538 -0.9749365 0.5199201 -0.09218215 -0.8492264 0.5546635 -0.1390475 -0.8203744 0.7817871 -0.1362276 -0.6084825 0.782772 -0.1825418 -0.5949341 0.9012878 -0.1292231 -0.4134994 0.9184181 -0.1601067 -0.3617655 0.9751281 -0.08415144 -0.2050459 0.9751288 -0.1339676 -0.1765694 0.9751271 -0.1487305 -0.1643368 0.975098 -0.1624428 -0.1509847 0.9998045 0.01181191 -0.01586139 0.9749888 -0.1751635 -0.1368017 0.9012828 -0.3173904 -0.2948776 0.7818424 -0.4163346 -0.464099 0.623844 -0.4724079 -0.622615 -6.74128e-5 -0.5348174 -0.8449676 0.3436181 -0.6061762 -0.7172706 0.5420066 -0.5400301 -0.6438916 0.6210975 -0.5656285 -0.5424965 0.781553 -0.4552131 -0.426563 0.7864564 -0.4851889 -0.3822016 0.9013057 -0.3416562 -0.2663066 0.9221256 -0.3315371 -0.1994184 0.9751408 -0.1858874 -0.1206093 0.9751303 -0.210663 -0.06886196 0.9751334 -0.215814 -0.05039107 0.9750679 -0.2196349 -0.0316711 0.9997932 2.95453e-4 -0.02033221 0.9748872 -0.2223252 -0.01290506 0.9013043 -0.4287749 -0.0616672 0.7815547 -0.6068833 -0.1444473 0.6238445 -0.7428668 -0.2428315 0.3243173 -0.9097471 -0.2591879 0.4945443 -0.8389146 -0.2272623 0.6149626 -0.7818455 -0.102658 0.7815257 -0.6171329 -0.09145808 0.7858311 -0.6174147 -0.03561937 0.9013041 -0.4325006 -0.02437573 0.9252734 -0.3783434 0.02693516 0.975133 -0.2215191 0.006702363 0.9751293 -0.212388 0.06335842 0.9751333 -0.2061054 0.08146005 0.9750408 -0.198706 0.09905207 0.9997863 -0.01170873 -0.01704084 0.9748256 -0.1902286 0.116311 0.9012952 -0.3876015 0.1934741 0.781869 -0.578912 0.2313914 0.6238423 -0.7489438 0.2233922 0.9999976 0.001426875 0.001692771 0.9999995 -5.74279e-4 -8.59327e-4 0.9013041 0.2989546 0.3134917 0.7822206 0.3893722 0.4863336 0.6238374 0.4339129 0.6500357 0.2448819 0.09092432 0.9652801 0.9013042 0.3249322 0.2864788 0.7811 0.4340621 0.4488575 0.623908 0.4641039 0.6287658 0.5981674 0.5293372 0.6016628 0.5484142 0.7432475 0.3831776 0.7716071 0.5508929 0.3180248 0.8562691 0.4319419 0.2832484 0.9370456 0.3094935 0.1617387 0.9914445 0.128638 -0.02214342 0.9999977 0.002045035 5.50896e-4 0.9999995 -9.86323e-4 -4.01214e-4 0.9963742 0.06569826 -0.05405759 0.9012824 0.4243067 0.08748638 0.7817903 0.5982169 0.1758992 0.6210881 0.7241913 0.2996608 0.542014 0.7372211 0.4033931 0.3435562 0.8255463 0.447708 -4.72628e-5 0.8054927 0.5926058 0.9013048 0.4302346 0.05047827 0.7816423 0.6113399 0.1236892 0.5350478 0.7982478 0.2766307 0.5198789 0.787443 0.3311488 0.5484154 0.8291736 -0.1082201 0.7715979 0.6339623 -0.05223548 0.8562657 0.5163692 -0.01310598 0.9370341 0.3465437 -0.04329496 0.9914444 0.09313517 -0.09145522 0.999998 0.001893699 -6.81605e-4 0.9999995 -0.001005053 2.38225e-4 0.9963763 0.02327299 -0.08180928 0.9012827 0.3986151 -0.1696925 0.7820077 0.5917118 -0.1958088 0.5379609 0.8286237 -0.1548576 0.5198811 0.847975 -0.1032586 0.9013069 0.3824118 -0.2034874 0.7821111 0.5744796 -0.2414029 0.5546582 0.8024909 -0.2199153 0.207862 0.9685676 -0.1366397 -1.81846e-4 0.9908383 -0.1350538 0.6210944 0.725896 -0.2954942 0.3435892 0.90203 -0.2613208 0.548417 0.6199806 -0.5611267 0.77161 0.4913637 -0.4039551 0.8562754 0.4170044 -0.3047946 0.9370437 0.260214 -0.2328901 0.9914475 0.02449518 -0.1281865 0.9999982 0.00111252 -0.001576125 0.9999995 -7.01189e-4 7.82967e-4 0.9963784 -0.0273748 -0.08050358 0.9013015 0.2310314 -0.3664425 0.7821136 0.3789676 -0.4946532 0.5546248 0.5876006 -0.5891664 0.5198953 0.6382813 -0.56772 0.257843 0.7553747 -0.6024336 0.00561434 0.7532575 -0.6577018 0.901304 0.1984915 -0.3850354 0.7817993 0.3304949 -0.5287374 0.621092 0.4835934 -0.6167514 0.3478443 0.6515308 -0.6741751 0.5199223 0.5309446 -0.6691628 0.5484142 0.1901297 -0.814305 0.7716024 0.1739017 -0.6118726 0.8562855 0.1691974 -0.4880033 0.9370478 0.08129566 -0.3396064 0.9914444 -0.05289739 -0.1193309 0.9999984 2.38009e-5 -0.001832485 0.9999995 -1.30786e-4 0.001044571 0.9963795 -0.06830579 -0.05062025 0.3453906 0.2319831 -0.9093345 0.5420435 0.2112232 -0.8133718 0.621086 0.1138005 -0.7754364 0.9999945 -7.54686e-4 -0.003263056 0.9999995 1.39083e-4 0.001012265 0.9990745 -0.0423215 0.007687509 0.6210839 -0.089064 -0.7786671 0.3442037 -0.008898675 -0.9388529 0.9999995 5.58369e-4 8.72225e-4 0.9996193 -0.02745342 -0.002790272 0.6211015 -0.2218788 -0.7516666 0.3436461 -0.1703907 -0.9235119 0.5483874 -0.4967135 -0.6727163 0.7715959 -0.3530915 -0.5291183 0.8562601 -0.2618454 -0.4452592 0.9370363 -0.2058961 -0.2820811 0.9914444 -0.1251438 -0.0371111 0.9999945 -0.002470731 -0.002252161 0.9999995 6.96465e-4 7.64906e-4 0.9963182 -0.08304023 0.02131831 0.9990747 -0.03043925 0.03038734 0.6210948 -0.5165997 -0.5893777 0.5408716 -0.4924101 -0.6819019 0.350638 -0.5545614 -0.754662 0.2165635 -0.5818848 -0.7839071 -0.004143774 -0.501677 -0.8650452 0.9999995 9.49897e-4 4.09536e-4 0.9996042 -0.02427744 0.01421791 0.5163729 -0.6068491 -0.6042295 0.5484121 -0.79137 -0.2701441 0.7715957 -0.5915528 -0.2338917 0.856266 -0.4687827 -0.2169132 0.9370412 -0.3298609 -0.1146555 0.991446 -0.1239907 0.04075765 0.9999948 -0.003226041 -4.29999e-4 0.9999995 0.001037895 2.40386e-4 0.9963229 -0.05617833 0.06468915 0.999075 -0.007757008 0.0422967 0.6210955 -0.7602739 -0.1903258 0.5419842 -0.7883857 -0.2910348 0.343586 -0.8822171 -0.3219342 -6.45369e-5 -0.8836223 -0.4682006 0.9999995 0.001013219 -2.01667e-4 0.9995973 -0.01131075 0.02602577 0.6244758 -0.7797977 -0.04410946 0.4233546 -0.8956426 -0.1363648 0.08064591 -0.9478405 -0.3083745 0.5483995 -0.8043802 0.22854 0.7716072 -0.619453 0.1445702 0.8562682 -0.5088728 0.08861976 0.9370382 -0.3364532 0.09358757 0.9914466 -0.07872217 0.1040993 0.9999949 -0.002864539 0.00148046 0.9999995 9.76481e-4 -3.91413e-4 0.9963269 -0.00947535 0.08510714 0.7827419 -0.5569666 0.2776749 0.5829136 -0.7703734 0.2583344 0.5198976 -0.8236889 0.2263692 0.8185451 -0.4195328 0.3923983 0.9943537 -0.09468168 0.04791939 0.97005 -0.1597571 0.1829777 0.9999995 7.18549e-4 -7.43702e-4 0.9989691 -0.006268918 0.04496151 0.6612842 -0.4933755 0.5650521 0.7953008 -0.3688719 0.4810721 0.8280898 -0.3699742 0.4211726 0.9925113 -0.09271526 0.07953131 0.9950878 -0.06516104 0.07452827 0.7057369 -0.4390575 0.5560253 0.8222502 -0.3538115 0.4457828 0.9932488 -0.09473067 0.0669552 0.02228981 -0.5812588 0.8134135 0.03494602 -0.5813343 0.8129141 -0.02146065 -0.6657972 0.745824 0.02227854 -0.6575644 0.7530689 -0.05476039 -0.7706565 0.6348936 0.04330348 -0.8364289 0.5463621 -0.366751 -0.8298426 0.4205413 0.3549537 -0.887326 0.2943817 -0.4289594 -0.8916895 0.1445121 0.3172976 -0.9478872 0.0288456 -0.4502648 -0.8870798 -0.1017405 0.159177 -0.9583057 -0.2373035 -0.03775894 -0.9236999 -0.3812518 -0.07028836 -0.8698293 -0.4883202 0.06258404 -0.8011408 -0.5951946 -0.05911523 -0.7130669 -0.6985993 0.08148837 -0.6113165 -0.7871797 -0.1189549 -0.4005918 -0.9085021 0.004968822 -0.515602 -0.8568139 0.4325515 -0.2408108 -0.8688552 -0.2860603 -0.1301032 -0.949338 0.3200152 -0.01288998 -0.9473248 -0.1459681 0.1397382 -0.9793705 -0.02505171 0.2532578 -0.9670744 0.02546155 0.243462 -0.9695762 -0.05474328 0.409855 -0.9105066 0.04979872 0.5072804 -0.8603411 -0.1972814 0.5773433 -0.7923097 0.1370269 0.68034 -0.719973 -0.4394425 0.6909556 -0.5739954 0.10765 0.853576 -0.5097249 -0.004987657 0.9117389 -0.4107402 -0.08147507 0.9507713 -0.2989915 0.05895769 0.9839826 -0.1682326 -0.06279832 0.9974751 -0.03316599 0.07358974 0.9928776 0.0936951 -0.3323571 0.8845166 0.327367 0.1910455 0.9678456 0.163636 0.4923408 0.7682096 0.4092123 -0.2699973 0.7506911 0.602963 0.0800938 0.6997339 0.7098997 -0.02595734 0.6303041 0.7759143 -0.03885203 0.5859185 0.8094381 -0.02230811 0.5862895 0.8097945 0.0502026 0.5922629 -0.8041794 -7.20844e-7 0.6249984 -0.7806262 -0.276432 0.592189 -0.7569001 0.06567442 0.6761393 -0.733841 -4.1225e-6 0.7500987 -0.6613259 -0.2932437 0.7343408 -0.6121698 0.02733314 0.7845389 -0.6194771 6.59376e-7 0.8044459 -0.594026 -0.2786041 0.7737303 -0.5689651 0.007568299 0.9179417 -0.3966433 -2.21407e-5 0.9299897 -0.3675858 -0.2637227 0.9011195 -0.3441426 0.1339485 0.9703758 -0.2010689 -1.90457e-5 0.9793999 -0.2019304 -0.4860662 0.8601508 -0.1545333 0.1333246 0.9907143 -0.02664172 1.48127e-6 0.9984157 0.05626779 -0.323643 0.9444974 -0.05639272 0.04227417 0.9598196 0.2774156 -1.5114e-5 0.9505089 0.3106975 -0.3383766 0.9206499 0.1946921 0.0529825 0.7220517 0.6898075 1.28893e-5 0.6710451 0.7414166 -0.2805641 0.6127006 0.7388382 0.0402897 0.5083583 0.8602027 3.08054e-5 0.4582115 0.8888432 -0.2938933 0.4072368 0.8647457 0.08229392 0.2466768 0.9655974 -1.46486e-5 0.2146667 0.9766874 -0.4689584 0.2056123 0.8589538 -0.1483201 -0.1189711 0.9817572 -1.41636e-5 -0.2146663 0.9766876 -0.4815348 -0.1462347 0.864141 1.11312e-5 -0.4582145 0.8888416 -0.2557168 -0.4876006 0.8347783 -0.09125649 -0.5962859 0.7975685 9.17912e-6 -0.6710427 0.7414187 -0.2669038 -0.6949644 0.6676727 -0.07040029 -0.7846129 0.615976 3.79235e-6 -0.8388892 0.5443023 -0.2415032 -0.8403944 0.4851945 3.08454e-5 -0.923873 0.3826994 3.52785e-6 -0.9505026 0.3107165 -0.2226433 -0.9266572 0.3028804 9.99123e-6 -0.9914448 0.1305263 3.71691e-6 -0.9984168 0.05624943 -0.2226263 -0.9733589 0.05486243 -1.79373e-5 -0.9914473 -0.1305081 2.13208e-5 -0.9794 -0.2019299 -0.222639 -0.9548221 -0.1968423 0.05635052 -0.9396342 -0.3375091 -9.49949e-7 -0.8947373 -0.4465931 -0.2789305 -0.8647482 -0.4176222 -0.002489089 -0.7928794 -0.6093735 1.27353e-4 -0.7522915 -0.6588306 -0.2664283 -0.7234914 -0.6368487 0.1440829 -0.629634 -0.7634142 -2.06158e-5 -0.5551795 -0.8317306 -0.2276402 -0.5129499 -0.827685 -0.9981241 0.02312111 -0.05669093 -0.9999996 -5.03756e-4 7.66598e-4 -0.9713487 0.1570124 -0.1784063 -0.9999967 0.001787364 -0.001823663 -0.9999996 -6.30885e-4 6.58603e-4 -0.9579873 0.1782783 -0.2246714 -0.9979614 0.03592628 -0.05274879 -0.9999997 -7.41019e-4 5.50795e-4 -0.9702351 0.2055957 -0.1279618 -0.9999964 0.002652406 -5.1168e-4 -0.9999996 -8.79026e-4 1.83643e-4 -0.9597036 0.2685295 -0.08283048 -0.9962707 0.03787922 -0.0775243 -0.9999996 -9.0689e-4 2.79769e-5 -0.9630141 0.26945 -7.81979e-4 -0.9999877 0.004892587 8.66607e-4 -0.9999997 -8.97897e-4 -1.2877e-4 -0.9585617 0.2845268 0.01428323 -0.999996 0.002591848 0.001149237 -0.9999997 -8.35323e-4 -3.54622e-4 -0.9586386 0.2710825 0.08675575 -0.9999874 0.003577709 0.003544509 -0.9999997 -6.66288e-4 -6.1914e-4 -0.958639 0.2255711 0.1735771 -0.9999957 0.001524686 0.002557635 -0.9999997 -4.84051e-4 -7.66471e-4 -0.9586394 0.1734356 0.2256785 -0.9977508 0.04099863 0.05303275 -0.9999997 -3.45762e-4 -8.35333e-4 -0.961561 0.09729385 0.2567771 -0.9999871 9.23084e-4 0.005000591 -0.9999996 -1.96992e-4 -8.8952e-4 -0.9586386 0.08658605 0.2711368 -0.9999952 -1.84109e-4 0.003115117 -0.9999996 4.58923e-5 -9.22665e-4 -0.962775 -0.03507208 0.2680191 -0.9999948 -0.002016246 0.002569735 -0.9999997 5.46415e-4 -7.22667e-4 -0.9586403 -0.1503179 0.2416887 -0.9981289 -0.04777812 0.03815716 -0.9999997 7.99835e-4 -4.19568e-4 -0.9687194 -0.2273575 0.09945559 -0.9999939 -0.003346979 -0.001070737 -0.9999996 8.73013e-4 2.55739e-4 -0.9718458 -0.2261835 -0.06600683 -0.9999935 -0.00218755 -0.002857685 -0.9999997 5.71059e-4 7.08605e-4 -0.9586347 -0.1977229 -0.2047565 -0.9071615 -0.2580429 -0.3323734 -0.8983026 -0.2203777 -0.3801134 -0.9664945 -0.1544324 -0.2050348 -0.9667896 -0.1494115 -0.2073504 -0.7789319 -0.3481931 -0.5215619 -0.7606311 -0.3197254 -0.5649922 -0.6139065 -0.4524677 -0.6468322 -0.5776077 -0.3849106 -0.7198703 -0.4513378 -0.5070858 -0.7342739 -0.367165 -0.482576 -0.7951794 -0.1690601 -0.5073189 -0.8450126 -0.02055037 -0.5227453 -0.8522412 -0.7971807 -0.4794623 -0.3669044 -0.8655731 -0.3948945 -0.3079637 -0.5559815 -0.4179385 -0.718479 -0.7649999 -0.4346734 0.4752204 -0.9914118 -0.1267008 -0.03239935 -0.9749153 -0.1692031 -0.1446048 -0.9618297 -0.222951 -0.1586709 -0.8944169 -0.4056458 -0.1883347 -0.9414181 0.3015901 -0.1509154 -0.9751054 -0.1983991 -0.09903174 -0.920269 -0.328242 -0.212984 -0.9947454 -0.06356513 -0.0802567 -0.9202581 -0.3282778 -0.2129763 -0.8035095 -0.5283066 -0.2743442 -0.8154133 -0.5067371 -0.2798547 -0.4351433 -0.8062058 -0.4008525 -0.442673 -0.7819205 -0.4389089 -0.6044365 -0.7126207 -0.3561297 -0.1928485 -0.9794667 0.05877584 -0.08421075 -0.9933645 0.07832998 -0.02247178 -0.891048 0.4533528 -0.2250394 -0.8521187 0.4724944 -0.22027 -0.8577581 0.4644699 -0.4081854 -0.8218092 0.3975101 -0.4444875 -0.7938559 0.4149985 -0.6204164 -0.6836443 0.3843359 -0.6657102 -0.6428617 0.3788918 -0.7413603 -0.5696032 0.3548764 -0.7616016 -0.5956159 0.2553523 -0.9025859 -0.3849695 0.1927107 -0.751034 -0.5894622 0.2974596 -0.9936724 -0.08621847 0.0719828 -0.9656519 -0.2461906 0.0831055 -0.9700402 -0.1989995 0.1393607 -0.919821 -0.3357098 0.203048 -0.8956307 -0.3601679 0.261007 -0.7907556 -0.501674 0.3507547 -0.8278597 -0.4773598 0.2945776 -0.7560479 -0.5906257 0.2820513 -0.6181977 -0.6571785 0.4312169 -0.4344574 -0.7540416 0.4926139 -0.4336254 -0.7682136 0.4709744 -0.1793203 -0.8425676 0.5078625 -0.01354807 -0.8438959 0.536336 -0.1754187 -0.06498205 0.9823471 -0.2222071 -0.04802513 0.973816 -0.3805169 -0.00985372 0.9247215 -0.428091 -0.05863386 0.9018316 -0.6336803 0.04030752 0.7725443 -0.6226149 -0.02985161 0.7819588 -0.8121435 -0.04898899 0.5813975 -0.7725802 -0.04900717 0.6330231 -0.9020286 -0.02517467 0.4309418 -0.8913558 0.04339593 0.4512224 -0.9751031 0.009591758 0.2215449 -0.7916247 0.05410081 0.6086078 -0.6143108 0.03976321 0.7880618 -0.4326545 0.04427421 0.9004722 -0.4346597 0.02680927 0.9001957 -0.1979846 0.05019146 0.9789193 -0.2042106 0.07123106 0.976332 -0.1370712 0.8490933 0.5101492 -0.2298008 0.8156749 0.5309106 -0.3753587 0.8044984 0.4603133 -0.4330171 0.7476841 0.5034528 -0.6406525 0.691152 0.3344746 -0.6235442 0.6556195 0.4258589 -0.8846092 0.452328 0.1134284 -0.7762812 0.5213323 0.3544012 -0.9018794 0.3600927 0.2386354 -0.6376891 0.769307 -0.03897821 -0.8861986 0.422383 0.1903803 -0.894214 0.3974241 0.205999 -0.9711905 0.2143326 0.104166 -0.8447441 -0.4467543 0.294649 -0.9583693 0.2258942 0.174643 -0.8051689 0.5363535 0.2530375 -0.7882162 0.4407426 0.4294896 -0.4056413 0.3496811 0.8444988 -0.1927012 0.855303 0.4809605 -0.2454879 0.8555243 0.455866 -0.4255348 0.8046689 0.4140389 -0.004232347 0.8856728 0.4642907 -0.2871584 0.8776512 -0.383756 -0.2142959 0.8800517 -0.423776 -0.4108737 0.8050875 -0.4278049 -0.4322876 0.8116343 -0.3929089 -0.5649608 0.73903 -0.3669523 -0.6235407 0.7003988 -0.3473305 -0.8722031 0.4388599 -0.2160177 -0.7778047 0.5674484 -0.2702265 -0.9018075 0.3879053 -0.1904543 -0.7033111 0.1916977 -0.6845477 -0.9012352 0.3695419 -0.2263054 -0.8109161 0.4873757 -0.323852 -0.9750987 0.189124 -0.1158212 -0.9868468 0.1506047 -0.05875104 -0.9603838 0.2484534 -0.1262297 0.03671389 0.9300007 -0.3657198 -0.007324814 0.5624867 -0.8267739 -0.218373 0.5639266 -0.7964296 -0.2213639 0.5476217 -0.806913 -0.4551158 0.7667574 -0.452717 -0.4333379 0.5070403 -0.7450695 -0.6031429 0.4759356 -0.6400813 -0.624599 0.4395843 -0.645478 -0.7494661 0.2758572 -0.6018334 -0.7815628 0.3505692 -0.5160048 -0.8730393 0.2215766 -0.4344033 -0.9006969 0.2474114 -0.3571172 -0.9681265 0.05451714 -0.2444567 -0.9969189 0.04013693 -0.06739288 -0.9999996 5.10052e-4 7.70167e-4 -0.9999996 6.8856e-4 6.11454e-4 -0.9999863 -0.004101932 -0.003265023 -0.9656745 -0.191843 -0.1751258 -1 4.50462e-4 2.78439e-4 -0.9999997 7.11493e-4 5.30366e-4 -0.9999997 8.26214e-4 4.17436e-4 -0.9999997 8.31015e-4 3.31771e-4 -0.9999997 8.93138e-4 1.13809e-4 -0.9999864 -0.00521028 -3.49186e-4 -0.9545353 -0.2965839 -0.03001093 -1 3.76815e-4 -1.2219e-5 -0.9492934 -0.3140196 0.01529538 -0.9999997 9.00321e-4 3.25766e-5 -0.9999945 -0.003197789 9.76998e-4 -0.9650412 -0.2535597 0.06635665 -0.9999996 8.83698e-4 -1.96818e-4 -0.9999867 -0.004444777 0.002660691 -1 4.50499e-4 -3.50227e-4 -0.9492489 -0.2484055 0.1929282 -0.9999996 7.61382e-4 -4.87901e-4 -0.9999997 6.09994e-4 -6.65806e-4 -0.9999997 4.17452e-4 -7.98307e-4 -0.9999868 -0.002112507 0.004682779 -0.9545157 -0.132276 0.2672132 -0.9999998 2.46135e-4 -7.71352e-4 -0.949268 -0.09554296 0.2996029 -0.9999996 3.4697e-4 -8.29779e-4 -0.9999997 1.22411e-4 -8.96e-4 -0.9999996 -3.86448e-5 -9.05482e-4 -0.9999997 -1.11697e-4 -8.97311e-4 -0.9999997 -4.3226e-4 -8.39524e-4 -0.9999997 -5.94705e-4 -6.64644e-4 -0.9977456 0.06396663 0.02030169 -0.9999997 -7.72067e-4 -5.0706e-4 -0.9657276 0.2014449 0.1636773 -0.9999866 0.004447638 0.002660751 -0.9999997 -7.93718e-4 -4.28449e-4 -0.9999996 -8.7221e-4 -2.11729e-4 -0.9999997 -8.96797e-4 9.97149e-5 -0.9999997 -8.20689e-4 3.19045e-4 -0.9999979 0.001861929 -9.65055e-4 -0.9605037 0.2535008 -0.1147608 -0.9999997 -7.67487e-4 4.78807e-4 -0.9999996 -6.77489e-4 5.85839e-4 -0.9938675 -0.06515729 -0.08934271 -0.9981369 -0.05234986 -0.03134369 -0.8147061 -0.4086072 -0.4114537 -0.9672044 -0.1727785 -0.1861813 -0.718333 -0.5332133 -0.4468572 -0.5128659 -0.685803 -0.5163747 -0.99487 -0.09290528 -0.04003149 -0.9928883 -0.1094673 -0.04679477 -0.8551563 -0.4983488 -0.1426755 -0.8214804 -0.5617201 -0.09818607 -0.807507 -0.5772511 -0.1212998 -0.493882 -0.8539168 -0.1640332 -0.3006833 -0.881374 -0.3643756 -0.6749327 -0.7376753 -0.01734936 -0.68434 -0.7282119 0.0372315 -0.2822036 -0.9591228 -0.02108651 -0.2674296 -0.9611753 0.06799751 -0.9982808 -0.05125457 0.02843612 -0.9677119 -0.2472403 0.04905074 -0.7215164 -0.6806392 0.127061 -0.6843323 -0.6942481 0.2229552 -0.3312103 -0.91501 0.2303403 -0.3153553 -0.901619 0.2960311 -0.9938651 -0.09021949 0.06397384 -0.9981805 -0.02757239 0.05362302 -0.8119001 -0.4258798 0.3993055 -0.9624605 -0.1928946 0.1909492 -0.682438 -0.4835802 0.5481135 -0.484661 -0.492015 0.7232047 -0.9938657 -0.07077723 0.08498007 -0.9981272 -0.01740097 0.05864739 -0.8114678 -0.3086546 0.4962381 -0.9614276 -0.1439712 0.2343701 -0.6789591 -0.3228728 0.6593692 -0.4845665 -0.2898055 0.8253533 -0.9950767 -0.02543175 0.09579002 -0.9938645 -0.03775388 0.103962 -0.8467684 -0.1450793 0.5117961 -0.818569 -0.1117185 0.5634392 -0.5159096 -0.3266603 0.7919156 -0.2683827 -0.5653727 -0.7799516 -0.6703855 -0.444014 -0.594504 -0.7304815 -0.3857342 -0.5635654 -0.9755381 -0.1874908 0.1147726 -0.9950762 -0.06524938 -0.07460534 -0.8567794 -0.3310076 -0.3954278 -0.4181136 -0.533123 -0.7355005 -0.3852144 -0.5798195 -0.7179271 -0.0482245 -0.6869071 -0.7251434 -0.01344645 -0.7589452 -0.6510158 -0.3628756 -0.7407677 -0.565318 -0.6967508 -0.5808809 -0.4208512 -0.6558228 -0.6427419 -0.3959538 -0.372857 -0.7771853 -0.5069129 -0.233781 -0.8793647 -0.4148063 -0.3262369 -0.8916209 -0.3139773 -0.3994896 -0.8592073 -0.319642 -0.6937769 -0.6675987 -0.270159 -0.8559138 -0.4760363 -0.201993 -0.9676727 -0.2316644 -0.09970611 -0.9982484 -0.05880504 -0.006494343 -0.9950751 -0.09053093 -0.04037135 -0.6558068 -0.7228671 -0.2176709 -0.372834 -0.8812777 -0.2904213 8.53092e-6 -0.979402 -0.2019204 1.65291e-5 -0.9793998 -0.2019312 -0.01738315 -0.9828609 -0.1835275 -0.2226559 -0.9342194 -0.2786725 -0.3087721 -0.9471862 -0.08659225 -0.4019245 -0.9114611 -0.08772379 -0.667463 -0.7407863 -0.07569015 -0.85472 -0.5140703 -0.07201147 -0.9617063 -0.2686232 -0.05443096 -0.9981152 -0.06124424 0.003910958 -0.9950755 -0.09785884 -0.01576769 -0.3728319 -0.9263002 -0.0544458 8.2627e-6 -0.9984151 0.05627995 -8.15466e-6 -0.998415 0.05628055 -0.01939582 -0.9968085 0.07743883 -0.2226202 -0.9744597 -0.02947098 -0.1190716 -0.9740449 0.1925066 -0.513786 -0.8574176 0.02930909 -0.7975344 -0.6000308 0.06246513 -0.8453565 -0.5323365 0.04461455 -0.9928874 -0.1188599 -0.006864845 -0.8419794 -0.5366187 0.05577671 -0.9948792 -0.1008471 -0.006727218 -0.9928895 -0.1188412 -0.006883442 -0.9950768 -0.09739238 0.01835322 -0.8641766 -0.4944605 0.09331536 -0.3747133 -0.918064 0.1294158 -0.3022773 -0.9417092 0.1476897 -0.04877179 -0.9848455 0.1664357 -0.2226693 -0.9266487 0.302887 -1.35526e-5 -0.9505082 0.3106994 -0.2226513 -0.9493592 0.2216832 -0.02147758 -0.9426415 0.3331152 -0.05677032 -0.8836718 0.4646517 -0.5515935 -0.7940032 0.2555456 -0.8158291 -0.5213301 0.2502757 -0.8462849 -0.5033614 0.1744397 -0.9938648 -0.1065787 0.02955913 -0.9948733 -0.09931361 0.01908195 -0.6608635 -0.6728305 0.3325037 -0.3746927 -0.8540781 0.3607715 -0.6704005 -0.6002269 0.4362235 -0.7304976 -0.5685307 0.3783466 -0.9950744 -0.0754671 0.06427806 -0.856775 -0.3997221 0.3258205 -0.4181147 -0.7423862 0.5234909 -0.02566498 -0.6493167 0.760085 -0.6694202 -0.4699616 0.5753372 -0.9950756 -0.05642485 0.08149218 -0.8567726 -0.3026698 0.4175307 -0.4180862 -0.5831315 0.6965355 -0.02787417 -0.430162 0.9023213 -0.6783971 -0.2860269 0.6767319 -0.6558071 -0.2270839 0.7199653 -0.03011786 -0.1817997 0.9828743 -0.6660757 -0.08696955 0.7407966 -0.96253 -0.04950267 0.2666186 -0.998187 0.008084058 0.0596441 -0.6558455 -0.03464162 0.7541 -0.3728747 -0.06650179 0.9254956 -0.9950749 0.008585333 0.09875321 -0.9981247 0.01925975 0.05810678 -0.8631393 0.04503297 0.5029538 -0.9614686 0.01531243 0.2744881 -0.6708734 0.09404826 0.735584 -0.3746796 0.03749388 0.9263959 -0.3728504 0.172667 0.9116846 -0.655893 0.1600527 0.7376907 -0.3457057 0.2249741 0.9109743 -0.8094127 0.1754779 0.5604094 -0.8453199 0.1289194 0.5184729 -0.9950757 0.02545928 0.09579288 -0.6608702 0.2639695 0.702546 -0.3747308 0.2740798 0.8856958 -0.3022744 0.2958834 0.9061364 -0.04877585 0.3212605 0.9457339 0.03061991 0.4061172 0.9133079 -0.3257483 0.3586294 0.874799 -0.2957335 0.3612369 0.8843358 -0.6729583 0.3472427 0.6531077 -0.857876 0.2220451 0.4634056 -0.9626321 0.1111885 0.2469348 -0.9981925 0.04081261 0.04411381 -0.9950768 0.04157906 0.08996361 -0.2956237 0.4585523 0.8380552 -0.6703807 0.3744073 0.6406317 -0.9950754 0.05645823 0.08147209 -0.9938681 0.05469703 0.09609699 -0.8567734 0.2844872 0.4301236 -0.8119427 0.3570704 0.46179 -0.4181085 0.4471051 0.7907479 -0.3852198 0.4954794 0.7785281 -0.04821664 0.6010814 0.7977321 0.0597139 0.6282357 0.7757282 -0.3135653 0.5736823 0.7566807 -0.2938192 0.5735675 0.7646507 -0.6682743 0.5008627 0.5500419 -0.9617719 0.1679702 0.2162891 -0.9981451 0.04875326 0.03646248 -0.2938654 0.6593605 0.6920166 -0.6703793 0.5263204 0.5230474 -0.9950768 0.0754714 0.06423616 -0.8567816 0.3853683 0.3426612 -0.8105133 0.4583635 0.364652 -0.4180976 0.6351312 0.6494634 -0.3852212 0.6787364 0.6252372 -0.0481916 0.7857311 0.6166883 0.07025903 0.8074175 0.5857821 -0.312192 0.7488695 0.5845773 -0.2929402 0.7502607 0.5927014 -0.6563797 0.6316425 0.4125453 -0.7069262 0.6303424 0.3208175 -0.6558235 0.6938185 0.2975088 0.09167516 0.9512867 0.2943626 -0.3661555 0.8466593 0.3861327 -0.3887438 0.8484467 0.3591889 -0.80596 0.5623927 0.1847782 -0.8454927 0.4968357 0.1956948 -0.9972879 0.06723207 0.02994543 -0.9950754 0.09280484 0.03481733 -0.3766209 0.892167 0.2493891 -0.667864 0.7271228 0.1589034 -0.9614312 0.26274 0.08134925 -0.6558191 0.7469432 0.1094408 -0.372837 0.9143155 0.1581766 0.0993638 0.9944164 0.03553962 -0.3698299 0.9157574 0.1568894 -0.3874116 0.9128775 0.1287139 -0.3873827 0.9128879 0.1287255 -0.3698183 0.9157647 0.1568741 -0.7975814 0.6004596 0.05755192 -0.8454002 0.5305733 0.06156665 -0.9928875 0.1151472 0.03025823 -0.8420925 0.5373392 0.04633647 -0.9948613 0.0979411 0.0256654 -0.9928871 0.1151529 0.03024876 -0.2681273 0.9621081 0.04955625 -0.6562166 0.7542752 -0.02118712 -0.8535315 0.5210366 -0.002208411 -0.995077 0.09883695 -0.007301032 -0.9982825 0.05372077 -0.02337306 -0.8643983 0.5014545 -0.03686207 -0.9623697 0.270949 -0.02076643 -0.675345 0.7342813 -0.06884866 -0.3747013 0.9267969 -0.02543073 -0.3022768 0.9523396 -0.04096406 -0.04875451 0.9973104 -0.05472677 0.01069867 0.9871352 -0.1595295 -0.2943173 0.9513515 -0.09114736 -0.3097332 0.9422626 -0.1273056 -0.3097366 0.9422604 -0.1273133 -0.2942996 0.9513556 -0.09116101 -0.6703851 0.7313566 -0.1253048 -0.3016544 0.9231793 -0.2382113 -0.797533 0.5844033 -0.149713 -0.845348 0.5200697 -0.1221253 -0.992888 0.1185795 -0.01060217 -0.8456075 0.5170991 -0.1325008 -0.9948699 0.1008048 -0.008503556 -0.9928863 0.1185917 -0.01062178 -0.9950747 0.09367531 -0.03242528 -0.998205 0.04866892 -0.03490322 -0.8633063 0.4765337 -0.1661863 -0.9615141 0.2618611 -0.08318412 -0.6739784 0.6931218 -0.255608 -0.3747141 0.8891973 -0.2625214 -0.3022791 0.9099041 -0.2840808 -0.04877388 0.9498356 -0.3089233 -0.3092203 0.8780823 -0.3651772 -0.3092067 0.8780744 -0.3652076 -0.2951866 0.8960087 -0.3317128 -0.6703784 0.6746693 -0.3088918 -0.8582205 0.4367952 -0.2695696 -0.6608686 0.6168446 -0.4274991 -0.1986175 0.8360582 -0.5114274 -0.3022772 0.8064823 -0.5081483 -0.2901341 0.7733858 -0.563646 -0.2901183 0.7734073 -0.5636245 -0.3262893 0.7624937 -0.5586938 -0.6743575 0.54609 -0.4970189 -0.8562129 0.3961395 -0.3316218 -0.9627625 0.2113867 -0.1685347 -0.9982135 0.03203839 -0.05043196 -0.9950744 0.07711571 -0.06229156 -0.2759806 0.6984541 -0.6603005 -0.6703854 0.5298516 -0.5194622 -0.9950765 0.06521689 -0.07462972 -0.9938659 0.07987785 -0.07648676 -0.8567817 0.3476553 -0.3808686 -0.81436 0.3531712 -0.4605302 -0.4180982 0.657685 -0.6266134 -0.3852177 0.6340427 -0.6705201 -0.04822033 0.6268846 -0.7776185 -0.2895451 0.6027032 -0.7435809 -0.6562116 0.4202873 -0.6266938 0.01553553 -0.4997472 -0.866032 -0.5087237 -0.4541209 -0.7314194 -3.31714e-6 0.5000144 0.8660172 -3.71016e-6 0.5000299 0.8660082 -4.06541e-5 0.4999983 0.8660265 -6.62021e-5 -0.4999992 -0.8660259 -4.01516e-6 -0.4999986 -0.8660262 -1.09934e-5 -0.500001 -0.8660249 -1 0 1.14925e-6 -4.14518e-5 -0.4999837 0.8660349 7.13794e-6 -0.5000012 0.8660248 6.11869e-6 -0.5000015 0.8660247 -0.7403029 -0.6707015 0.04594755 -0.2169675 -0.6319409 0.7440268 6.69979e-5 -0.5002903 0.8658577 9.67086e-5 0.5000237 -0.8660118 4.0032e-5 0.4999958 -0.8660279 7.96467e-6 0.50001 -0.8660197 -3.99572e-6 0.5000246 -0.8660112 -1.8239e-5 0.5000173 -0.8660156 0.01929855 -0.499916 0.8658589 7.60151e-5 0.4999954 -0.8660282 9.31258e-5 0.5000064 -0.8660218 -4.26245e-5 0.4999912 -0.8660305 -1.24365e-4 -0.5000055 0.8660222 -1.30268e-5 -0.4999969 0.8660272 -4.79172e-6 -0.5000078 0.8660209 -0.01079517 0.4998407 0.8660501 1.24257e-5 -0.5000061 -0.8660219 -1.82362e-5 -0.5000011 -0.8660249 3.3353e-6 -0.4999998 -0.8660255 -1.88053e-5 0.5000017 0.8660246 2.8573e-6 0.5000029 0.8660237 -1.38488e-5 0.4999975 0.8660269 -0.6632399 0.3058288 -0.6830678 0.1855991 -0.545787 -0.8171105 -0.2012836 -0.5901335 -0.7818103 -0.4827309 -0.1545253 -0.8620283 -0.6692313 0.5565276 -0.4923479 -0.0674811 -0.3043593 -0.950164 0.00617057 -0.294389 -0.9556658 -0.04902392 -0.369688 -0.9278618 -0.1774847 -0.384436 -0.9059296 -0.1738138 0.1010364 -0.9795818 -0.2309181 -0.7607918 0.6065252 -0.2308299 0.2463117 -0.9413013 -0.6406069 -0.6607035 0.391272 -0.6081408 -0.7286444 0.3150275 -0.4338352 0.1258005 -0.8921666 -0.3404719 -0.6940891 0.6342865 -0.4299028 0.2575532 -0.8653612 -0.4300374 0.2575049 -0.8653087 -0.3403564 -0.694107 0.6343289 -0.4284885 -0.01897937 -0.9033479 -0.4283956 -0.01894128 -0.9033928 -0.8515827 -0.4175335 -0.3169746 -0.7883024 -0.4598365 -0.4088148 -0.3479716 -0.6115856 0.7105482 -0.428844 -0.6204992 -0.656562 -0.3402928 0.2023935 0.9182798 -0.4290795 -0.7921234 -0.4340867 -0.8518574 -0.4811454 0.2069733 -0.788555 -0.5820704 0.1984319 -0.3439301 0.312458 0.8854841 -0.7885816 -0.5820202 0.1984735 -0.3640263 0.1637287 0.9168849 -0.3439369 0.3125293 0.8854563 -0.4342388 -0.8353322 0.3371305 -0.3401594 0.8965321 0.2837638 -0.4302812 -0.8779957 0.2097179 -0.4302869 -0.8779986 0.2096945 -0.3402104 0.8965099 0.2837726 -0.4278438 -0.7735235 0.4675588 -0.3401945 0.8965319 0.2837222 -0.5557586 -0.7094314 0.4334046 -0.4278877 -0.7734827 0.4675859 -0.7880991 -0.1254315 0.6026332 -0.01890981 0.9680415 -0.250076 -0.607606 0.1430064 0.7812581 -0.5238257 0.09250837 0.8467875 -0.8271384 0.5144366 0.2262676 0.006472885 0.6805518 -0.7326714 -0.04897636 0.6186421 -0.7841449 -0.1773661 0.5923875 -0.785887 -0.07219696 0.9498284 -0.3043251 -0.9153983 -0.398823 -0.05464607 -0.763183 -0.6242844 0.1667957 -0.7744267 -0.6323506 0.01990157 -0.6672684 -0.7447658 0.008768856 -0.6239295 -0.7663103 -0.1532333 -0.259937 -0.1673248 -0.951018 -0.3455448 -0.9272049 -0.1445339 -0.3774393 -0.913338 -0.1528178 -0.3238508 -0.8651182 -0.3830031 -0.04422587 -0.9954432 0.08448153 0.04209583 -0.9842242 0.1718453 -0.08854609 -0.994762 0.0510717 -0.4741528 -0.8547987 -0.2109463 0.03243744 -0.9982523 0.04939913 -0.4114625 -0.4522141 -0.7913287 -0.1022113 -0.9908167 -0.08851772 -0.1022494 -0.9908133 -0.08851033 -0.04279029 -0.984878 0.1678821 -0.09070557 -0.9436237 0.3183504 -0.08093893 -0.985435 0.1495549 -0.1925293 0.02838617 0.9808806 0.7269246 -0.5021712 0.4684067 0.6717274 -0.5653644 0.4786915 0.6818091 -0.4834831 0.5489813 0.6468377 -0.4655662 0.6040276 0.5673325 -0.4452699 0.6927256 0.5349243 -0.4164453 0.735139 0.6121692 -0.3856449 0.6903094 0.5093663 -0.5463561 0.6648617 0.8515619 -0.1926052 0.4875916 0.5468712 -0.3571573 0.7572124 0.4243472 -0.311118 0.8503735 0.2918002 -0.3179014 0.9021039 0.1796389 -0.3251259 0.928452 0.2115436 -0.239878 0.9474744 0.2091703 -0.4178947 0.8840882 0.2698923 -0.1009524 0.9575839 0.4638147 0.05197554 0.8844063 0.1079033 -0.2434278 0.9638983 0.02112728 -0.2319777 0.9724917 -0.984764 -0.07021462 -0.1590899 -0.999996 0.002789914 -4.87834e-4 -0.9871069 0.1550128 -0.03988748 -0.9878439 -0.1113898 -0.1084285 -0.9997283 0.00520724 -0.02272272 -0.9879342 0.1434949 -0.0582689 -0.9863389 -0.1283599 -0.1032441 -0.9985972 -1.04078e-4 -0.0529505 -0.9760528 -0.009743809 -0.2173157 -0.9864971 -0.137381 -0.08916413 -0.9987652 -0.004265546 -0.04949581 -0.9761879 -0.02982205 -0.2148674 -0.9865058 -0.1451846 -0.07568275 -0.9991166 -0.007385432 -0.04137092 -0.9761294 -0.04981142 -0.2114006 -0.9864404 -0.1518298 -0.06231439 -0.9995622 -0.008350849 -0.02838826 -0.9759439 -0.06961184 -0.20661 -0.98712 -0.1549413 -0.03984206 -0.999996 -0.002783298 -4.63404e-4 -0.9847609 0.07029902 -0.1590732 -0.9933348 0.03429156 -0.1100457 -0.9662876 0.08440726 -0.2432361 -0.9501029 -0.01807558 -0.3114128 -0.9060255 0.1027001 -0.4105736 -0.9317995 0.0613836 -0.3577451 -0.7585223 0.04011905 -0.6504111 0.4251964 0.2584775 -0.8674084 0.7895984 0.05780953 -0.6108949 -0.9669379 -9.17497e-5 -0.255012 0.04387265 0.135231 -0.9898424 -0.9669206 -8.20695e-5 -0.2550776 -0.245733 -0.066262 -0.9670701 -0.9669099 -9.46494e-5 -0.2551181 -0.9675567 -0.04766577 -0.248117 0.3047565 -0.2465451 -0.9199668 -0.919113 -0.1474865 -0.3653478 -0.7106937 -0.2624061 -0.6527308 -0.0900588 0.4859248 -0.8693484 -0.170407 0.4672945 -0.8675236 -0.2376111 0.3934227 -0.8881213 0.7336735 0.2637001 -0.6262472 -0.8701898 -5.51775e-4 -0.4927164 -0.9333727 0.09463751 -0.3462069 -0.9404112 0.1348243 -0.3121688 -0.968355 0.06415605 -0.2411903 0.4519795 0.2838503 -0.8456616 -0.9683426 0.06417399 -0.241235 -0.6026576 0.1494989 -0.7838712 0.4519794 0.2838327 -0.8456677 -0.2530296 0.06876075 -0.965012 -0.2526575 -0.1125777 -0.9609841 -0.6091971 -0.3619437 0.7056031 -0.8401643 -0.15079 -0.5209476 -0.9104021 -0.2369189 -0.3391721 -0.9147815 -0.138457 -0.3794791 -0.638476 0.7666582 -0.06770247 0.07403898 0.955555 0.2853645 -0.2289388 0.9677599 -0.1050144 0.1262323 0.4669724 0.8752155 0.1630449 0.7889566 0.592422 -0.1757942 0.9127919 0.3686565 0.1521527 0.7970265 0.5844642 -0.06275749 0.8711395 0.4870086 -0.1718788 0.9849997 0.01527518 -0.2412282 0.9621723 0.1266236 -0.1107593 0.9934796 -0.02703005 -0.1108348 0.9934707 -0.02704995 -0.4048736 0.8539789 0.3267989 -0.7116621 0.619316 0.3316395 -0.6182759 0.7108042 0.3353989 -0.3726357 0.4990479 -0.7823644 -0.1153139 0.8183484 -0.5630352 -0.4057842 -0.3716087 0.8350127 -0.7690024 -0.2284603 0.597027 0.5302059 -0.3683287 0.7636857 -0.6357122 -0.2001284 0.7455325 -0.7930285 -0.1602425 0.5877314 -0.7031641 -0.118968 0.7010042 -0.7481782 -0.1134279 0.6537305 -0.671247 -0.05499869 0.7391906 -0.7711703 -0.06523776 0.6332776 -0.6671206 0.0188027 0.7447124 -0.7433012 0.06097489 0.6661723 -0.7890289 0.08123385 0.6089619 -0.6732546 0.07043427 0.7360485 -0.8403044 0.2470475 0.4825515 -0.7361781 0.1296702 0.6642497 -0.7693652 0.160695 0.6182673 -0.833928 0.2620568 0.4856855 -0.7206006 0.2792094 0.6346471 0.1895095 0.5655829 0.802622 0.375012 0.6157227 0.6930019 0.1977894 0.7023848 0.6837654 0.6241303 0.5422344 0.5625329 0.4378435 0.1521592 0.8860817 0.220683 -0.06341952 0.9732816 0.2559226 -0.2822137 0.9245859 0.07711005 -0.2911508 0.9535645 0.2072067 -0.06718045 0.9759878 0.0776323 -0.08724021 0.9931579 0.00874406 0.1880591 0.9821188 0.2323864 0.6293995 -0.7415207 -2.77609e-5 0.6384736 -0.7696437 -0.4810281 0.4757903 -0.7363666 0.09667819 0.7589447 -0.6439382 -2.74763e-6 0.8109922 -0.585057 -0.3616128 0.7293728 -0.5807336 0.2336842 0.8767478 -0.4203631 -2.72936e-5 0.9317465 -0.3631095 -0.3768405 0.8443823 -0.3808017 0.1123947 0.936586 -0.331925 -2.52854e-5 0.9590673 -0.2831783 -0.2828071 0.9101386 -0.3027672 0.2037235 0.9598096 -0.1930351 9.31463e-6 0.9930207 -0.1179406 -0.3751838 0.9130936 -0.1596783 0.1141299 0.9910991 0.06853377 -1.35088e-6 0.9908864 0.1347008 -0.3542293 0.9315131 0.08249247 0.1452582 0.9762193 0.1609228 -1.48471e-5 0.9759998 0.2177714 -0.305601 0.9276291 0.2147382 -9.99868e-6 0.9438802 0.330288 -7.32881e-6 0.9254925 0.3787662 -0.195197 0.9076884 0.3714835 0.1726471 0.7999 0.5747635 2.00358e-5 0.801008 0.5986538 -0.4530854 0.7613594 0.46373 0.1565067 0.6640316 0.7311415 -6.10526e-6 0.6253882 0.7803139 -0.4460973 0.6009295 0.6632354 -0.01514488 0.4574155 0.8891241 -0.03440296 0.3300355 0.9433415 -0.4135066 0.4481352 0.7925827 -0.123821 0.24087 0.9626267 -1.48043e-5 0.2506512 0.9680776 -0.5251856 0.2153347 0.8232929 -0.1715131 -0.07805836 0.9820846 2.7135e-5 4.48538e-6 1 -0.5139618 0.05714792 0.8559074 -0.220421 -0.2956435 0.9295212 -2.38419e-5 -0.2506565 0.9680761 -0.5059479 -0.1958688 0.840031 0.03031009 -0.4220247 0.9060775 -2.43038e-5 -0.4853073 0.8743436 -0.4868124 -0.3705115 0.7910342 0.02630025 -0.6777857 0.734789 4.92856e-6 -0.6889683 0.7247916 -0.4895629 -0.5735812 0.6567593 0.1057026 -0.7999 0.5907512 5.69597e-6 -0.8486427 0.5289666 -0.4828613 -0.702958 0.5222023 0.0629999 -0.9154684 0.3974275 -2.9467e-5 -0.954135 0.2993771 -0.3590498 -0.8764725 0.3207478 0.1182668 -0.9886023 0.09315896 1.65589e-6 -0.9987164 0.05065149 -0.3652678 -0.926587 0.08953231 0.09167778 -0.9865679 -0.1352003 -2.78092e-5 -0.9795316 -0.2012909 -0.3539184 -0.924013 -0.144713 0.04687416 -0.5896429 -0.8063028 1.12704e-5 -0.5712781 -0.8207567 -0.4281871 -0.5807121 -0.6924083 -0.9953451 -0.09596878 0.008847594 -0.862751 -0.4923398 0.1151613 -0.6209929 -0.7626346 0.1809875 -0.9953421 -0.09070867 0.03265219 -0.9953384 -0.08766251 0.0402106 -0.8622589 -0.4477713 0.2366657 -0.8425288 -0.4484903 0.2983317 -0.5421509 -0.7543366 0.370201 -0.9953396 -0.07964825 0.05436414 -0.9953402 -0.0747826 0.06087279 -0.861656 -0.3732931 0.3438041 -0.8392143 -0.3647303 0.4033502 -0.519209 -0.7100282 0.4756911 -0.9953397 -0.06347411 0.07259458 -0.9953413 -0.05712908 0.07766586 -0.862258 -0.2766529 0.4242338 -0.8424294 -0.247834 0.4784256 -0.5414156 -0.4829386 0.6882147 -0.9953401 -0.04324311 0.08618706 -0.9953397 -0.03583204 0.08952748 -0.862268 -0.1614888 0.4800162 -0.8425269 -0.1195306 0.5252246 -0.5421488 -0.291691 0.7880299 -0.995343 -0.02027714 0.09423965 -0.9953433 -0.0122556 0.09561234 -0.8622628 -0.03602349 0.5051783 -0.8455468 0.02404576 0.5333597 -0.5456815 -0.04978728 0.8365125 -0.9953426 0.004013717 0.09631794 -0.9953459 0.01205813 0.09560954 -0.8617846 0.09415382 0.49846 -0.8468627 0.1626793 0.506319 -0.5636899 0.06220805 0.8236407 -0.996339 0.07137197 -0.04706072 -0.9953672 0.08440703 -0.04604083 -0.8663939 0.4194287 -0.2710008 -0.8457952 0.4170994 -0.3326537 -0.2949417 0.8881197 -0.3524951 -0.5155205 0.6545996 -0.5529358 -0.9953432 0.07577383 -0.05958372 -0.995343 0.07047909 -0.06576377 -0.8622656 0.3502544 -0.3658142 -0.8455538 0.3220607 -0.425812 -0.5103521 0.6066234 -0.6095481 0.1203734 -0.5187344 -0.8464189 -0.3184923 -0.4812294 -0.816689 -0.1996165 -0.4898594 -0.8486407 -0.5340681 -0.5354472 -0.6542689 -0.8578108 -0.3155101 -0.4057268 -0.8663013 -0.2639908 -0.4240646 -0.9953196 -0.04482489 -0.08561301 -0.9963393 -0.04586249 -0.07214409 -0.2784414 -0.5832885 -0.7630498 -0.5462145 -0.5776624 -0.6065937 -0.878326 -0.3333426 -0.3426752 -0.9953137 -0.05187702 -0.0816068 -0.9953314 -0.05834835 -0.07688361 -0.8617613 -0.3597609 -0.3576862 -0.4690468 -0.6161091 -0.6327754 -0.272286 -0.6571111 -0.7028979 0.1641123 -0.7122731 -0.6824472 -0.3064008 -0.6726157 -0.6735776 -0.1938694 -0.6819843 -0.7052037 -0.5379685 -0.6860094 -0.4898787 -0.8487669 -0.4171295 -0.324958 -0.995339 -0.06459659 -0.07160645 0.2571455 -0.7942054 -0.550558 -0.4478779 -0.73163 -0.5139291 -0.2664829 -0.7559831 -0.5978935 -0.5004923 -0.7146071 -0.4887169 -0.8805697 -0.402997 -0.2493804 -0.9953217 -0.07063341 -0.06592285 -0.994552 -0.07744175 -0.06977909 -0.8612831 -0.4328545 -0.2661362 -0.4690788 -0.7550429 -0.4581214 -0.2723001 -0.8123091 -0.5157584 0.1804288 -0.8599768 -0.4773735 -0.3095541 -0.818679 -0.4836746 -0.1916708 -0.8360846 -0.5140281 -0.5390685 -0.7872824 -0.2993186 -0.8411728 -0.4986644 -0.2091939 -0.8646142 -0.4393427 -0.2437632 -0.9945521 -0.08305871 -0.06298744 -0.9963398 -0.07509654 -0.04083436 -0.2227039 -0.9144413 -0.3379349 -0.4544776 -0.8339769 -0.3129421 -0.5041522 -0.8142067 -0.2879202 -0.8499758 -0.5001929 -0.1653727 -0.8643676 -0.4587481 -0.2059589 -0.9953432 -0.08463656 -0.04613721 -0.9963409 -0.07826197 -0.03434997 -0.4690698 -0.8457754 -0.2542391 -0.2723168 -0.9156519 -0.2956779 -0.190447 -0.9382247 -0.2889018 -0.3170417 -0.911209 -0.2630265 -0.5395507 -0.8369985 -0.09120649 -0.8410334 -0.5354248 -0.07735067 -0.3170446 -0.9112043 -0.2630388 -0.1662934 -0.9653699 -0.2010159 -0.2095782 -0.971938 -0.1068339 -0.4606584 -0.8826301 -0.09358412 -0.503929 -0.8605566 -0.07414811 -0.8519526 -0.5221651 -0.03899079 -0.86436 -0.4957395 -0.08440595 -0.9953311 -0.09361022 -0.02352046 -0.9963386 -0.0843991 -0.01364874 -0.9953415 -0.09516036 -0.01549243 -0.861373 -0.507871 -0.01018291 -0.4690417 -0.882517 -0.03411495 -0.2722952 -0.9605399 -0.05673336 -0.1894781 -0.9808647 -0.04475086 -0.325872 -0.9450288 -0.02698206 -0.5397506 -0.832939 0.1219907 -0.161253 -0.9856657 0.04960525 -0.2098679 -0.9711474 0.1132627 -0.4664182 -0.8749296 0.1302016 -0.5076625 -0.8492525 0.1450834 -0.8495676 -0.5182861 0.09805375 -0.8643636 -0.5010635 0.04255568 -0.9945504 -0.104085 -0.005995273 -0.9963414 -0.08411902 0.01509541 -0.4690616 -0.8628881 0.1881631 -0.2722845 -0.9441018 0.1858312 -0.1546133 -0.9419133 0.2981512 -0.1819361 -0.9060613 0.3820369 -0.471926 -0.8116566 0.3442375 -0.5007776 -0.7915017 0.3503529 -0.849976 -0.4764824 0.2247344 -0.864365 -0.4744029 0.1667788 -0.9953426 -0.09313595 0.02487552 -0.9963399 -0.08039569 0.0290392 -0.469061 -0.7881808 0.3984381 -0.2723186 -0.8673734 0.4165406 -0.01077073 -0.8453142 0.534161 -0.2635068 -0.802668 0.5350592 -0.5038267 -0.6760078 0.5377473 -0.8498508 -0.4052444 0.336943 -0.995339 -0.08395838 0.04744839 -0.4689787 -0.6632093 0.5832775 -0.2722444 -0.7352897 0.6206707 -0.01356768 -0.6817105 0.7314963 -0.5028536 -0.5207155 0.6899231 -0.8498261 -0.306911 0.4284873 -0.9953391 -0.06938499 0.06697624 -0.4690895 -0.4957751 0.7308639 0.03222763 -0.5118001 0.8585 -0.01641136 -0.4733529 0.8807201 -0.5028609 -0.3311606 0.7984133 -0.8497738 -0.1899531 0.4917342 -0.9953413 -0.05035591 0.08221948 -0.4690433 -0.2967385 0.8318322 0.03275692 -0.2782423 0.9599522 -0.01934933 -0.2340287 0.9720371 -0.5039157 -0.1193286 0.8554704 -0.8498682 -0.06159359 0.5233837 -0.995343 -0.02816534 0.09219038 -0.4689881 -0.07877725 0.8796843 -0.01952528 0.01510316 0.9996954 -0.02236759 0.02058601 0.9995378 -0.5122021 0.09547412 0.8535419 -0.8477444 0.06406295 0.5265222 -0.9953429 -0.004155814 0.09630846 -0.4690526 0.144201 0.8713184 0.04906815 0.1513835 0.9872565 -0.02554732 0.2737139 0.9614719 -0.5107814 0.3085769 0.802423 -0.8477692 0.1940215 0.4936022 -0.9953439 0.02010262 0.09426802 -0.9953432 0.0280025 0.09223842 -0.8613355 0.214559 0.460506 -0.4690639 0.3580021 0.8073498 -0.272305 0.3720942 0.8873533 -0.2844111 0.4180673 0.8627457 -0.5030111 0.4417602 0.7428511 -0.849974 0.2793824 0.4466429 -0.9953429 0.03567886 0.08955156 -0.9953397 0.04314041 0.08624398 -0.8681994 0.2796356 0.4099192 -0.4795343 0.4908003 0.7274351 -0.2872745 0.534619 0.7947679 -0.2723007 0.5818568 0.7663518 -0.4692347 0.5487375 0.6918858 -0.8608637 0.3248162 0.3916735 -0.9953424 0.05023044 0.08228272 -0.2228698 0.6047112 0.7646263 -0.5112721 0.6099777 0.6054157 -0.8477589 0.379285 0.3707395 -0.9953424 0.05700427 0.07774376 -0.9953424 0.06335204 0.07266467 -0.8623505 0.3829654 0.3311936 -0.4690865 0.6574203 0.5897088 -0.2723201 0.7030544 0.6569295 0.1115373 0.759796 0.640523 -0.3221198 0.7134692 0.6222544 -0.2008745 0.7335441 0.6492785 -0.5331797 0.7138301 0.4540553 -0.8492583 0.4404608 0.2911267 -0.9953427 0.06925868 0.06705272 -0.2531509 0.7775818 0.5755704 -0.5161424 0.734884 0.4399348 -0.8451319 0.4712982 0.2522504 -0.9953433 0.07466423 0.06096893 -0.9953394 0.07957649 0.05447316 -0.8612683 0.4553831 0.2254847 -0.4690231 0.7842775 0.4061113 -0.2722851 0.8452806 0.4597409 0.1612718 0.891429 0.4234926 -0.3065956 0.8507512 0.4268741 -0.1942604 0.8697706 0.4536101 -0.5377438 0.805485 0.2490494 -0.8484475 0.4999369 0.1737814 -0.9953433 0.08384048 0.0475673 0.2559472 0.9273862 0.272848 -0.4471196 0.8567504 0.257027 -0.257856 0.9051805 0.3378736 -0.5065401 0.8312914 0.2288486 -0.8499477 0.5102596 0.1312414 -0.9953432 0.0875588 0.04031705 -0.9953403 0.09068226 0.03278076 -0.8615047 0.4970225 0.1038191 -0.4690527 0.8610196 0.1965577 -0.2722945 0.933527 0.2332018 -0.1918671 0.9555463 0.2238714 -0.5390256 0.841524 0.03590273 -0.1706473 0.97574 0.1371533 -0.212746 0.9751737 0.06144553 -0.4537421 0.8904872 0.03392279 -0.5049697 0.863034 0.01334017 -0.8500464 0.5267078 -2.87445e-4 -0.8643777 0.5002768 0.05073869 -0.9945545 0.1011447 0.02512103 -0.9963413 0.08546155 7.00464e-4 -0.9945502 0.102945 0.01650071 -0.8612745 0.5080054 -0.01169723 -0.4690476 0.8828046 -0.02550548 -0.2722893 0.9621801 -0.008241057 0.1879163 0.9797019 -0.06979876 -0.3160947 0.9479691 -0.0379309 -0.190547 0.9814348 -0.02185553 -0.5395051 0.8230897 -0.1773627 -0.8474668 0.5224465 -0.09407317 -0.8644703 0.5015279 -0.03407365 -0.9953399 0.09642541 8.80242e-4 -0.9963421 0.08520716 -0.006503701 -0.1667751 0.979433 -0.1135665 -0.2195225 0.9659006 -0.1372804 -0.4599701 0.8674406 -0.1896694 -0.5170552 0.8357253 -0.1849789 -0.9945505 0.1037922 -0.009831607 -0.8612859 0.4888405 -0.1386422 -0.4690474 0.8482229 -0.245993 -0.2722832 0.929403 -0.2491427 -0.1895653 0.944882 -0.2669515 -0.5397329 0.7519648 -0.3784676 -0.8473899 0.4814996 -0.2238045 -0.8644186 0.477066 -0.1587097 -0.9953426 0.09354275 -0.02329999 -0.9963407 0.08087086 -0.02766293 -0.1618788 0.9196934 -0.3577141 -0.2308622 0.8964708 -0.3782099 -0.4658226 0.7894708 -0.3996813 -0.5138931 0.757899 -0.4018746 -0.8501462 0.4661012 -0.2449514 -0.9953401 0.09127116 -0.03110927 -0.4690631 0.7594735 -0.450755 -0.2722974 0.8372668 -0.4741712 1.03116e-5 0.8110007 -0.5850452 -0.007839083 0.8097959 -0.5866594 -0.1554384 0.7998968 -0.5796585 -0.247456 0.7208728 -0.6473855 -0.5034497 0.6378672 -0.582807 -0.8499788 0.3812577 -0.3635638 -0.9953432 0.0805298 -0.05298089 -0.4690524 0.6222673 -0.6267163 -0.2722868 0.6917013 -0.6688866 -0.01045191 0.6339829 -0.7732765 -0.1458522 0.6721036 -0.7259504 -0.515393 0.4750149 -0.7132539 -0.8532346 0.2627106 -0.4505262 -0.9953438 0.06465464 -0.07148927 -0.9945529 0.0684393 -0.07861751 -0.8612645 0.2588142 -0.4373083 -0.4690452 0.4453079 -0.762691 -0.1612595 0.4323318 -0.8871779 0.02165096 0.482736 -0.8754983 -2.83475e-4 -0.4859213 -0.8740026 -0.0052616 -0.4830157 -0.8755959 0.002840995 -0.3299933 -0.9439791 -0.004027843 -0.3110188 -0.9503952 0.005377054 -0.08305358 -0.9965306 2.5948e-4 -0.06362169 -0.9979741 0.007342815 0.2166267 -0.9762269 -0.007491588 0.1757661 -0.9844035 -0.004676342 0.4136178 -0.9104386 -0.007351577 0.5722082 -0.8200755 0.001159906 -0.8504318 -0.5260842 -7.86779e-5 -0.8887974 -0.4583007 8.86683e-4 -0.9894202 -0.145076 0.002163052 -0.9634375 -0.2679243 -0.002386271 -0.9769446 -0.2134796 1.01224e-4 -0.9685521 -0.2488108 0.00271964 -0.9989956 -0.04472696 3.34002e-4 -0.9897667 -0.142695 5.45494e-5 -0.9995886 -0.02868491 0.001215457 -0.999887 -0.01498937 9.9349e-5 -0.9938856 0.1104151 -0.001893937 -0.9992105 0.03968423 -0.01330786 -0.9779669 0.2083361 0.001311182 -0.9710577 0.2388417 9.89223e-4 -0.9332532 0.3592181 3.99948e-4 -0.9569666 0.2901977 5.51491e-4 -0.8945994 0.446869 0.001177668 -0.8786792 0.4774113 3.37609e-4 -0.812111 0.583503 -0.001291513 -0.8536632 0.520824 -0.003708839 -0.7521999 0.6589246 9.83093e-4 -0.7291646 0.6843377 -2.35827e-4 -0.6364226 0.7713406 8.87174e-4 -0.53183 0.8468508 -3.4797e-4 -0.4200026 0.9075229 7.82072e-4 -0.2997351 0.9540222 -3.40491e-4 -0.1761244 0.9843679 5.33093e-4 -0.04812359 0.9988413 -2.43039e-4 0.07931023 0.99685 0.00582838 0.2857805 0.9582774 -0.01254516 0.4497983 0.8930421 0.003485798 0.5521351 0.8337475 -0.003769099 0.5762733 0.8172484 -0.01164168 0.6551975 0.755368 0.001460075 0.751609 0.6596074 -0.01820904 0.6585581 0.7523096 0.001558482 0.828458 0.5600492 -0.001476049 0.7896195 0.613595 0.004114449 0.8837189 0.468 0.001507222 0.8945044 0.4470568 8.8386e-4 0.9432168 0.3321768 -0.002784788 0.9188172 0.3946735 -0.003048717 0.9797998 0.1999576 0.0015769 0.9786084 0.2057264 0.001462996 0.9966804 0.0814017 -0.001781284 0.988478 0.1513544 0.002670943 0.9997722 -0.02117764 0.001443266 0.9987824 -0.04931277 4.3058e-4 0.984641 -0.1745905 -6.51379e-4 0.9933987 -0.1147121 -0.01091611 0.9601559 -0.2792519 0.001321196 0.9537518 -0.3005925 4.00911e-4 0.9081441 -0.4186577 -0.003347098 0.9331152 -0.359562 -0.01059496 0.8584066 -0.5128607 0.001242101 0.8463708 -0.5325926 7.45734e-4 0.7720943 -0.6355077 -0.009396672 0.7715537 -0.6360948 0.01737451 0.6789146 -0.7340117 0.002699613 0.6831434 -0.7302793 0.002338111 -0.6077915 -0.7940932 0.002471089 -0.5056565 -0.8627314 7.15625e-6 -0.5508349 -0.8346143 0.00115478 -0.5179378 -0.8554175 -1 6.2828e-5 1.33619e-5 -1 6.28391e-5 1.33147e-5 -1 6.26566e-5 1.41477e-5 -1 4.28688e-6 5.24707e-6 -1 4.35091e-6 5.1964e-6 -1 3.83798e-6 5.58095e-6 0.01112073 0.04848504 0.998762 0.07149714 0.4779496 0.8754727 0.7348942 0.2660682 0.6238096 0.4521673 0.8208801 0.3488563 0.8947954 0.1334403 0.4260693 0.102402 0.9198495 0.3786697 0.2605437 0.9098996 -0.3228 0.1023991 0.9198626 0.3786386 0.04054486 0.9926928 0.1136533 0.004426717 0.9343898 0.3562247 0.0547024 -0.0289247 -0.9980837 0.05646741 -0.5254567 -0.8489446 0.1613778 -0.4198461 -0.893133 0.0850467 -0.8510794 -0.5181032 0.03840488 -0.992887 -0.1126961 0.02282255 -0.7510136 -0.6598922 0.02348285 0.9981654 0.05580729 0.1062908 0.9869508 -0.1209567 0.6976242 0.6960412 -0.1698449 0.0944305 0.8526342 -0.5139045 0.6061355 0.3462713 -0.716028 0.1715861 0.6573653 -0.7337772 0.1972715 0.4927912 -0.847491 0.1072891 -0.917524 -0.3829344 0.1364765 -0.8638377 0.4849317 0.648251 0.00771439 0.7613878 -0.123436 -0.8770828 0.4642084 0.1957843 -0.4167713 0.887677 0.02301585 -0.2181166 0.9756513 -0.02279686 0.7288441 0.6843001 -0.05457121 0.6641203 0.7456315 -1 -4.47394e-5 7.48272e-5 -1 0 0 -1 0 0 -1 0 0 -1 1.19773e-5 -1.67279e-5 -1 -6.55516e-5 -2.0988e-4 -1 -4.06602e-5 5.33876e-6 -1 9.88556e-5 3.50066e-7 -1 0 0 -1 0 0 -1 0 0 -1 0 0 -1 0 0 -1 0 0 -1 0 0 -1 -1.67027e-5 1.62756e-6 -1 1.67405e-5 -1.95192e-5 -1 5.40868e-5 1.84286e-4 -1 0 0 -1 0 0 -1 -9.51447e-6 2.61327e-5 -1 0 0 -1 -1.75961e-7 0 -1 0 0 -1 0 0 -1 0 0 -1 -3.8553e-5 -2.13483e-5 -1 0 0 -1 0 0 -1 0 0 -1 8.78222e-5 -1.93606e-5 -1 3.17289e-6 5.53444e-5 -1 0 0 -1 0 0 -1 0 0 -1 0 0 -1 0 0 -1 0 0 -1 0 0 -1 0 0 -1 0 0 -1 0 0 -1 0 0 -1 2.40574e-5 1.14509e-4 -1 2.35656e-5 1.13309e-5 -1 0 0 -1 -4.79934e-5 1.16422e-5 -1 -2.68585e-7 -2.34913e-7 -1 0 0 -1 0 0 -1 0 0 -1 2.96018e-6 3.86031e-6 -1 -1.46798e-6 -5.44347e-6 -1 4.74651e-6 -1.92903e-6 0.06067568 0.7935612 0.6054578 -0.0413286 0.4882373 0.8717318 0.03402793 0.3456063 0.9377624 -0.02214628 0.1283349 0.9914836 0.03039091 -0.2755106 0.9608175 -0.02610069 -0.5180771 0.8549357 0.02071654 -0.8301882 0.5570983 -0.008725941 -0.888209 0.4593568 0.007809162 -0.9994114 0.03340619 0.006266951 -0.9979189 0.06417632 0.01253533 -0.890968 -0.4538931 -0.01526713 -0.9074269 -0.4199325 -0.01150339 -0.5730391 -0.8194473 0.01738518 -0.4922086 -0.8703038 -0.01235985 -0.04717671 -0.9988101 0.0217117 0.02103805 -0.9995429 -0.0141642 0.4018883 -0.9155792 0.03233033 0.6145676 -0.7882014 -0.01896548 0.7899852 -0.6128325 0.02612245 0.9635815 -0.2661363 -0.02610296 0.9893501 -0.1431956 0.02481687 0.9651086 0.2606716 -0.01947259 0.8913446 0.4529082 0.9750764 -0.175863 -0.1352709 0.7183817 -0.4076681 -0.5636796 0.717219 -0.3154601 -0.6213549 0.7169193 -0.2328515 -0.6571202 0.7183215 -0.3701674 -0.5890589 0.7171171 -0.1448904 -0.6817257 0.9685971 -0.1747277 -0.1768902 0.7158723 -0.05421394 -0.6961234 0.9605113 0.04527693 -0.2745326 0.7169711 0.03573447 -0.6961865 0.9600024 -0.1155868 -0.2550197 0.7162181 0.1254441 -0.6865096 0.7220822 0.1331997 -0.6788632 0.7187272 0.2218662 -0.6589435 0.9276368 0.27029 -0.2577469 0.7194564 0.3036998 -0.6246191 0.9252855 0.3096958 -0.2189418 0.7188438 0.382362 -0.5805713 0.7369264 0.4308759 -0.5208506 0.7186903 0.4547718 -0.5259914 0.7388277 0.4666259 -0.4862036 0.7184494 0.519446 -0.4626084 0.9167159 0.06878715 -0.393574 0.7182738 0.5754572 -0.391065 0.7147614 0.6048566 -0.3510909 0.7209683 0.6235481 -0.302312 0.7436032 0.6578738 -0.1194007 0.7100649 0.7008638 -0.06780809 0.7204406 0.6785696 -0.1432085 0.7213625 0.6656472 -0.1911802 0.7169675 0.696098 0.03748756 0.7059875 0.7005068 -0.1042687 0.7165766 0.6856744 0.1279403 0.974797 0.2135673 -0.06449711 0.7170586 0.6630293 0.2149866 0.7160859 0.689835 0.1065304 0.7169236 0.6296612 0.2992448 0.9670251 0.1811284 0.179039 0.7166281 0.585727 0.3786398 0.7188614 0.5885363 0.3699505 0.7154433 0.5311596 0.4538837 0.9627597 0.1249504 0.2397527 0.7189054 0.4604151 0.5207619 0.7194494 0.4717611 0.5097393 0.7193672 0.3894368 0.5751955 0.9771818 0.1079134 0.1829491 0.7188338 0.3115556 0.6214589 0.7159148 0.3125886 0.6243032 0.7186744 0.2281184 0.656863 0.8501722 -0.09189099 0.518424 0.7184899 0.141101 0.6810747 0.7177406 0.1455875 0.6809206 0.7182738 0.05091518 0.6938952 0.9530107 -0.1423445 0.2674109 0.720995 -0.04995435 0.6911374 0.7173318 -0.08637958 0.6913565 0.710089 -0.2916944 0.6408494 0.7203509 -0.2152405 0.659368 0.7213835 -0.1672688 0.6720321 0.7168224 -0.380205 0.584474 0.9460796 0.04909563 0.3201925 0.7165746 -0.453461 0.5299943 0.7175508 -0.3252714 0.6158892 0.7168217 -0.5186635 0.4659987 0.9424526 -0.03779393 0.332197 0.7167142 -0.5749719 0.3946241 0.7214902 -0.5256788 0.4506814 0.7165763 -0.6215568 0.3165211 0.816436 -0.3034161 0.4912954 0.7175336 -0.6564005 0.2329892 0.956676 -0.1643044 0.2403646 0.7178544 -0.6822005 0.1388798 0.7145954 -0.6661863 0.213423 0.7187328 -0.6934717 0.0502035 0.9776492 -0.1955091 0.07731914 0.7188695 -0.6939643 -0.04049992 0.9742128 -0.2103333 0.08166623 0.719181 -0.6823641 -0.1309887 0.9711753 -0.20218 -0.1262619 0.7184202 -0.6603238 -0.2187347 0.7154594 -0.6591724 -0.2315374 0.7180918 -0.6266161 -0.3028143 0.7272519 -0.6083661 -0.317798 0.7160083 -0.5793991 -0.3893956 0.8957191 -0.4443946 0.01417124 0.716794 -0.5035364 -0.4823457 0.7142009 -0.4978514 -0.4919971 0.9809692 -0.09096932 -0.1715345 0.9808896 -0.1352025 -0.139914 0.9809049 -0.05955725 -0.1851449 0.9809081 -0.03320658 -0.1916158 0.9876986 -0.007151603 -0.1562063 0.9851344 0.08505672 -0.1492499 0.9811334 0.08118617 -0.1754596 0.981678 0.09803897 -0.1633913 0.980987 0.1317572 -0.142495 0.981043 0.1657972 -0.1003298 0.980903 0.1829539 -0.06600952 0.9820787 0.178157 -0.06149464 0.9812713 0.1903347 -0.02965098 0.9808762 0.1918016 0.03307878 0.9799032 0.1760947 0.09370487 0.9992166 0.02952253 0.02636045 0.9798325 0.07623761 0.1847057 0.9765475 0.06021386 0.2067106 0.9814019 -0.03072065 0.1894902 0.9823595 -0.03621959 0.1834617 0.3212207 0.2636311 0.9095692 0.8942067 -0.05406183 0.4443779 0.9830268 -0.1345544 0.1247144 0.9809048 -0.1652213 0.1026049 0.9330721 -0.1461044 0.328679 0.8903834 -0.3139796 -0.329597 0.9809057 -0.1925168 -0.02759331 0.9831623 -0.1717365 -0.0624386 0.1067 0.7447613 0.6587457 0.186307 -0.6768252 0.7121779 1 3.7477e-7 1.38213e-6 1 -5.21371e-6 4.73512e-6 1 -7.29505e-6 9.87202e-6 1 0 0 1 0 0 1 0 0 0.009709954 0.9999498 0.002501368 1 7.17351e-7 4.86014e-6 0.3333317 -0.08271878 -0.9391739 0.9998828 -0.007605552 0.01329386 -0.01971185 -0.965484 0.2597154 1 -1.82912e-6 -1.7928e-6 1 2.09361e-6 -1.51992e-5 1 1.06941e-5 -1.45724e-5 1 4.49643e-6 -1.8701e-6 1 -1.85259e-5 -9.78634e-6 1 -7.43475e-6 -4.30411e-6 1 -5.89155e-6 7.89762e-6 1 -5.24335e-6 6.30505e-7 1 1.8843e-6 -1.34855e-6 1 2.32831e-7 -1.27442e-5 -0.7804321 0.6251884 0.00807023 1 -1.28921e-5 -1.21486e-5 0.9321112 -0.3081364 0.1903176 1 -8.70228e-6 -3.39001e-6 1 -5.85491e-7 0 -0.5801097 -0.8145384 0 1 1.40004e-7 0 0.2129232 0.3469228 0.9134048 1 1.50869e-7 0 -0.9899261 -0.1415584 -0.002754926 -0.9869408 0.1610563 0.002999186 1 -1.3262e-5 -1.14709e-5 1 -2.32458e-6 8.48295e-6 1 1.74679e-5 7.52881e-6 1 -4.016e-7 0 0.7545848 0.4489711 -0.4785676 0.7682118 0.3075941 -0.5614594 0.8565316 0.4903364 -0.161009 0.7723196 0.5200112 -0.3648438 0.8682897 0.3356308 -0.3652737 0.990793 -0.1165441 -0.06889748 0.9473386 0.2860369 0.1439884 0.766169 0.5024675 0.4006391 0.7682304 0.4270294 0.4769359 0.9519419 0.03480565 -0.3042946 0.7699518 0.3612657 0.5259861 0.7571018 0.4026178 0.5144858 0.781159 -0.4316884 0.4510386 0.8317028 -0.5420083 -0.1204053 0.75216 -0.09289675 0.6523999 0.8061163 -0.5255149 0.272049 0.740258 -0.02612364 0.6718152 0.7880753 0.2048308 -0.5805012 0.965654 0.206899 -0.157179 0.7659202 0.1889128 -0.6145552 0.7634906 0.04188257 -0.6444595 0.7770919 -0.1316935 -0.6154551 0.7699849 -0.112502 -0.6280657 0.7602055 -0.1984409 -0.6186348 0.7620191 0.6353772 0.1249907 0.9117692 0.4065926 0.05796074 0.7634912 0.6444594 0.04187488 0.7577459 0.6503098 -0.05402177 0.7699843 0.6280615 -0.1125301 0.7699816 0.6280686 -0.1125094 0.5213558 0.8505133 -0.06939208 0.8971617 0.3284008 -0.2953877 0.768621 -0.1493561 0.6220246 -0.2548853 0.3105938 0.915732 0.7634927 -0.0418722 0.6444577 0.7666246 -0.1021933 0.6339111 0.7634726 -0.04185467 0.6444827 0.8076469 -0.1060011 0.5800606 0.8570958 0.02248948 0.514666 -0.5733416 0.6075757 0.5496647 0.7682163 -0.5614377 -0.3076224 0.7625876 -0.5217529 -0.3824058 0.7133947 -0.4736626 -0.5164415 0.8797742 -0.4435586 -0.1710359 -0.8658697 -0.4953995 -0.06963574 0.7937427 -0.5596112 -0.2383446 0.9620789 -0.164633 -0.2174865 0.7666894 -0.6155565 -0.1824213 0.7634866 -0.644465 -0.04187083 0.7904102 -0.5784785 0.2015308 0.8945567 -0.4368127 -0.09467273 -0.3350682 -0.8431345 0.4205396 -0.9880494 0.1307589 -0.08161205 -0.7771783 -0.3333992 0.533703 0.7998536 -0.5802409 0.1534764 2.86102e-6 -0.7450141 0.6670487 -2.8491e-4 -0.7448263 0.6672583 -3.07709e-6 -0.745022 0.6670399 2.41309e-4 0.7447984 -0.6672895 -0.348178 0.7944214 -0.4976614 -0.07419455 0.7090033 -0.7012913 -0.1064015 -0.07358402 -0.9915968 0.9101375 -0.274437 -0.3103774 -0.4127439 -0.2167654 -0.884678 -0.9931879 0.06244504 0.09837967 -0.8900901 -0.2474274 0.3827785 -0.07496476 -0.5836775 -0.8085178 1.63838e-5 -0.6670194 -0.7450404 4.84988e-4 -0.6667 -0.7453261 2.47732e-5 -0.6670296 -0.7450312 -0.7020111 0.1306731 0.700075 -0.747711 0.4321901 -0.5041231 0.1677147 0.8696539 0.4642996 0.4594995 0.8852587 0.07195401 -0.3989698 0.7673336 0.5020182 -0.328176 0.8993579 0.2888874 0.9826526 -0.003900527 0.1854149 -0.06447786 -0.797577 0.5997613 -0.9647964 -0.2277137 -0.131584 0.193445 -0.7970863 0.5720425 -0.7288325 -0.6342364 0.2579679 -0.03938943 0.6500486 0.7588712 -0.004116594 0.4454439 0.8953004 -0.8110065 -0.3092411 -0.496627 -0.6983054 -0.06654697 -0.7126999 0.9439223 -0.3223028 -0.07163512 -0.006078779 -0.9882217 0.1529091 0.947699 -0.2347398 0.2162498 -0.9312443 -0.3615808 0.04520499 -0.7296593 -0.4704644 0.4962466 -0.8466185 0.1750629 0.5025835 -0.768498 -0.1066275 0.6309052 -0.7787737 0.1492165 0.6092996 -0.7907858 0.2935392 0.5371152 -0.7776805 0.4809696 0.4048227 -0.7857247 0.5913421 0.1815252 -0.7775832 0.5810852 0.2402177 -0.7669979 0.6406725 0.0354014 -0.785957 0.6128313 -0.08191192 -0.7647653 0.6225937 -0.1658655 -0.7832997 0.3951125 -0.4799248 -0.7809574 0.4993253 -0.3752064 -0.800534 0.150439 -0.5800979 -0.7908096 0.3838898 -0.4767063 -0.7704185 0.2007805 -0.6050971 -0.7742252 -0.03778666 -0.6317813 -0.7704243 0.2007882 -0.6050871 -0.7740379 -0.03484863 -0.6321796 -0.7742182 -0.03778642 -0.6317898 -0.7839075 -0.3048117 -0.5409057 -0.7776004 -0.2410345 -0.580724 -0.7734028 -0.4258548 -0.46957 -0.9758414 0.05178278 -0.2122555 -0.7684666 -0.553939 -0.3203294 -0.7470427 -0.6604707 -0.07553642 -0.772899 -0.6258241 -0.104745 -0.7771897 -0.613357 0.140604 -0.7730664 -0.6294943 0.07813662 -0.8964142 -0.4431494 0.007762193 -0.7598815 -0.5799964 0.2935714 -0.7971044 -0.5239022 0.3002516 0.798031 -0.5581924 0.2270858 0.5806847 0.7716529 -0.2595325 0.7784109 0.07314705 -0.623479 0.6488024 -0.5175477 -0.5578528 1 -2.0676e-7 0 1 -1.40725e-7 0 1 0 0 0.1567255 -0.06562387 0.9854596 1 1.12527e-6 -7.18515e-6 0.07861232 -0.8012367 -0.5931611 1 1.72706e-7 0 0.9929062 0.06732839 -0.09800171 0.1340005 0.291997 0.9469855 -0.09444743 -0.2211958 0.9706453 -0.05197072 0.4821149 0.8745651 0.6128996 0.006065964 -0.7901375 0.0055058 -0.9751656 -0.2214084 1 1.91054e-7 0 0.1807467 -0.5248361 0.8317919 0.3989243 -0.5982354 -0.6949632 1 -1.23171e-7 0 0.5106407 0.8216854 0.253139 1 -2.44897e-6 -2.68722e-6 1 -2.71556e-6 -2.4226e-6 1 -2.72365e-6 -2.41585e-6 -0.06745922 -0.2207233 0.9730008 1 -1.74344e-6 2.45869e-7 1 -1.34623e-6 0 0.9853473 0.1159127 -0.12512 1 -2.17638e-6 -2.61846e-5 0.03468674 0.942318 0.332917 1 -1.08965e-6 1.93482e-7 1 3.85826e-5 1.35474e-5 1 -2.77381e-6 -9.64345e-7 0.7442566 -0.6541248 0.1349189 1 0 0 1 0 0 1 -1.67839e-7 0 1 -2.32586e-6 -1.47201e-6 1 -1.60357e-5 -1.08959e-5 1 -8.50437e-6 -5.67269e-6 0.03404593 -0.9982103 -0.04916608 -0.01415443 -0.7892661 -0.6138883 0.007133722 0.02729558 -0.999602 0.02170473 0.04926115 -0.9985502 -0.1257638 -0.0818333 -0.9886794 -0.69386 -0.590066 -0.4127718 0.02688682 0.03845477 -0.9988986 -0.04094427 0.8036659 -0.5936706 0.01923573 0.9029555 -0.4293033 -0.03687894 0.9991186 0.02005136 0.04515963 0.9922052 0.116145 -0.6397038 0.4193164 0.6441685 -0.05961281 0.7584906 0.6489517 -0.8564211 0.503989 0.1119729 -0.9572596 0.1322286 0.2572346 -0.09172028 0.5496202 0.8303644 -0.7694287 -0.5716449 0.2849595 0.007571458 -0.1449438 0.989411 -0.9946665 -0.1019458 0.01567703 0.01398712 -0.06542009 0.9977598 -0.01808184 -0.8914024 0.4528521 0.002720355 -0.2604486 0.9654839 0.1433944 -0.07300508 0.9869693 -0.04382187 0.4253228 0.9039801 -0.01570117 0.5763928 0.817022 -0.005607008 0.95915 0.2828425 0.0459609 0.9754769 0.21525 -0.02677386 0.8914816 -0.4522653 -0.01819342 0.8638461 -0.5034273 -0.06096589 0.6328158 -0.7718985 0.0791707 0.0542612 -0.9953832 0.004583239 -0.2471315 -0.9689711 -0.03536134 -0.469312 -0.8823242 0.03258526 -0.7866085 -0.6165918 0.08284735 -0.8403853 -0.5356203 0.1188429 -0.9616965 0.2470149 -0.005466401 -0.8450748 0.5346202 -0.02184617 -0.6617282 0.7494256 1 7.14138e-6 8.82894e-7 -1 -1.6107e-7 0 -1 4.13135e-6 -1.96695e-6 -1 -1.27591e-5 1.51047e-5 -1 2.54303e-6 -3.03146e-6 -1 0 0 -1 0 0 -1 -3.62843e-6 -2.90154e-6 -1 6.07688e-7 5.99597e-7 -1 8.34634e-6 7.73056e-6 -1 -1.6215e-5 -6.08154e-6 -1 -4.34695e-7 -4.43042e-6 -1 -2.29455e-7 -4.45689e-6 -1 -5.10656e-7 -4.41726e-6 -1 -5.19957e-6 -1.35627e-5 -1 -4.88269e-6 -1.36499e-5 -1 -4.39113e-6 -1.37773e-5 -1 1.77352e-5 1.46683e-6 -1 -1.46688e-7 0 -1 2.8491e-5 2.72691e-5 -1 3.74019e-5 1.94013e-5 -1 3.55542e-5 2.39015e-5 -1 -1.55233e-5 -2.77674e-6 -0.8971065 -0.3576102 -0.2594512 -0.7534104 -0.1966371 -0.6274604 -1 5.83512e-7 0 -1 0 0 -1 0 0 -1 -1.41759e-6 -1.1943e-6 -1 4.33861e-6 7.10985e-6 -1 -1.40211e-6 -4.15277e-6 -1 2.80305e-6 -1.08802e-5 -1 -1.79634e-5 4.51598e-6 -1 -6.73765e-6 -4.1388e-6 -1 -5.69531e-6 8.20064e-6 -1 2.2653e-5 8.64337e-6 -1 -2.68361e-6 -3.15812e-6 -1 5.0962e-6 -7.19726e-6 -1 8.62032e-6 3.42727e-6 -1 -9.56654e-6 1.54823e-5 -1 2.71201e-6 5.5097e-6 -1 -3.53344e-6 1.53966e-5 -1 -1.62721e-5 -6.50436e-6 -1 -4.35859e-6 6.82473e-6 -1 4.30644e-6 1.63019e-5 -1 1.23011e-7 0 -1 -2.35438e-5 1.93459e-6 -1 -3.27659e-5 2.9377e-5 -1 7.74522e-5 -1.46045e-5 -1 2.55683e-7 0 -1 2.5506e-7 0 -1 0 0 -1 -1.10846e-5 -2.50856e-5 -1 -6.28643e-7 2.0388e-5 -1 0 0 -1 -9.11509e-6 1.54108e-5 -1 3.03963e-5 -4.30236e-6 -1 0 0 -1 2.57668e-5 2.03431e-5 -0.4208778 -0.525451 -0.7394344 -0.03257209 -0.99699 0.07035619 -0.03016799 -0.9726004 0.2305178 0.3560047 -0.1282281 0.9256448 -0.02234154 -0.2647541 0.9640572 0.3765411 0.8033988 0.4612671 -0.002977311 0.6969899 0.7170748 0.2607231 0.8707324 -0.4169514 -0.003966569 0.9713588 -0.2375845 -0.02003091 0.2868031 -0.9577802 0.02452766 0.02158141 -0.9994663 0.9933878 0.1138689 0.01464486 1 -3.58094e-7 -1.52737e-6 1 7.69272e-6 8.01869e-6 1 3.03984e-6 -1.42306e-5 1 8.45641e-6 3.93391e-6 1 -4.1239e-6 1.54525e-5 1 7.19167e-6 1.81119e-5 1 1.97714e-6 3.36612e-6 1 -9.27271e-6 1.67489e-5 0.6626099 0.7437992 0.08781278 0.6201552 0.65405 -0.4331585 0.6690052 0.7274937 -0.1522665 0.6601719 0.4147802 -0.6262034 -0.7062758 -0.3448916 0.6182429 -0.7035556 -0.0996806 0.7036145 -0.7272652 -0.2118679 0.6528379 -0.7035556 -0.0997188 0.7036091 -0.0578584 0.4825673 0.8739458 -0.7019938 0.3635895 0.6123786 -0.6490321 0.749972 0.1276691 -0.6419286 0.3940523 -0.6577617 -0.6362453 0.4733535 -0.6092031 -0.5944148 -0.01000446 -0.8040964 -0.6271489 -0.5219196 0.5781732 -0.6904001 0.03825175 0.7224157 -0.6357308 -0.3847617 0.6691823 -0.7041343 0.5291334 0.4735112 -0.6994851 0.7034208 -0.1261741 -0.7041345 0.5291236 0.4735217 -0.729138 0.6841626 -0.01671552 -0.6994903 0.703419 -0.1261547 -0.7246926 0.08495229 0.6838157 -0.7129446 0.3282066 0.6196696 -0.7573253 0.4983646 0.4220085 0.07372862 -0.1279078 -0.9890418 0.5339269 0.5033162 -0.6794078 0.3595696 -0.9083568 0.2135361 0.02453178 -0.3938106 -0.9188642 0.05160957 0.9976783 -0.04443728 -0.1079457 -0.9776697 0.1803048 0.2459392 -0.9577677 -0.1489798 0.08984899 -0.008476972 -0.9959194 -0.1168166 0.8064607 -0.5796337 0.04189682 0.8081564 -0.587476 -0.2418909 0.1293348 0.9616452 0.06711328 0.9759061 0.2076128 -0.1433185 0.6013159 0.7860529 0.09174931 -0.4574147 -0.8845078 0.05777078 0.8064894 -0.5884196 -1 -9.25735e-7 -7.02217e-7 -1 1.41598e-5 -6.20261e-6 -0.9600976 -0.2735367 0.05822736 -0.498926 -0.4744701 -0.7252247 -0.7297722 0.2153967 -0.6488735 0.04942131 -0.9621593 0.2679682 -0.8132541 -0.09416979 0.5742384 -1 6.26221e-6 1.22264e-5 -0.8377804 -0.5458201 -0.01429843 -1 8.86433e-6 -1.99173e-5 -1 7.40634e-7 -1.51619e-6 -1 -2.59839e-7 5.33275e-6 -1 1.39233e-5 -7.47666e-6 -1 -9.50275e-6 -6.82194e-6 -1 9.84967e-6 1.43936e-6 -0.9688669 -0.2473823 0.009953379 1 -2.30331e-7 0 0.9232221 0.1117293 -0.367665 0.6435596 -0.7650125 -0.02423161 1 6.02395e-7 0 0.9708029 -0.08287942 0.2251062 1 -2.90573e-7 7.08178e-6 0.9697716 -0.005986809 0.2439411 0.9587627 -0.1109055 0.2616755 1 9.12696e-7 -1.36346e-5 0.2178868 0.6682118 0.7113497 0.5472778 0.8360823 -0.03812181 0.9596585 0.1503143 0.2376155 0.8789929 0.367027 -0.3044056 1 1.35005e-5 -8.6613e-7 0.9544769 0.036251 0.2960739 1 -8.19564e-7 1.56946e-5 1 -1.12355e-5 -6.86944e-6 0.2130588 -0.6194707 -0.7555541 0.4017479 -0.59306 0.6977669 -0.02181768 -0.9758557 0.2173245 0.05629038 -0.9672924 0.2473399 0.02002215 -0.8660896 -0.4994876 0.03311234 -0.07354676 -0.996742 0.01416736 -0.07662224 -0.9969596 -0.04289323 0.005346238 -0.9990653 0.1905686 0.9668336 0.1700482 0.9562424 0.2645629 0.1249278 0.008282959 0.8343762 -0.5511334 0.2947924 0.2451046 0.9235915 0.003535389 0.3534451 0.9354487 0.04879504 0.1980293 0.9789809 0.03967946 0.198437 0.9793102 0.08528876 0.2775723 0.9569115 1 1.62087e-5 -1.20215e-5 1 -3.68804e-6 -1.62423e-6 0.3129126 0.1008028 0.9444175 -0.07766395 0.9963193 0.03628021 0.04033178 0.7741937 -0.6316626 -0.08246237 0.397351 -0.9139541 0.06061261 -0.7148175 0.6966793 -0.02366322 -0.5449997 0.8381023 -0.7488084 0.02466845 0.6623273 -0.5834209 -0.2038862 0.7861618 -0.7236176 -0.3741402 0.5799973 0.5584515 0.3901821 0.732045 0.6623606 0.5195505 0.5397645 0.5699688 0.404641 0.7151232 -0.9018867 -0.4313098 0.02392333 -0.8577427 -0.5065554 -0.0876314 -0.8646784 -0.4953363 -0.08350652 -0.8493055 -0.4990007 -0.1722749 0.01836162 0.7343586 0.6785134 0.2209866 0.4732238 -0.8527744 8.99721e-4 -0.4274421 -0.9040423 -2.81803e-4 -0.9954203 0.09559583 0.09282529 -0.9745729 0.203939 -5.0237e-4 -0.9954149 0.09565144 0.1179258 -0.9516261 0.2837273 -1.0699e-5 -0.4147972 0.9099139 0.7156426 0.5462455 -0.4352833 0.6859358 0.6576271 -0.3114783 0.7868597 0.5102715 -0.347095 0.1573955 -0.3172231 -0.9351985 0.2747044 -0.1943529 -0.9416818 0.2355402 -0.3703023 -0.8985528 -1 3.7197e-6 2.94298e-6 -1 -1.33524e-5 7.60239e-6 -0.3071508 -0.3594129 0.8811815 -0.5085868 -0.8236909 -0.2507444 -1 -1.02469e-5 3.76254e-6 -1 7.86502e-7 -9.83849e-6 -0.9923058 0.1149508 0.04599463 -0.8955931 0.4302484 -0.1131346 -0.491532 0.4159004 0.7651295 -1 -2.6077e-6 4.73112e-6 -0.3638148 -0.697866 -0.6169456 -1 -2.23519e-7 0 -0.4035498 -0.9046313 0.1370761 -1 -2.15987e-5 4.91551e-6 -1 7.45058e-7 2.0206e-5 -0.8895149 -0.4250126 0.1677128 -0.8838711 -0.2418312 0.4003617 -1 -5.10365e-7 9.88692e-6 1 1.34512e-6 -2.05369e-7 1 1.16132e-6 2.74258e-7 1 2.2918e-5 -2.83867e-5 1 1.59293e-5 -8.28505e-6 1 1.93417e-5 -1.73152e-5 1 -7.61449e-6 8.49366e-6 1 -4.06429e-6 7.7635e-6 1 7.6592e-6 6.24731e-6 1 -2.03126e-7 -7.98502e-7 1 -5.00397e-7 -3.04006e-7 1 -3.05511e-7 -8.707e-7 1 7.43382e-6 6.91041e-6 1 -5.41285e-6 -8.6315e-6 0.002669751 -0.4563332 -0.889805 0.01772117 -0.386599 -0.9220777 0.1826611 -0.2003566 -0.9625447 0.5006387 0.5597088 -0.6603688 -0.03097385 0.565111 -0.8244333 0.431141 0.8891952 -0.1531323 0.03259402 0.8201307 -0.5712473 0.4417208 0.6585442 0.6092638 0.01314103 0.9459456 0.324059 0.9556002 -0.02103227 0.2939148 -0.0281499 -0.02486616 0.9992944 0.01292634 0.1576503 0.9874105 0.008948445 -0.1733873 0.9848131 0.9898488 -0.07086002 0.1232005 0.03858357 -0.9972746 0.06288659 1 3.53041e-6 1.07277e-6 -0.3159634 -0.8757951 -0.3648975 0.006206691 -0.9964623 0.08381205 -0.04262882 -0.8908541 0.4522852 0.07842731 -0.5569812 0.8268139 -0.03734225 0.07038044 0.9968211 0.07062286 0.7116565 0.6989688 -0.05187594 0.9737896 0.2214565 0.06855767 0.8852692 -0.4599981 -0.05685949 0.7036523 -0.7082659 0.04846256 0.1368064 -0.9894117 -0.05745506 -0.2124881 -0.9754731 -0.7194802 -0.5806562 0.3810338 -0.7451353 -0.6667484 -0.01483303 -0.7281217 0.6761872 0.1122936 -0.9020928 0.1490188 -0.4049965 -0.9020273 0.1545829 -0.403052 -0.9020918 0.1489891 -0.4050097 0.2513713 -0.8381805 -0.4840105 0.2620735 -0.3246632 0.9087967 0.4621658 0.03907608 0.8859323 0.3293061 0.659216 0.6760118 0.2742646 0.9041513 -0.3275507 0.1528695 0.3017371 -0.9410557 0.2524905 0.1678054 -0.9529375 0.8471823 0.4385202 -0.2999707 0.9127392 0.3828241 -0.1426635 0.9244289 0.3081697 -0.2246388 -1 2.30223e-6 -8.53091e-7 -1 6.42985e-6 6.27898e-6 -0.7000401 -0.5904176 0.4016853 -0.237533 0.9121013 0.3341399 -0.4901874 -0.8092969 0.3236587 -1 6.33056e-6 -1.05612e-6 -0.9363276 0.2329104 0.2627611 -1 1.73226e-6 -7.22706e-6 -0.9731869 -0.09701406 0.2085561 -0.6850574 -0.04351198 0.7271886 -0.8538325 0.4574301 -0.2484509 -0.8777284 -0.08202856 0.4720849 -1 -1.31009e-5 -7.61077e-6 -0.9638717 0.06558454 -0.2581669 -0.8631512 -0.4252815 0.2722238 -0.9698233 0.08560883 -0.2282853 1 1.68274e-5 -4.58956e-6 1 1.69645e-5 -3.9186e-6 1 1.68916e-5 -4.27203e-6 0.7314729 0.6678468 -0.1375799 1 -3.56345e-6 0 0.6487859 0.203785 -0.7331771 1 2.87723e-6 -3.97069e-6 1 2.93637e-6 -3.92825e-6 1 2.91795e-6 -3.94147e-6 1 -5.61774e-6 -1.02259e-5 1 9.50694e-6 6.76932e-6 1 -9.87575e-6 2.8722e-6 1 -1.08443e-5 1.17011e-5 1 -2.20761e-5 1.2815e-6 1 1.08778e-5 7.20844e-6 1 3.83332e-6 1.25542e-6 -2.87503e-4 -0.7273446 -0.6862725 0.3883266 -0.5602299 0.7316728 8.14889e-5 -0.9147702 -0.4039747 0.02204185 -0.4934774 -0.8694793 0.02495998 -0.4160657 -0.9089919 -0.04324352 -0.4130877 -0.909664 0.5628345 0.8020272 -0.1999242 -0.04412156 0.4669608 -0.8831767 0.3890637 0.6880155 0.6125881 0.03261792 0.9779298 0.2063719 0.01404386 0.9787245 0.2046974 0.9860103 -0.1048348 0.1295897 0.009150683 -0.1022392 0.9947178 0.3218306 0.2113032 0.9229171 -0.0170713 -0.5217111 0.8529514 1 -2.84356e-5 -3.6112e-6 1 -4.29898e-6 -7.07805e-6 -7.63811e-4 -0.8880606 0.4597256 -0.01486307 -0.6342761 0.7729637 -0.08872288 -0.8464978 0.5249475 -0.08108246 -0.3170682 0.9449304 0.05878019 0.391739 0.9181969 -0.00525552 0.4459894 -0.8950228 0.01342439 -0.5232512 -0.8520727 -0.0240246 -0.5495523 -0.8351138 0.01954215 -0.8659728 -0.4997093 0.0427466 -0.8792582 -0.4744238 -0.7451114 -0.3349462 0.5767322 -0.7474932 -0.6485473 -0.1436681 -0.6107407 -0.3948655 -0.6863506 -0.6676946 0.09352213 -0.7385375 -0.7950696 -0.1260794 -0.5932692 0.6557319 -0.1624713 -0.7373051 0.6061362 -0.6712758 -0.4266004 0.728885 -0.3938944 -0.5599767 -0.9021224 0.09679621 -0.4204826 -0.08596467 -0.7862783 -0.6118631 0.04236507 0.7580075 0.6508687 2.29827e-5 -0.1846809 0.9827986 0.2509173 0.9647463 -0.07940477 1.12548e-4 0.9434551 -0.3315007 0.05406528 -0.08629679 -0.9948014 1.05351e-5 0.1847044 -0.9827941 1.44541e-5 0.1846643 -0.9828017 1.24536e-5 0.1846834 -0.9827981 9.77516e-6 0.1847059 -0.9827939 0.8472232 0.3971406 -0.3528345 0.9127831 0.3616969 -0.1897429 0.9243862 0.2773927 -0.2618463 -1 1.53712e-6 0 -1 -7.32019e-7 -4.70877e-6 -1 0 1.508e-5 -1 3.89665e-6 -1.12541e-5 -1 -1.55484e-6 -1.30683e-5 -0.9731094 -0.2267204 -0.04069417 -1 -7.9684e-6 5.38677e-6 -1 -6.78189e-6 -1.77883e-6 -0.527507 -0.5316296 0.662651 -0.3804948 -0.3995792 0.8340026 -1 1.36346e-6 1.17421e-5 -0.5251877 0.8497416 0.04601162 -1 -9.99868e-6 1.67638e-7 -1 -4.04567e-6 1.21258e-5 -1 2.01445e-6 9.38773e-7 -1 -2.20397e-6 3.56138e-6 -1 1.04331e-5 3.18512e-7 0.1473749 -0.009407103 0.989036 0.8136602 0.4708461 0.3409709 1 2.11597e-6 -1.05745e-5 1 -1.21444e-6 3.96371e-6 1 4.91738e-7 8.9407e-6 1 -4.2934e-6 -5.92321e-6 1 -7.95722e-6 -3.42727e-6 1 -2.64645e-5 -5.74812e-6 0.9928126 0.1177278 -0.02152526 -0.2518087 0.4310199 -0.8664954 1 -3.09944e-5 3.85195e-5 1 -2.34805e-5 -8.54023e-6 0.2676513 -0.05829429 0.9617508 0.2624953 0.9541218 0.1440411 0.02129483 0.8958222 0.4439024 0.2200837 0.3419608 0.9135788 -0.2316265 -0.1264358 0.9645534 0.9965425 0.08263587 0.008629918 0.03305834 -0.9878751 0.1516908 -0.001217603 -0.9985603 0.05362689 -0.146282 -0.986677 -0.07120478 0.02324771 -0.9775955 -0.2092045 0.02951127 -0.3833083 -0.923149 0.01469516 -0.3886432 -0.9212712 -0.04342287 -0.3032534 -0.9519201 0.8816938 0.4329935 0.1874369 0.04183703 0.8692323 -0.4926308 1 1.31857e-5 -6.33672e-6 1 -3.75509e-6 -3.44217e-6 0.3673402 0.9200797 -0.1360684 -0.04803097 0.2244207 -0.973308 0.03335344 -0.5412946 -0.8401713 -0.09218627 -0.8211924 -0.5631561 0.05685478 -0.9981258 0.0226407 -0.05098438 -0.8036867 0.5928645 0.06549328 -0.2672606 0.9613962 -0.09969806 0.351583 0.9308329 0.01135349 0.7859585 0.6181752 -0.8577651 -0.04769527 0.5118244 -0.864678 -0.04444426 0.5003566 -0.8492993 -0.132627 0.5109803 6.68459e-4 0.7660613 -0.6427671 6.52678e-4 0.766057 -0.6427724 6.49236e-4 0.766056 -0.6427735 5.51641e-5 -0.9088941 -0.4170272 2.61426e-4 -0.930194 -0.3670683 2.14092e-5 -0.1735658 -0.9848223 0 -0.9396621 -0.3421043 -1.9812e-5 -0.7661127 0.6427063 -1.23577e-5 -0.7661147 0.6427039 0.3187583 0.7112582 0.6265022 -9.21637e-6 0.9396569 0.3421185 -0.9141331 0.3768227 -0.1495509 -0.9235947 0.3547643 -0.145311 -0.9302669 0.3474622 -0.1177865 -0.8806883 -0.0547111 -0.4705263 -0.8047558 -0.2035267 -0.5576245 -0.9503175 -0.2881155 -0.1178401 -0.4566015 0.7971348 0.3950839 -0.897074 0.1636005 -0.4104794 -0.9017395 -0.01340031 -0.4320722 -0.8966551 0.4128759 -0.1598222 -0.8094766 -0.0212996 -0.5867658 -0.8539858 -0.03011006 -0.5194245 -0.850422 -0.02411961 -0.525548 -0.839711 -0.0582031 -0.5399055 -0.309679 0.8729702 -0.3768582 -0.8574769 -0.002787351 -0.5145149 -0.8703195 -0.002468109 -0.4924814 -0.8783683 0.02695864 -0.4772236 -0.8650675 0.003270626 -0.501645 -0.8597024 0.005166411 -0.5107693 -0.8738534 0.04972487 -0.48364 -0.8903228 0.04267054 -0.4533263 -0.8972281 0.05436533 -0.4382078 -0.8842545 0.05106937 -0.4642048 -0.8921796 0.0846762 -0.4436729 -0.9075369 0.07801169 -0.4126634 -0.9220325 0.1149028 -0.3696668 -0.9848254 0.08629673 -0.1505721 -0.9199447 0.1769833 -0.3498267 -0.1744064 0.1303359 -0.9760098 -0.9291844 0.1943277 -0.3144091 -0.9214171 0.1720479 -0.3484109 -0.9322986 0.2234349 -0.2844226 -0.9275477 0.1804129 -0.3272715 -0.9036594 0.3060734 -0.2995311 -0.9282714 0.2569794 -0.2688382 -0.9452309 0.2634087 -0.1927553 -0.932729 0.311195 -0.1821383 0.3445053 -0.7881082 -0.5100997 0.9892647 0.1369494 0.05099159 0.09614169 0.8670241 -0.488903 -0.9092873 0.3685685 -0.1932711 -0.9423075 0.259639 -0.2112923 -0.5118298 0.4517171 0.7307407 -0.9259521 0.3658397 0.09366983 0.2583807 0.7922829 0.5527452 -0.9536958 0.2134054 -0.2119491 -0.9513425 0.2595152 -0.166131 -0.9469081 0.2400901 -0.2138266 -0.2301169 -0.5950612 0.7700315 -0.9556963 0.1534126 -0.2512153 -0.942103 0.1999068 -0.2692196 -0.9598883 0.1980065 -0.1985139 -0.9542174 0.1817666 -0.2375503 0.8218124 0.1997159 0.5336084 -0.9533919 0.1144313 -0.2791942 0.8323281 -0.1922068 0.5198907 -0.9455531 0.1111212 -0.3059109 -0.9323112 0.06962728 -0.3548914 -0.946753 0.0905745 -0.308958 -0.9446087 0.07726252 -0.3189748 -0.9288792 0.0395888 -0.3682613 -0.9410459 0.0679031 -0.3313935 -0.9213287 0.03605699 -0.387109 -0.922282 0.03267967 -0.3851336 -0.9282169 0.07063013 -0.3652736 -0.9123845 0.04265993 -0.4071053 -0.9178132 -0.002119302 -0.3970071 -0.925563 0.02443897 -0.3778041 -0.9034904 -0.001789987 -0.4286045 -0.9068526 0.007663965 -0.4213783 0.6951949 -0.2566864 0.6714285 -0.9040569 -0.002690374 -0.4274036 -0.9689014 0.05505526 -0.2412449 -0.896281 -0.011689 -0.4433326 -0.6565694 0.7034577 0.2721469 -0.9237563 0.2477091 -0.2920868 -0.9270893 0.1723655 -0.3328598 -0.9715964 0.05514478 -0.2301293 -0.9151623 0.1061633 -0.388854 -0.8905847 0.06773459 -0.4497454 -0.9200291 0.07185786 -0.3852052 -0.960049 0.1730512 -0.2199074 -0.9044758 0.372289 -0.2081454 -0.9079857 0.3793283 -0.1779664 -0.931904 0.3276265 -0.1556143 -0.9245563 0.3455609 -0.1605728 -0.9364851 0.330281 -0.1179416 -0.9820355 0.06713235 0.176351 -0.9648414 0.1656636 -0.2040506 -0.9659144 0.2193705 -0.1374264 -0.9599998 0.230456 -0.1590297 -0.9578107 0.2534751 -0.1354588 -0.9517402 0.2818393 -0.1214792 -0.9490154 0.2790049 -0.1467174 -0.9442527 0.2831737 -0.1679276 -0.9395095 0.3071057 -0.1516843 -0.9442527 0.2831603 -0.1679497 -0.932071 0.3125073 -0.1832563 -0.946425 0.3049137 -0.1063373 -0.9330798 0.1043854 -0.3441885 -0.940171 0.09251159 -0.3279027 -0.9490742 0.1174305 -0.2923499 -0.9694314 0.1735413 -0.1734545 -0.9707556 0.2063596 -0.1226757 -0.9539203 0.2686613 -0.1336311 -0.94287 0.3136972 -0.1122064 -0.9294684 0.3209993 -0.1817914 -0.9274789 0.3238853 -0.1867657 -0.9221856 0.3405816 -0.183243 -0.9531052 0.2704562 -0.135809 -0.948576 0.3087893 -0.0696628 -0.954141 0.2652633 -0.1387465 -0.9485734 0.3088017 -0.06964218 -0.9410308 0.3229814 -0.1007184 -0.9340873 0.3214771 -0.1553501 -0.8841174 -0.001969814 -0.4672608 -0.9192255 0.07514333 -0.3864948 -0.906025 0.03602099 -0.4216886 -0.9269947 0.05130165 -0.3715496 -0.9132633 0.04971832 -0.4043244 -0.8990556 0.02278351 -0.4372414 -0.8947548 0.006466388 -0.4465109 -0.8553353 -0.04384142 -0.5162166 -0.9024905 0.02543526 -0.4299584 -0.9379279 0.08634418 -0.3359107 -0.9529216 0.1406786 -0.2686076 -0.9736676 0.205478 -0.09874349 -0.9474142 0.2490813 -0.2009101 -0.9445766 0.3002827 -0.1326856 -0.9445691 0.3003167 -0.1326621 -0.9332236 0.3146747 -0.1734177 -0.8351078 0.02586531 0.5494781 -0.3511648 -0.05780136 -0.9345278 -0.943219 0.1085699 0.313928 0.9125642 -0.01264357 -0.408738 -0.9608072 0.03057831 0.2755262 -0.729728 0.6432468 -0.2317987 -0.6704319 0.6471751 -0.3628851 0.4627731 0.7766383 -0.4274039 0.2771391 0.2167415 0.9360647 0.4330543 0.3098741 0.846429 0.7545046 0.2072731 0.6227045 0.307953 -0.7614955 0.5703418 -0.8797142 0.2738629 0.3887183 -0.9251869 -0.3045113 -0.2264999 -0.8993657 -0.358927 -0.2496255 -0.9299753 -0.2751495 -0.2438007 -0.9030846 -0.4277019 0.03884947 -0.9294808 -0.3687605 0.009014308 -0.9321411 -0.3583551 -0.05191087 -0.9032422 -0.08927601 0.4197421 -0.8681194 -0.2505398 -0.4284842 -0.4165639 0.846748 0.3308964 -0.07134252 -0.4737397 -0.8777704 -0.9019325 -0.3670649 0.2275546 -0.5964315 -0.4759874 -0.6463015 -0.8355665 -0.4561011 0.3062685 -0.8538298 -0.4360194 0.2843619 -0.834506 -0.4533051 0.3132318 -0.2343763 -0.7421838 -0.6278783 -0.8543651 -0.4220293 0.3032354 -0.8558987 -0.4447792 0.263835 -0.87042 -0.4250195 0.2484503 -0.8734781 -0.4373033 0.2140134 -0.8615901 -0.4411013 0.2511813 -0.878173 -0.4246128 0.220264 -0.876305 -0.4408134 0.1943535 -0.880455 -0.4354041 0.187676 -0.8841131 -0.4194699 0.205886 -0.8841001 -0.4341786 0.1727891 -0.9068335 -0.3954628 0.1458166 -0.9208282 -0.3811602 0.08241593 -0.9111215 -0.3968452 0.1112279 -0.9166589 -0.3983941 0.03191828 -0.9085816 -0.4137129 0.05763012 -0.911731 -0.3967719 -0.1063903 -0.9221357 -0.3856089 -0.03116881 -0.940731 -0.3233742 -0.1022463 -0.9373667 -0.3476102 -0.02260226 -0.8893153 -0.4564517 0.02775746 -0.853439 -0.5167425 -0.06796532 -0.1131153 -0.8886914 0.4443339 -0.9325595 -0.3147778 -0.1767702 -0.8921476 -0.3672269 -0.2630918 -0.9472542 -0.2978625 -0.1182692 -0.9513518 -0.2735621 -0.1417514 -0.9404131 -0.3027116 -0.1548834 -0.9578281 -0.2587267 -0.1250041 -0.9572835 -0.2825001 -0.0616604 -0.9638671 -0.2579573 -0.06647098 -0.9500321 -0.3039023 -0.07129293 -0.9584731 -0.2811082 -0.04803842 -0.9513678 -0.3075979 -0.01682513 -0.9554239 -0.2952376 1.80525e-4 -0.9527236 -0.3014575 0.0379619 -0.954101 -0.2982693 0.0269584 -0.9445851 -0.3224476 0.06153559 -0.9546067 -0.2911479 0.06292152 -0.9322649 -0.3423035 0.1170926 -0.9465082 -0.3136999 0.07559466 -0.9445974 -0.3152064 0.0915476 -0.9293569 -0.3377787 0.1490007 -0.9410318 -0.3210128 0.1068176 -0.9213262 -0.3532685 0.1623562 -0.9225636 -0.3488675 0.1648266 -0.9254609 -0.3510193 0.1425048 -0.9141057 -0.3675441 0.171237 -0.9182375 -0.3419138 0.1998372 -0.92658 -0.3358159 0.1693438 -0.9035015 -0.370326 0.21574 -0.9108743 -0.365534 0.1915541 0.7030742 0.7049087 -0.09375673 -0.9039186 -0.3692002 0.2159224 -0.9668598 -0.2464342 0.06672537 -0.8962118 -0.3783197 0.231687 -0.9412181 -0.2449781 -0.2325816 -0.9282878 -0.3641255 -0.07546037 -0.9270802 -0.3744628 0.01732242 -0.9346256 -0.3438933 0.0906223 -0.9150983 -0.3899444 0.1026573 -0.8845883 -0.4294764 0.1818065 -0.8880013 -0.4189677 0.1895252 -0.8916274 -0.4221118 0.1637747 -0.9579389 -0.2806652 -0.0598362 -0.8181732 -0.5122874 -0.2610641 0.9472944 0.2550467 -0.1938675 -0.9360365 -0.2938744 -0.1935812 -0.9367976 -0.2672819 -0.2257673 -0.9484205 -0.2210713 -0.2272136 -0.9648146 -0.2596556 -0.04137402 -0.9659026 -0.2287372 -0.1212909 -0.9599804 -0.2529546 -0.1202155 -0.9583216 -0.2430517 -0.1501518 -0.9518636 -0.2456915 -0.1832798 -0.9490728 -0.2665485 -0.1679663 -0.9458282 -0.2742162 -0.1738231 -0.9323034 -0.3056478 -0.1933645 -0.9151161 -0.337378 -0.2207683 0.9051145 0.3863678 0.1774479 -0.933095 -0.3502289 0.08169108 -0.9401798 -0.3301956 0.08386206 -0.9490953 -0.3118379 0.04444527 -0.9680811 -0.2436354 -0.05882984 -0.9765387 -0.1895538 -0.1021849 -0.9537183 -0.2504959 -0.1663532 -0.9408854 -0.2572513 -0.2203556 -0.948484 -0.2147806 -0.2329113 -0.9540979 -0.252925 -0.1603938 -0.8834213 -0.4062784 0.2334626 -0.8885332 -0.3735314 0.2664263 -0.9154514 -0.3754847 0.1447765 -0.9060039 -0.3832671 0.1796202 -0.9269819 -0.3474791 0.1412898 -0.9153282 -0.3687573 0.1618406 -0.8990491 -0.3900363 0.1989532 -0.8899728 -0.3977357 0.2230582 -0.8554519 -0.4251232 0.2957575 -0.8987015 -0.3899842 0.2006192 -0.9379185 -0.334105 0.09318125 -0.9528805 -0.3030863 0.01254856 -0.973656 -0.1883857 -0.1284708 -0.9475443 -0.2980232 -0.1155073 -0.9361836 -0.2967067 -0.1884824 -0.9227967 -0.05496782 0.3813464 -0.03339475 -0.5683907 0.8220809 -0.929035 -0.05806893 0.3654066 -0.9031335 0.2475029 0.350845 -0.9294792 0.1923213 0.3147715 -0.9321562 0.1343274 0.3362156 -0.894285 0.3947141 0.2108439 -0.9087677 0.3651217 0.2020583 -0.9149388 0.3527721 0.1960581 -0.1923801 -0.3589921 0.9132988 -0.9017831 0.3808957 0.2042197 -0.03159409 0.03294271 0.9989578 -0.8836591 0.3775353 0.2767916 -0.8543711 0.462938 0.2360904 0.09737634 0.8727639 0.4783316 -0.8436023 0.4859378 0.2284724 0.2438325 0.2954179 0.9237283 -0.8697379 0.4290226 0.2439174 -0.1663187 -0.08088642 0.9827489 -0.8774701 0.4047912 0.2572748 -0.8651185 0.4320469 0.2547656 -0.8627575 0.4359699 0.2560856 -0.8689697 0.419477 0.2625469 -0.4781169 0.7240086 0.4972081 0.5977283 0.7014465 0.3881931 -0.8834827 0.3902172 0.2592084 0.9108769 0.4048401 0.08004826 -0.9071289 0.3231126 0.2696582 -0.9208827 0.2616622 0.2889773 -0.9099192 0.2959387 0.2906326 -0.9166042 0.2268854 0.3291805 -0.9086004 0.2567818 0.329406 -0.9094953 0.09363788 0.405031 -0.9188431 0.1700468 0.3561061 -0.9426762 0.07344841 0.3255257 -0.9300682 0.1621321 0.3296762 -0.8878993 0.2528712 0.3843058 -0.8883004 -0.009155273 0.4591718 -0.9315156 0.001550674 0.3636984 -0.6142717 -0.7695178 0.174679 -0.9114667 -0.02012783 0.4108811 -0.9470223 0.06621217 0.3142686 -0.954995 0.08760905 0.283389 -0.9608995 0.05516761 0.2713463 -0.9525905 0.0918017 0.2900758 -0.9591608 0.0681945 0.2745181 -0.9408354 0.1561946 0.3007192 -0.9558454 0.1428054 0.2568389 -0.952561 0.1838932 0.2425098 0.6467699 -0.161374 -0.7454175 -0.9447241 0.2194758 0.2435708 0.8334416 -0.2886192 -0.4712475 -0.9326769 0.2724106 0.2364454 -0.9466238 0.222859 0.2328892 -0.9445996 0.2373907 0.226666 -0.9290692 0.2986452 0.2182694 -0.9410488 0.2530347 0.2245012 -0.9213291 0.3172129 0.2247861 -0.9224292 0.3170794 0.2204205 -0.9286236 0.2774794 0.2462995 -0.9135245 0.3287592 0.2395634 -0.91796 0.3445623 0.1965354 -0.9229713 0.321453 0.2116413 -0.9035023 0.3720517 0.2127465 -0.9083971 0.3583182 0.2154594 0.7026516 -0.4332588 -0.564418 -0.904027 0.3715049 0.2114695 -0.9668304 0.1821248 0.1790796 -0.8962746 0.3897767 0.2115801 -0.7772344 -0.3493291 0.5233314 -0.9442158 0.1124874 0.3095209 -0.9270861 0.2021282 0.3156828 -0.934888 0.2542473 0.2476749 -0.915162 0.2836888 0.2863551 -0.8822049 0.3747426 0.2851012 -0.8872205 0.3709399 0.2743052 -0.8860757 0.3803725 0.2649278 -0.8960347 0.3588271 0.2614672 -0.9586007 0.08979797 0.2702243 -0.9032762 -0.01453799 0.4288132 -0.9078552 -0.03558599 0.4177709 -0.931284 -0.03063905 0.3630034 -0.9245589 -0.03374773 0.3795418 -0.9364947 -0.0629878 0.3449788 -0.8630833 -0.333956 0.3788943 -0.9644405 0.0872308 0.2494902 -0.9659136 0.009348511 0.2586959 -0.9599461 0.01987308 0.2794795 -0.9585421 -1.46721e-5 0.2849511 -0.9518361 -0.03623569 0.3044587 -0.9490216 -0.01248437 0.3149638 -0.9445652 -0.01930296 0.3277562 -0.9395018 -0.02218723 0.3418245 -0.9329386 -0.009266316 0.3599163 -0.9464252 -0.06031721 0.3172399 -0.9330812 0.2458926 0.2624813 -0.9401734 0.2377257 0.2440505 -0.9490724 0.1944837 0.2478663 -0.9656796 0.08478617 0.2455082 -0.9585322 0.005163133 0.2849376 -0.9539393 -0.01854664 0.2994263 -0.9432086 -0.05753552 0.3271808 -0.9293915 -0.003644108 0.3690776 -0.9293944 -0.003648459 0.3690702 -0.9273415 -0.001679182 0.3742126 -0.9220718 -0.01243436 0.3868193 -0.9485846 -0.09406328 0.302224 -0.9541384 -0.01248055 0.2991059 -0.9485935 -0.09405499 0.3021987 -0.941039 -0.07422 0.3300563 -0.9340045 -0.02683669 0.3562521 -0.8839697 0.4058917 0.2320549 -0.9205752 0.2921215 0.259242 -0.9060171 0.3472005 0.2420434 -0.9269812 0.2961398 0.2302328 -0.9133562 0.3249492 0.2453335 -0.8990386 0.3673059 0.2383612 -0.8963477 0.3819329 0.2251404 -0.871788 0.4236217 0.2460293 -0.8552137 0.4692304 0.2200742 -0.9021326 0.3602871 0.2373819 -0.9379292 0.2477232 0.2427385 -0.9529195 0.1622916 0.2561364 -0.9736611 -0.01717668 0.227352 -0.9474061 0.04950439 0.3161823 -0.9029276 0.1321138 0.4089835 0.3848071 -0.8425731 -0.3768212 -0.5474319 -0.2608758 -0.7951492 -0.2947548 0.8473704 0.4416821 -0.1395257 -0.6780533 -0.7216485 -0.73861 0.5855084 0.3341187 0.8431182 0.5185448 -0.1423482 0.4763331 0.7377744 -0.4783259 -0.5709146 0.5411277 0.6174442 0.783445 -0.1807129 0.5946065 -0.7405271 -0.1244175 0.6604089 -0.6816018 -0.01098972 0.7316408 0.4659165 -0.01861435 0.884633 0.9017089 -0.04764968 0.4297101 0.8923506 -0.04495954 0.4490981 0.9013941 -0.04594612 0.4305549 0.7672015 -0.02633947 0.6408651 0.7857508 -0.02387708 0.6180822 0.8166489 -0.03454071 0.5761004 0.787531 -0.05393451 0.6139105 0.8037954 -0.02606576 0.5943345 0.7917231 -0.06027507 0.6078994 0.8268647 -0.04252517 0.5607909 0.8102838 -0.06864613 0.5820034 0.8143602 -0.05681121 0.5775726 0.8341059 -0.04550176 0.5497245 0.8576821 -0.1159498 0.5009365 0.8206892 -0.08367222 0.5652153 0.8404453 -0.05492436 0.5391058 0.8165903 -0.08129173 0.5714648 0.8358266 -0.08630716 0.542167 0.8519485 -0.1194669 0.5098151 0.8526808 -0.1006932 0.5126368 0.8627106 -0.1176029 0.4918333 0.873215 -0.1431075 0.4658498 0.8504115 -0.1344717 0.508643 0.8858881 -0.1367766 0.4432768 0.8745099 -0.1845197 0.4485363 0.8615649 -0.1639245 0.4804526 0.8806288 -0.185769 0.4358704 0.9015195 -0.1960446 0.3857837 0.8851834 -0.2122111 0.4140251 0.9102125 -0.2154293 0.3536997 0.8926824 -0.1758202 0.4149764 0.8812649 -0.1729342 0.4398478 0.8097742 0.4923636 0.3191301 0.9074688 0.03476536 0.4186788 0.9479578 0.02627706 0.3173102 0.8986738 0.2299471 0.3735099 0.8502072 0.3123477 0.4237769 0.8841255 0.0223236 0.4667161 0.7771569 -0.01492357 0.62913 0.9456 -0.1832831 0.2687895 0.7832705 -0.1347165 0.6069092 0.9441104 -0.1955555 0.265356 0.9831549 -0.01814675 0.1818715 0.9805783 -0.02382338 0.1946762 0.9579861 -0.02115225 0.2860339 0.9994493 -0.03311723 -0.002084136 0.9999531 -0.006844282 0.006854653 0.9996479 -0.01670771 0.02061778 0.9986522 -0.02106153 0.04743677 0.7286124 0.1087582 -0.6762363 0.9312136 0.01028889 -0.364329 0.6839056 0.07267379 -0.7259419 -0.2969651 0.07471317 -0.9519611 -0.2961888 0.1816259 -0.9377017 -0.2404387 0.1343325 -0.9613242 0.3454725 0.01923674 -0.9382318 0.212225 0.142372 -0.9667941 0.2423135 0.1020808 -0.9648128 0.7689366 0.07265287 -0.6351835 0.6136963 0.0728541 -0.7861738 0.8214709 0.1316409 -0.5548482 0.9872829 -0.02787041 0.1565114 0.9995712 -0.002711117 -0.0291562 0.9804607 -0.0491417 0.1904783 0.9987145 -0.02164793 -0.04583323 0.9830446 -0.09734714 0.1553932 0.9950443 -0.0230295 0.09672921 0.9561176 -0.1098272 0.2716194 0.9743704 -0.04478442 0.2204468 0.9563429 -0.05165284 0.2876459 0.9236375 -0.04722565 0.3803467 0.9854893 -0.07898217 -0.1502427 0.9978681 -0.04794692 0.0442776 0.9914513 -0.04639154 -0.1219509 0.9980388 -0.05692088 0.02605384 0.9743699 -0.1950517 0.1120627 0.9946146 -0.07417356 -0.07238912 0.9745378 -0.139173 0.1758039 0.8462097 -0.2001378 0.4938362 0.9430133 -0.1408955 0.3014538 0.9893752 -0.06930029 -0.1278051 0.9982727 -0.05762982 0.01142555 0.9513522 -0.1625209 0.2617557 0.9700221 -0.148528 0.1923453 0.9821451 -0.1866675 0.02337211 0.9768962 -0.1626821 0.1385945 0.9586238 -0.2527294 0.1310282 0.9821439 -0.1866784 0.02333599 0.9675333 -0.2525299 -0.01039427 0.9586201 -0.2527516 0.1310123 0.9384016 -0.2043675 0.278633 0.9333023 -0.2172839 0.2858927 0.9563502 -0.1953108 0.217366 0.9684998 -0.1941035 0.155987 0.9801794 -0.186809 0.06596028 0.9563478 -0.1953356 0.2173546 0.9722752 -0.1946822 0.1295371 0.8947101 0.02774721 0.4457848 0.8777312 -0.02445656 0.478529 0.9122908 -0.06202095 0.4048198 0.87979 -0.03972119 0.4737001 0.8549825 -0.0207225 0.5182428 0.9391663 0.0383386 0.3413167 0.8538935 -0.02286332 0.5199455 0.9053187 -0.1374456 0.4018791 0.9415816 -0.08224606 -0.326588 0.9313924 -0.08498477 -0.3539574 0.9611772 -0.01497441 -0.2755252 0.9933422 -0.06784099 -0.09310716 0.9993208 -0.02415597 0.02782934 0.9470764 -0.009073793 -0.3208801 0.8813231 -0.03648602 -0.4711034 0.9682574 -0.04611188 0.2456653 0.9898021 0.005036771 0.1423603 0.996572 -0.03255891 -0.07605355 0.9934685 -0.04470556 -0.1049845 0.9891782 -0.06249874 0.132742 0.9528865 -0.04040098 0.3006246 0.9101677 -0.04969179 0.4112488 0.8670839 -0.01921898 -0.4977913 0.7294616 0.01849657 -0.6837717 0.901925 -0.01391792 -0.4316686 0.902477 -0.0512129 -0.4276828 0.3125841 -0.05228102 -0.9484503 0.9555822 -0.03596776 -0.2925219 0.862628 0.008430838 -0.5057687 0.9841583 -0.1167984 0.1333817 0.7117881 0.006255686 -0.7023664 0.8543694 -0.04300928 0.5178835 0.8270791 -0.02425712 0.5615621 0.8145024 -0.03518903 0.5790922 0.8144897 -0.03519386 0.5791099 0.7887764 -0.0286768 0.6140109 0.9297755 -0.1795086 0.3213943 0.8063776 -0.1458224 0.5731415 0.9979398 -0.04517632 0.04555588 0.8985275 -0.08699405 0.4302097 0.8101052 0.01104319 0.5861806 0.8305547 -3.69711e-4 0.556937 0.8923901 -0.03803485 0.4496591 0.8621675 -0.05271738 0.5038731 0.8808119 -0.07043677 0.4681976 0.9120851 -0.04088115 0.4079578 0.971252 -0.07589519 -0.2256312 0.8126968 -0.2923822 0.5040204 0.8485018 -0.2649067 0.458115 0.7708532 -0.2441834 0.5883535 -0.5119419 0.8589606 0.01010668 0.08691483 0.6824119 0.7257822 -0.25964 0.8598272 0.4396411 0.6580601 0.4353207 0.6143718 0.5838329 0.5167709 0.6261685 0.5379633 0.4518169 0.7116579 0.7490738 0.1863128 0.6357485 0.8375909 -0.2871133 0.4647659 0.8530894 -0.4843081 0.1941239 -0.8652181 -0.1141716 -0.488224 -0.9539453 0.0762605 -0.2901252 -0.8664492 0.3062122 -0.394335 -0.8975182 0.2574574 -0.3580178 -0.7566816 0.6205085 -0.2059177 0.9016977 -0.3483067 -0.2561715 0.8923477 -0.3663976 -0.2635689 0.900089 -0.3718979 -0.2270061 0.978124 -0.1490749 -0.1450867 0.9954831 -0.07380682 -0.05971604 0.9998555 0.01678198 0.002734422 0.7641859 -0.5383307 -0.3552747 0.7672395 -0.5417796 -0.3432471 0.7672321 -0.5249763 -0.3684495 0.7856488 -0.5233608 -0.3299233 0.8197183 -0.4735058 -0.3222643 0.7880128 -0.5043111 -0.3531376 0.8037174 -0.5017345 -0.3198451 0.7917069 -0.496401 -0.3560708 0.8131996 -0.4699628 -0.34328 0.804214 -0.4824231 -0.3471424 0.8332958 -0.4542678 -0.3150538 0.85847 -0.3794051 -0.3450813 0.8206949 -0.4476134 -0.3551086 0.8410791 -0.4406923 -0.3136499 0.8167247 -0.4542735 -0.3558039 0.8436509 -0.4228761 -0.3308003 0.847114 -0.3810624 -0.370391 0.8526744 -0.3936185 -0.3435272 0.8626946 -0.3671367 -0.3478056 0.8731043 -0.3322917 -0.3567507 0.8503917 -0.3732955 -0.3707891 0.8858934 -0.3155131 -0.3400654 0.8935725 -0.269499 -0.3590245 0.8768662 -0.302357 -0.3737459 0.8870899 -0.2961513 -0.3540709 0.861561 -0.3341086 -0.3822099 0.8856307 -0.253008 -0.3894165 0.8810241 -0.287778 -0.3754736 0.8967977 -0.247285 -0.3668842 0.9489526 -0.09928053 -0.2993867 0.9285439 -0.1492397 -0.3399028 0.8285742 -0.4769657 -0.2932041 0.2675494 -0.3179179 0.9095854 0.8444414 -0.4606696 -0.2733174 0.7772576 -0.5372272 -0.3275021 0.7666283 -0.4762779 -0.430628 0.9921845 -0.1069195 -0.0643292 0.9617739 -0.2304111 -0.1479921 0.9973167 0.0719583 0.01347267 0.9984599 -0.04116708 -0.03719085 0.9909151 0.1189939 0.06267184 0.9963734 -0.0339936 -0.07800364 0.7284726 0.5314111 0.432354 0.6828855 0.5966466 0.4215214 0.6837607 0.5924574 0.4259878 0.6981412 0.6102848 0.3743681 -0.1404524 0.8217993 0.5521948 0.8770723 0.4037224 0.260293 0.9917789 0.1164468 0.05305606 0.9883643 0.09839665 -0.1159925 0.9948114 -0.001012027 -0.1017311 0.9419364 -0.2494398 -0.2248014 0.9877197 0.144526 0.05934888 0.980475 -0.1403317 -0.1377529 0.9995411 0.01439744 -0.02665305 0.9827116 -0.0869773 -0.163441 0.9740515 -0.181387 -0.1353606 0.9586915 -0.1769714 -0.2226925 0.9743974 -0.1684474 -0.1489137 0.9604918 -0.2083917 -0.184468 0.9236333 -0.3057883 -0.2310739 0.9855082 0.1694933 0.006756782 0.9978751 -0.01436442 -0.06355249 0.9981366 0.007935523 -0.06050157 0.9664153 0.19036 -0.17264 0.9766154 -0.01187396 -0.2146658 0.983461 0.1346499 -0.1211363 0.9711048 6.79847e-5 -0.2386536 0.8807264 -0.2376419 -0.4096921 0.9474868 -0.1734665 -0.2686599 0.9612013 0.264593 0.07799166 0.9819124 0.1887924 0.01433813 0.9670487 0.2307573 0.1075545 0.9856088 0.1675032 0.02275788 0.9982615 0.01852571 -0.05595475 0.9783462 -0.1630998 -0.1274253 0.9513381 -0.1455085 -0.2716308 0.9700605 -0.09224849 -0.2246616 0.9817606 0.06291693 -0.1794092 0.9767559 -0.03873789 -0.2108256 0.9576145 0.00644648 -0.2879811 0.9817631 0.06289935 -0.1794014 0.9671373 0.1151676 -0.2266753 0.9576234 0.006422698 -0.2879519 0.9182593 -0.1933854 -0.345546 0.9384063 -0.139138 -0.3162819 0.9154111 -0.187061 -0.3564139 0.9333003 -0.1389292 -0.3311336 0.9561316 -0.08945649 -0.2789442 0.9684961 -0.03807723 -0.2461009 0.9802532 0.0416392 -0.1933131 0.9561339 -0.08945828 -0.278936 0.9734214 0.006256461 -0.228936 0.8010686 -0.009082794 0.5985037 0.9549072 -0.2683911 -0.1269594 0.9139261 -0.3557302 -0.1954358 0.8968215 -0.3833777 -0.2207552 0.8763044 -0.4040299 -0.2623936 0.912989 -0.3189775 -0.2543706 0.8798698 -0.3902612 -0.2711561 0.8541145 -0.4398384 -0.2775439 0.9636428 -0.2493489 -0.09600907 0.8535041 -0.4394653 -0.2800017 0.9991729 0.03463125 0.02131807 0.9693568 -0.2258042 -0.09674632 0.9427445 0.3208195 0.09114748 0.9326267 0.3459572 0.1025729 0.9620556 0.2430033 0.1240906 0.9445502 0.3068768 0.1168401 0.857946 0.462085 0.2245132 0.9921127 0.1215975 -0.0304405 0.9459485 0.2854286 0.1539875 0.8795393 0.4291628 0.2054992 0.9609329 -0.2142136 -0.1752734 0.8795487 0.4291437 0.2054992 0.9853218 -0.1510084 -0.0796085 0.9609353 -0.2142055 -0.1752697 0.7766575 0.5696316 0.2689293 0.9892942 -0.1128204 -0.09256708 0.9555101 -0.2330259 -0.1808301 0.9101647 -0.3313466 -0.2486158 0.9014267 0.3947612 0.1777458 -0.4055742 0.7753324 0.4841171 0.9967496 0.07705163 -0.02352291 0.7751986 0.533518 0.3382689 0.9812175 0.1674179 0.09583091 0.9841666 -0.05709993 -0.1677963 0.8543478 -0.4270036 -0.2962393 0.827017 -0.4742779 -0.3018333 0.8144148 -0.484 -0.3201132 0.8143941 -0.4840212 -0.3201338 0.7886993 -0.5174102 -0.3320245 0.982993 0.09841966 -0.1550434 0.9761763 0.04229933 -0.2128162 0.9297778 -0.1886887 -0.3160852 0.8062298 -0.4236223 -0.4129622 0.9979353 -0.01693934 -0.06195366 0.8984663 -0.3292048 -0.2904871 0.8924973 -0.3702569 -0.2576018 0.862223 -0.4098972 -0.2975834 0.8808125 -0.3702694 -0.2950763 0.9120375 -0.3329257 -0.2394747 0.9889736 0.1437978 -0.03540712 0.9874145 0.1576654 -0.0124244 0.004238069 -0.2019923 -0.979378 -0.05500417 -0.001016139 -0.9984856 -0.03805232 -0.06162744 -0.9973737 0.99683 0.001448392 -0.07954907 -0.1085906 0.2752407 -0.9552229 0.02350902 0.2462325 -0.9689257 0.07582396 0.4838506 -0.8718597 0.03657895 0.2864571 -0.9573947 -0.002674221 0.1606389 -0.9870096 0.003878653 0.05936229 -0.998229 0.03176975 -0.2673557 -0.963074 -0.01489478 -0.2267947 -0.9738287 0.1943342 -0.6196126 -0.7604699 0.1482745 -0.4959828 -0.8555791 0.2400903 -0.8606768 -0.4489904 0.2701445 -0.4917542 -0.827768 0.319902 -0.8091593 -0.4928732 0.05297017 0.6185896 -0.7839267 0.05625009 0.7561479 -0.6519788 -0.1045057 0.5432189 -0.8330616 -0.1168974 0.6014991 -0.7902746 0.0569173 0.8827125 -0.4664539 0.0936675 0.9708482 -0.2206363 0.04426801 0.9989805 -0.008856415 -0.007035672 0.9785895 0.2057018 0.1180906 0.3490332 0.9296399 -0.6837184 0.6149163 0.3929468 -0.1287149 0.3240277 0.9372506 -0.1550847 0.2439882 0.9572976 -0.1176268 0.3839521 0.9158301 0.04672706 -0.05999952 0.9971041 -0.1513684 -0.7032174 0.6946747 -0.06848406 -0.6015127 0.7959223 -0.01319819 0.6904668 0.7232437 -1.42952e-4 0.5829823 0.8124849 0.03308349 0.8473548 0.5299957 -0.08013451 0.7340432 0.6743583 0.07529938 0.9721635 0.2218744 -0.04744327 0.9865191 0.1566181 0.0557183 0.9961535 -0.06763082 0.07717734 0.9920291 0.09960877 0.1040276 0.9943481 -0.02122139 0.4184396 0.6259665 -0.6580838 0.003328204 0.9743388 -0.2250618 -0.02809762 0.8884896 -0.4580361 -0.07957303 0.4696502 0.8792593 0.080935 0.4964591 0.8642789 0.8126979 -0.2902934 -0.5052245 0.8486786 -0.2641814 -0.4582062 0.770942 -0.387446 -0.5055038 -0.4036748 -0.6292864 0.6641125 0.1488032 -0.9770702 0.1522877 -0.1221989 -0.9063116 0.4045574 0.6575914 -0.750112 0.07003951 0.5834292 -0.8008467 0.1351108 0.5376281 -0.8424187 0.03587555 0.7493417 -0.6434509 -0.1563909 0.8377847 -0.2591192 -0.4805979 0.853662 0.07387596 -0.5155614 0.2548741 -0.8602269 0.4416434 0.1695914 -0.7493374 0.6401034 0.3262034 -0.7746186 0.5418095 -0.8566946 0.3149237 0.4085308 -0.8660692 0.1884241 0.4630557 -0.3952989 -0.2669191 0.8789159 -0.5437242 -0.4132527 0.7304699 0.4204638 -0.08309376 0.9034963 -0.7415488 -0.6639469 0.09633296 0.7107366 -0.5807528 -0.3969632 0.732845 0.4904995 -0.4715385 0.2866929 0.8840674 0.3690963 -0.8919231 0.1753445 -0.4168063 0.9016987 0.395946 -0.173685 0.8923016 0.411523 -0.1855987 0.947754 0.2930943 -0.1259295 0.9793861 0.1871262 -0.07607007 0.996652 0.07338953 -0.03604084 0.9998526 -0.01090961 0.01325857 0.7672515 0.568268 -0.2973157 0.7856646 0.5473786 -0.2882845 0.8165938 0.516209 -0.2582689 0.787515 0.5586551 -0.26024 0.8037204 0.52786 -0.2745862 0.7917166 0.5565602 -0.2518447 0.8268768 0.5068228 -0.2437326 0.8038156 0.5470268 -0.2337567 0.8121412 0.5313909 -0.2409365 0.8342111 0.4986707 -0.2354137 0.8584828 0.4884793 -0.15619 0.8206815 0.5313654 -0.2100778 0.8417643 0.4912838 -0.22377 0.8169456 0.5348877 -0.2156277 0.8386869 0.5139769 -0.1800888 0.8475052 0.5096045 -0.1484527 0.8526841 0.4942936 -0.1691257 0.8370657 0.5238885 -0.1576768 0.8408174 0.5158838 -0.1639822 0.8627058 0.4847573 -0.1440449 0.8407196 0.5162687 -0.1632706 0.866663 0.4875272 -0.1058896 0.8503972 0.5077606 -0.1378544 0.8865069 0.4546476 -0.08603042 0.8954297 0.4423122 -0.05065274 0.8810418 0.4651636 -0.08595556 0.8857829 0.4634494 -0.02456498 0.8813931 0.4689897 -0.05652344 0.8968858 0.4412 -0.0306378 0.8926587 0.4473402 -0.05520194 0.9261588 0.3471717 0.1473156 0.9365766 0.3423111 0.07515054 0.9469702 0.3084933 0.08988577 0.829819 0.4911285 -0.26494 0.8451021 0.4654044 -0.2630611 0.7772109 0.5523258 -0.3014622 0.9621009 0.2625584 0.07365608 0.7736244 0.6040365 -0.1914299 0.9592931 0.2704389 0.08136045 0.9959993 -0.08654916 -0.02223855 0.9578236 0.2568149 -0.128919 0.9966667 -0.05736935 0.05800324 0.9991905 -0.03347146 0.02231818 0.9910159 -0.1130853 0.07140856 0.9963229 0.08514654 0.009536325 0.7283388 -0.6402547 0.2441239 0.8168985 -0.3447781 0.4623906 0.6836019 -0.6652608 0.3001944 0.7531334 -0.3377515 0.5645476 0.1324546 -0.872756 0.4698435 0.04995888 -0.9005879 0.4317936 -0.1032661 -0.9171131 0.3850192 0.04994457 -0.9005958 0.4317788 0.4134928 -0.8474453 0.3329569 -0.1032389 -0.9171136 0.3850253 -0.1032293 -0.9171154 0.3850236 0.4134657 -0.8474602 0.3329525 0.8179621 -0.5021054 0.2807635 0.9826129 -0.05639451 0.1768948 0.9268748 -0.2965777 0.2300974 0.9959892 0.02336156 0.08637076 0.938353 0.328918 -0.1063333 0.9959878 0.02335041 0.08638948 0.9383489 0.3289495 -0.1062712 0.8999869 0.4346014 -0.03384381 0.9390674 -0.2939692 0.1781427 0.9874781 -0.125087 0.09612625 0.9804892 0.1894093 -0.05258417 0.9995469 0.01593744 0.02553772 0.9830487 0.1832243 0.006641507 0.9740458 0.2079623 -0.08936762 0.9582835 0.2824536 -0.04373598 0.9744014 0.2131713 -0.07141309 0.9609893 0.2638041 -0.0831092 0.9236819 0.3529027 -0.1492363 0.985497 -0.09060734 0.1434782 0.9978694 0.06229996 0.01937574 0.9981511 0.04817706 0.0370593 0.9683113 -0.1601753 0.1916171 0.9756796 0.02023899 0.2182653 0.9839532 -0.01851743 0.1774635 0.9765898 0.1926653 0.09566879 0.9708857 0.2049217 0.1240488 0.8885658 0.4586282 0.0105437 0.9473277 0.3198719 -0.0158804 0.960552 -0.1989755 0.19429 0.9808714 -0.1100779 0.1605433 0.9646769 -0.215155 0.1520091 0.9850894 -0.1069323 0.1347755 0.9982625 0.03921288 0.0439803 0.9782803 0.1922041 -0.07762408 0.9922218 -0.01100158 0.1239958 0.9808868 0.1507692 0.1230031 0.9833287 0.1181272 0.138242 0.9808853 0.1507533 0.1230341 0.9452505 0.3260684 0.01345443 0.9833219 0.1181446 0.1382753 0.9718527 0.22176 -0.07952886 0.9392138 0.34206 0.02954 0.9816081 0.1270628 0.1424808 0.9402359 0.3377612 0.04328989 0.9669182 0.144764 0.2100297 0.9180847 0.3963834 8.90434e-4 0.9588349 0.2810267 0.04073989 0.9562287 0.2386413 -0.1693429 0.875038 0.2374697 -0.4218016 0.8863425 0.3978235 -0.236925 0.8763044 0.4292169 -0.2187771 0.9122869 0.3816454 -0.1485918 0.8796262 0.430368 -0.2025862 0.8555331 0.4583739 -0.2407419 0.8542457 0.4610618 -0.2401795 0.8890294 0.3506752 -0.29437 0.8890494 0.3506506 -0.2943389 0.8542357 0.4610683 -0.2402029 0.8968908 0.3869878 -0.2140735 0.9428274 -0.2391992 0.2320781 0.9071788 -0.3299807 0.2610353 0.9881972 0.1531283 -0.004276514 0.8658192 -0.4138148 0.2812729 0.887437 -0.3821319 0.2577421 0.8982118 -0.369297 0.2384015 0.9933359 -0.04708093 0.1052012 0.998022 0.05875009 -0.02237415 0.9562448 0.2822321 0.07707852 0.9868696 0.1369605 -0.0856176 0.9842857 0.1303521 -0.1191223 0.9965742 -0.04925769 0.06643527 0.91519 -0.3387586 0.2183349 0.9993814 -0.002863705 0.03505247 0.9836807 0.1703317 -0.0579617 0.9551074 0.2741613 -0.1122734 0.9102077 0.3809192 -0.1625506 0.8562395 -0.4335847 0.2808171 0.7484265 -0.5745404 0.3313022 0.9711092 -0.192385 0.1411916 0.8068413 0.5279055 -0.2651849 0.9981595 0.008664071 0.06002205 0.8894533 -0.3889203 0.2400292 0.905046 -0.3618891 0.223446 0.9795853 0.1860249 -0.0762062 0.9993979 0.03428506 -0.005334317 0.9841613 0.1738957 0.03445154 0.7263147 -0.5968421 0.3409494 0.8543246 0.4700918 -0.221683 0.8270372 0.4984962 -0.2598292 0.8143864 0.5192648 -0.259112 0.8143826 0.5192662 -0.259121 0.7887051 0.5462274 -0.2820996 0.8062941 0.5693506 -0.1604055 0.9979328 0.06216686 0.01629346 0.8984212 0.4162487 -0.1399161 0.8925127 0.408196 -0.1918259 0.8623678 0.4624379 -0.2060899 0.8808968 0.4405604 -0.1729952 0.9121122 0.3737362 -0.1684421 0.9877278 -0.05506765 0.1461555 0.9847952 -0.08913385 0.1491096 -0.03502362 -0.9459833 0.3223183 0.03321939 -0.8822465 0.4696144 -0.07049846 -0.9558129 0.2853976 -0.06153315 -0.6183695 0.7834748 0.008366167 -0.6854964 0.728028 0.005009829 -0.7842976 0.6203647 0.9976223 0.06289094 0.02818489 0.04884463 -0.9900073 -0.1322872 0.05014872 -0.9389545 -0.3403667 0.06623041 -0.8366598 -0.543704 -0.05109405 -0.7013879 -0.7109462 0.05583113 -0.4732627 -0.8791503 5.23493e-4 -0.6490428 -0.7607519 3.81321e-5 -0.6408738 -0.7676463 0.00364089 -0.2567468 -0.9664719 -0.4673969 -0.5694726 -0.6761962 0.02278161 -0.2688206 -0.9629209 -0.3522592 -0.3455633 -0.8697699 0.06488788 -0.9417247 0.330067 0.6139988 0.6259391 -0.4808385 0.585817 0.4711702 -0.6594066 0.7705341 0.6319902 -0.08285945 0.3734007 0.527059 -0.7634008 0.6591926 0.3152794 -0.6826888 0.5850235 0.2845836 -0.7594469 0.5390725 0.3913391 -0.7458249 -0.5403718 -0.1897587 -0.81975 -0.1366648 -0.09954506 -0.9856032 -0.09623473 -0.1278851 -0.9871091 0.7490384 0.4572695 -0.4794228 0.8375344 0.5461387 0.01639205 0.853102 0.4096063 0.3231713 0.3227713 -0.3726735 -0.8700191 0.3838114 -0.3668917 -0.8473957 0.3660501 -0.4394987 -0.8202733 -1 5.69999e-7 0 -1 1.15328e-6 0 -1 0 0 -1 0 0 -1 7.47325e-7 0 -1 -2.6196e-7 0 -1 2.29719e-7 0 -1 1.18567e-6 0 0.1162187 0.3119493 0.9429638 -1 -2.50805e-6 3.12179e-6 -0.9043194 0.4264664 0.01824951 -1 1.09675e-5 1.80816e-5 -1 1.83731e-5 -7.70018e-6 -1 -3.56697e-6 1.88965e-6 -1 1.8442e-5 -3.76441e-6 -1 5.87354e-7 0 -1 9.59635e-6 -1.78013e-5 -1 -1.40836e-7 0 -1 -5.84684e-6 1.03405e-5 -1 3.08547e-6 -7.62939e-6 -1 1.20113e-5 6.50389e-6 -1 2.88337e-6 4.52064e-6 1 -4.54672e-6 -3.30806e-6 1 -9.69991e-5 2.29418e-4 1 1.50735e-6 -4.35859e-6 1 3.75975e-6 -1.4443e-5 1 4.47221e-6 2.01957e-6 0.02882617 -0.2060425 -0.9781184 1 1.30609e-5 -1.69054e-5 1 -1.53482e-6 1.38134e-5 1 -5.56931e-7 1.09673e-5 1 -9.34582e-7 2.00421e-6 1 1.06934e-5 -1.29193e-5 1 6.05982e-6 7.73568e-6 0.4763755 -0.5448576 -0.69007 0.0914998 0.9941321 0.05769872 0.2097443 0.1414209 0.9674748 1 -1.35414e-6 -1.41794e-5 1 1.71829e-6 2.04686e-5 1 -7.52509e-7 5.30481e-6 -0.06339961 -0.4205333 0.9050592 0.01527035 -0.5827025 0.8125421 -5.98215e-4 -0.9841479 0.1773493 0.02829509 -0.7787964 -0.6266383 -0.04952263 -0.3252047 -0.944346 -0.007160782 0.5819144 -0.8132186 -0.02296024 0.6372687 -0.7702996 0.016586 0.9994536 -0.02859109</float_array>
          <technique_common>
            <accessor source="#rotor-mesh-normals-array" count="4694" stride="3">
              <param name="X" type="float"/>
              <param name="Y" type="float"/>
              <param name="Z" type="float"/>
            </accessor>
          </technique_common>
        </source>
        <source id="rotor-mesh-map-0">
          <float_array id="rotor-mesh-map-0-array" count="29448">0.7263101 0.4763508 0.7953326 0.4586457 0.7176749 0.5 0.8257669 1.307087 0.8252369 0.4485388 0.8567057 0.4379033 0.06335341 0.3942133 0.4679943 0.5 0.8567057 0.4379033 0.4679943 0.5 0.9454216 1.307087 0.8567057 0.4379033 0.8567057 0.4379033 0.9454216 1.307087 0.8257669 1.307087 0.8257669 1.307087 0.7176749 1.307087 0.8250721 0.4485945 0.8250721 0.4485945 0.7176749 1.307087 0.7176749 0.5 0.7263101 0.4763508 0.7176792 0.5 0.596359 0.4982447 0.3753425 1.090551 0.4306814 1.090551 0.5304566 1.307087 0.6070462 1.307087 0.5304566 1.307087 0.6068856 0.5000003 0.6068856 0.5000003 0.5304566 1.307087 0.5304366 0.5055546 0.5304566 1.307087 0.4306814 1.090551 0.5304366 0.5055546 0.5304366 0.5055546 0.4306814 1.090551 0.4306814 0.7362205 0.3753425 0.7362205 0.3753368 0.5154015 0.4306814 0.7362205 0.4306814 0.7362205 0.3753368 0.5154015 0.5249325 0.506128 0.2278304 0.7362205 0.1832801 0.5192238 0.3753425 0.7362205 0.1832801 0.5192238 0.3745256 0.515441 0.3753425 0.7362205 0.2278304 0.7362205 0.09691566 0.7362205 0.183239 0.5192242 0.183239 0.5192242 0.09691566 0.7362205 0.09691566 0.5195427 0.5304566 1.307087 0.3015862 1.307087 0.3753425 1.090551 0.3753425 1.090551 0.3015862 1.307087 0.0969755 1.090551 0.3015862 1.307087 0.09691566 1.307087 0.0969755 1.090551 0.6320026 0.5 0.6320026 1.307087 0.6067148 0.6853992 0.6067148 0.6853992 0.6320026 1.307087 0.5000559 0.6854072 0.6320026 1.307087 0.5 1.307087 0.5000559 0.6854072 0.203495 0.4471269 0.3393023 0.4841736 0.1906871 0.5 0.1906871 0.5 0.3393023 0.4841736 0.3126385 0.5 0.8838136 0.3886636 0.2033872 0.4470826 0.8932703 0.5 0.8932703 0.5 0.2033872 0.4470826 0.1906871 0.5 0.8932703 0.5 0.7845241 0.5 0.8929293 0.3886756 0.8929293 0.3886756 0.7845241 0.5 0.806114 0.3316418 0.6650543 0.2284418 0.8062013 0.3317031 0.6597092 0.5 0.6597092 0.5 0.8062013 0.3317031 0.7845241 0.5 0.5260571 0.1100746 0.6650551 0.2284512 0.5258743 0.5 0.5258743 0.5 0.6650551 0.2284512 0.6597092 0.5 0.3913331 -0.02987533 0.4749436 0.06141102 0.3905782 0.5 0.5258657 0.1098924 0.5258743 0.5 0.4749436 0.06141102 0.5258743 0.5 0.3905782 0.5 0.4749436 0.06141102 0.2614619 0.5 0.2614616 0.1740277 0.3905782 0.5 0.2614616 0.1740277 0.2995158 0.1375077 0.3905782 0.5 0.3905782 0.5 0.2995158 0.1375077 0.3483328 0.06960356 0.3865071 -0.03544539 0.3905782 0.5 0.3719111 0.01346051 0.3905782 0.5 0.3483328 0.06960356 0.3719111 0.01346051 0.1855941 0.337291 0.2159258 0.3161532 0.215445 0.5 0.2776398 0.2720783 0.3402727 0.2242271 0.340248 0.5 0.6151014 -0.0372945 0.6379156 0.0415036 0.6093603 0.5 0.7384731 0.5 0.6093603 0.5 0.7385931 0.1740743 0.7385931 0.1740743 0.6093603 0.5 0.6777641 0.1099252 0.6093603 0.5 0.6381311 0.04209959 0.6777641 0.1099252 0.4064428 0.170182 0.4883781 0.09625536 0.4740721 0.5 0.4740721 0.5 0.4883781 0.09625536 0.6093976 0.5 0.4883781 0.09625536 0.6087109 -0.02984869 0.6093976 0.5 0.340248 0.5 0.3402652 0.2242328 0.4740721 0.5 0.4740721 0.5 0.3402652 0.2242328 0.4064428 0.170182 0.215445 0.5 0.2158069 0.316236 0.340248 0.5 0.340248 0.5 0.2158069 0.316236 0.2776398 0.2720783 0.8607093 0.4196551 0.1067105 0.5 0.8061479 0.4435206 0.1067105 0.5 0.8092982 0.5 0.8061479 0.4435206 0.1067105 0.5 0.8490245 0.4190807 0.215445 0.5 0.215445 0.5 0.8490245 0.4190807 0.1855941 0.337291 0.6873534 0.5 0.6414784 0.4878044 0.8092982 0.5 0.6414784 0.4878044 0.8059951 0.4435739 0.8092982 0.5 0.6873534 0.5 0.5612834 0.5 0.6400377 0.4881075 0.9428944 0.5 0.6085907 0.5 0.9428955 0.3940724 0.6089175 -0.003330349 0.6820952 0.1401562 0.6085907 0.5 0.6816666 0.1394197 0.7374721 0.215306 0.6085907 0.5 0.6085907 0.5 0.7374721 0.215306 0.805784 0.28899 0.9428642 0.3940364 0.6085907 0.5 0.8054769 0.288725 0.6093603 -0.06029319 0.7384731 -0.0186702 0.8097698 0.4192751 0.7384731 -0.0186702 1.01864 0.2614619 0.8151604 0.4187442 0.8151604 0.4187442 1.01864 0.2614619 1.060281 0.3905782 0.5800427 -0.06245684 0.5380363 0.1535305 0.5278693 0.1402805 0.5800427 0.4199573 0.5389448 0.1557043 0.5800427 -0.06245684 0.4826312 0.249495 0.5068976 0.2441222 0.5800427 0.4199573 0.5800427 0.4199573 0.5068976 0.2441222 0.5278693 0.2307568 0.5800427 -0.06245684 0.4991895 0.1237222 0.4740721 -0.07027697 0.4991895 0.1237222 0.4743558 0.1226317 0.4740721 -0.07027697 0.4740721 -0.07027697 0.4743558 0.1226317 0.340248 -0.04805791 0.4743558 0.1226317 0.450643 0.1301135 0.340248 -0.04805791 0.340248 -0.04805791 0.450643 0.1301135 0.215445 0.005109548 0.5800427 0.4199573 -0.06335306 0.4199573 0.4376561 0.2309585 0.4494917 0.1309969 0.4222564 0.1692542 0.215445 0.005109548 0.215445 0.005109548 0.4222564 0.1692542 0.1067105 0.08622288 0.1067105 0.08622288 0.4222564 0.1692542 0.02018463 0.1907018 0.02018463 0.1907018 0.4222564 0.1692542 -0.03924655 0.3126466 -0.03924655 0.3126466 0.4240315 0.2097945 -0.06335306 0.4199573 -0.06335306 0.4199573 0.4240315 0.2097945 0.4373931 0.2307568 0.2020769 0.5791652 0.2241374 0.567686 0.549357 0.7590762 0.549357 0.7590762 0.2241374 0.567686 0.2409238 0.549357 0.431809 0.5393701 0.4443223 0.5556777 0.249495 0.5173688 0.4618883 1.065578 0.4160617 1.064662 0.5008105 0.8762778 0.4618883 1.065578 0.5014486 0.8763618 0.5784833 1.063703 0.5014486 0.8763618 0.5416354 0.8730849 0.5784833 1.063703 0.5784833 1.063703 0.5416354 0.8730849 0.5626069 0.8597195 0.5659196 0.5423302 0.5798242 0.802928 0.5393701 0.568191 0.2409238 0.549357 0.2493889 0.5181745 0.5618475 0.7686604 0.2493889 0.5181745 0.4443223 0.5556777 0.5618475 0.7686604 0.4701281 0.5721253 0.5101863 0.577399 0.5753307 0.7888687 0.4853806 0.8698865 0.4160617 1.064662 0.462549 0.8472324 0.4160617 1.064662 0.2916375 1.029537 0.462549 0.8472324 0.4309021 0.4628195 0.4226016 0.5101922 0.2473151 0.5008105 0.2473151 0.5008105 0.2316901 0.4733469 0.479047 0.4241804 0.1535304 0.4619637 0.1352015 0.4787496 -0.06335306 0.4199573 0.5008105 0.752685 0.4787681 0.7641502 0.1535304 0.5727739 0.1535304 0.5727739 0.4787681 0.7641502 0.4619636 0.7824932 0.2902535 1.029146 0.1997501 0.9803356 0.4619636 0.8464695 0.129745 0.5484673 -0.0622394 0.5925182 0.1215422 0.5173688 0.1215422 0.5173688 -0.0622394 0.5925182 -0.06699335 0.4673954 0.1997501 0.9803356 0.1509705 0.9517373 0.4555724 0.8310397 0.1509705 0.9517373 0.04826271 0.8490295 0.4533924 0.8144814 0.230422 0.4718738 0.1945297 0.4545788 0.4847435 0.4232684 0.04826265 0.8490294 -0.02519994 0.7237257 0.4533924 0.8144814 0.5800427 0.4199573 0.5110951 0.4227206 -0.06335306 0.4199573 0.5110951 0.4227206 0.1685604 0.4556251 -0.06335306 0.4199573 0.4555724 0.7979231 -0.02519994 0.7237256 0.1307381 0.5501324 -0.02519994 0.7237256 -0.062029 0.5932633 0.1307381 0.5501324 0.7824932 0.4272261 0.7692432 0.4373931 0.5800427 0.4199573 1.070279 0.5258743 1.04807 0.6597092 0.8698865 0.5146194 0.8698865 0.450643 0.8431193 0.4271197 1.062452 0.4199573 0.6093603 -0.06029319 0.804147 0.4200153 0.5800427 0.4199573 0.8703686 0.5134557 0.8773669 0.4743455 1.070279 0.5258743 1.070279 0.5258743 0.8773669 0.4743455 1.062452 0.4199573 0.7511723 0.4876999 0.5800427 0.8045878 0.5800427 0.4199573 0.5800427 0.4199573 0.5800427 0.8045878 0.576944 0.5136429 0.7758677 0.5329524 0.5800427 0.8045878 0.7534924 0.5011386 0.5800427 1.063353 0.5771627 0.8333849 0.6873615 1.039244 0.5771627 0.8333849 0.7979231 0.5444276 0.6873615 1.039244 0.6873615 1.039244 0.7979231 0.5444276 0.8093129 0.9798058 0.7979231 0.5444276 0.8227699 0.5455164 0.8093129 0.9798058 0.8093129 0.9798058 0.8227699 0.5455164 0.9137954 0.8932703 0.9137954 0.8932703 0.8227699 0.5455164 0.9949082 0.7845241 0.9949082 0.7845241 0.8531005 0.5329483 1.04807 0.6597092 1.04807 0.6597092 0.8531005 0.5329483 0.8698865 0.5146194 0.5139194 0.7362205 0.5005708 0.6968504 0.7042095 0.7362205 0.5005708 0.6968504 0.8553195 0.6968504 0.7042095 0.7362205 0.7042095 0.7362205 0.8553195 0.6968504 0.5114449 0.7362205 0.8553195 0.6968504 0.295765 0.6968504 0.5114449 0.7362205 0.5114449 0.7362205 0.295765 0.6968504 0.4860806 0.7362205 0.295765 0.6968504 0.5 0.6968504 0.4860806 0.7362205 0.4860806 0.7362205 0.5 0.6968504 0.4860806 1.090551 0.5 1.307087 0.5139194 1.090551 0.762417 1.307087 0.5139194 1.090551 0.7973705 1.090551 0.762417 1.307087 0.762417 1.307087 0.7973705 1.090551 0.2708632 1.307087 0.7973705 1.090551 0.2947973 1.090551 0.2708632 1.307087 0.2708632 1.307087 0.2947973 1.090551 0.5 1.307087 0.2947973 1.090551 0.4860806 1.090551 0.5 1.307087 0.5139194 0.7362205 0.5139194 1.090551 0.5 0.6968504 0.5139194 1.090551 0.5 1.307087 0.5 0.6968504 0.5 0.6968504 0.5 1.307087 0.4204495 0.6968504 0.5 1.307087 0.352249 1.307087 0.4204495 0.6968504 0.4860806 1.090551 0.5 0.6968504 0.5 1.307087 0.5 0.6968504 0.7079619 0.6968504 0.5 1.307087 0.5 1.307087 0.7079619 0.6968504 0.5301575 1.307087 0.7079619 0.6968504 0.1662232 0.6968504 0.5301575 1.307087 0.5301575 1.307087 0.1662232 0.6968504 0.270864 1.307087 0.1662232 0.6968504 0.352249 0.6968504 0.270864 1.307087 0.270864 1.307087 0.352249 0.6968504 0.5 1.307087 0.352249 0.6968504 0.5903159 0.6968504 0.5 1.307087 0.5 1.307087 0.5903159 0.6968504 0.704051 1.307087 0.5903159 0.6968504 0.8553182 0.6968504 0.704051 1.307087 0.704051 1.307087 0.8553182 0.6968504 0.6218864 1.307087 0.8553182 0.6968504 0.2145669 0.6968504 0.6218864 1.307087 0.6218864 1.307087 0.2145669 0.6968504 0.352249 1.307087 0.2147046 0.6968504 0.5873519 0.6968504 0.350802 1.307087 0.350802 1.307087 0.5873519 0.6968504 0.7040378 1.307087 0.5873519 0.6968504 0.3161262 0.6968504 0.7040378 1.307087 0.7040378 1.307087 0.3161262 0.6968504 0.1446747 1.307087 0.1446747 1.307087 0.3161262 0.6968504 0.352249 1.307087 0.3161262 0.6968504 0.4204179 0.6968504 0.352249 1.307087 0.5 1.070866 0.4204495 1.060393 0.4663276 0.8753271 0.4280784 0.8459774 0.4446172 0.8640328 0.4204495 1.060393 0.8690342 0.4858727 0.8477904 0.4642072 1.060393 0.4204494 0.647751 1.051414 0.5271733 0.8590236 0.5425792 0.832952 0.4443223 0.5556777 0.4826312 0.7514892 0.4295288 0.5338653 0.4663276 0.8753271 0.4907904 0.8763993 0.5 1.070866 0.5 1.070866 0.4907904 0.8763993 0.647751 1.051414 0.4907904 0.8763993 0.5265058 0.8595358 0.647751 1.051414 1.051414 0.647751 0.8753271 0.5336723 1.070866 0.5 0.8753271 0.5336723 0.8763996 0.5092123 1.070866 0.5 1.070866 0.5 0.8763996 0.5092123 1.060393 0.4204494 1.060393 0.4204494 0.8763996 0.5092123 0.8690342 0.4858727 0.647751 1.051414 0.5203794 0.5760571 0.5541637 0.5568395 0.9943846 0.7854331 0.8590236 0.561911 1.051414 0.647751 1.060393 0.4204494 0.8226379 0.4554505 0.5760571 0.4796206 0.8226379 0.4554505 0.7905816 0.4596695 0.5760571 0.4796206 0.5760571 0.4796206 0.7905816 0.4596695 0.5787402 0.5 0.5355035 0.4302074 0.4898082 0.4226016 1.060393 0.4204494 1.060393 0.4204494 0.4898082 0.4226016 0.4204495 0.4204494 0.5434769 0.8307849 0.5432978 0.8023594 0.647751 1.051414 0.647751 1.051414 0.5432978 0.8023594 0.5203794 0.5760571 0.5301727 0.7753306 0.4830375 0.7515428 0.5194107 0.5761846 0.5194107 0.5761846 0.4830375 0.7515428 0.4701259 0.5721244 0.647751 1.051414 0.5556777 0.5556777 0.7599286 0.5488648 0.7599286 0.5488648 0.5556777 0.5556777 0.568191 0.5393701 0.7710419 0.5627571 0.8063393 0.579289 0.647751 1.051414 0.647751 1.051414 0.8063393 0.579289 0.7854331 0.9943846 0.7854331 0.9943846 0.8063393 0.579289 0.9036633 0.9036633 0.8063393 0.579289 0.8383808 0.5750682 0.9036633 0.9036633 0.9036633 0.9036633 0.8383808 0.5750682 0.9943846 0.7854331 0.438089 0.7699392 0.4231135 0.5140801 0.4587289 0.7567831 0.4438871 0.4448895 0.4231821 0.4853987 0.4204495 0.4204494 0.7699392 0.4728267 0.7567819 0.4934694 0.5787402 0.5 0.7567819 0.4934694 0.7535039 0.5326721 0.5760571 0.5203794 0.647751 -0.05141437 0.7854331 0.005615413 0.561911 0.1409764 0.561911 0.1409764 0.5412645 0.1278176 0.647751 -0.05141437 0.647751 -0.05141437 0.5412645 0.1278176 0.5 -0.0708661 0.5 -0.0708661 0.5092162 0.1235998 0.4204495 -0.06039309 0.4204495 -0.06039309 0.5092162 0.1235998 0.4858727 0.1309658 0.4204495 0.4204494 0.4578603 0.2012431 0.4728266 0.2300608 0.4204495 0.4204494 0.5255144 0.2474384 1.060393 0.4204494 0.5255144 0.2474384 0.5488648 0.2400714 1.060393 0.4204494 1.060393 0.4204494 0.5750673 0.2094201 1.051414 0.352249 1.051414 0.352249 0.5750673 0.2094201 0.9943846 0.2145669 0.5750673 0.2094201 0.5768137 0.1694988 0.9943846 0.2145669 0.9943846 0.2145669 0.5768137 0.1694988 0.9036633 0.09633666 0.9036633 0.09633666 0.5768137 0.1694988 0.7854331 0.005615413 0.7854331 0.005615413 0.5768137 0.1694988 0.561911 0.1409764 0.4564896 0.1694689 0.4204495 0.4204494 0.4204495 -0.06039309 0.4204495 -0.06039309 0.4204495 0.4204494 0.352249 -0.05141437 0.4204495 0.4204494 0.1798648 0.4203948 0.352249 -0.05141437 0.352249 -0.05141437 0.1798648 0.4203948 0.2145669 0.005615413 -0.05141437 0.352249 0.005615413 0.2145669 0.1793632 0.4204494 0.005615413 0.2145669 0.09633666 0.09633666 0.1793632 0.4204494 0.1793632 0.4204494 0.09633666 0.09633666 0.2145669 0.005615413 0.1540226 0.4280784 0.1409765 0.438089 -0.06039309 0.4204494 -0.05141437 0.352249 0.1760262 0.4208887 -0.06039309 0.4204494 0.1398947 0.4394989 0.1246729 0.4663277 -0.06039309 0.4204494 -0.06039309 0.4204494 0.1246729 0.4663277 -0.0708661 0.5 0.2300608 0.438089 0.205528 0.423803 0.4204495 0.4204494 -0.0708661 0.5 0.1246729 0.4989347 -0.05141437 0.647751 0.4204495 1.060393 0.352249 1.051414 0.4204371 0.8205431 0.4204371 0.8205431 0.352249 1.051414 0.2145669 0.9943846 0.2300608 0.5271734 0.419993 0.8117935 0.2028768 0.54304 0.2463644 0.4989347 0.247437 0.4744747 0.4204495 0.4204494 0.2316243 0.5251358 0.4204584 0.4213296 0.4206802 0.8065736 0.2145669 0.9943846 0.09633666 0.9036633 0.4202248 0.8189302 0.09633666 0.9036633 0.005615413 0.7854331 0.4202248 0.8189302 0.005615413 0.7854331 0.1855187 0.5456233 0.4202248 0.8189302 0.4202248 0.8189302 0.1855187 0.5456233 0.2018222 0.5434769 0.1251274 0.500032 0.1475041 0.5321822 -0.05141437 0.647751 -0.05141437 0.647751 0.1475041 0.5321822 0.005615413 0.7854331 0.7284392 0.5 0.9454216 0.5 0.7284392 1.307087 0.9454216 0.5 0.9454216 1.307087 0.7284392 1.307087 0.7879577 -0.1028097 0.2697865 -0.1522238 0.2307482 -0.2283465 0.2307482 -0.2283465 0.8530657 -0.07118415 0.7879034 -0.102864 0.7879034 -0.102864 0.8530657 -0.07118415 0.9258846 0.03509974 0.8530657 -0.07118415 0.9856932 0.06144315 0.9258846 0.03509974 0.9856932 0.06144315 1.119567 0.1953173 0.9258846 0.03509974 1.160555 -0.1522737 1.102808 0.2127263 1.154998 -0.2283465 1.166213 -0.02975559 1.160511 -0.1525539 1.177299 0.01008856 1.151165 0.04966402 1.16621 -0.02973198 1.177247 0.01065164 -0.01976668 0.09551692 0.0485171 0.06069475 1.154745 0.08663231 -0.3908432 0.6854096 -0.4820479 0.555896 -0.3908432 0.5 -0.4820479 0.555896 -0.5643609 0.3792559 -0.3908432 0.5 -0.3908432 0.5 -0.5643609 0.3792559 -0.6180811 0.1818225 0.7272938 0.1818114 0.6735752 0.3792456 0.5000559 0.5 0.6735752 0.3792456 0.5912637 0.5558872 0.5000559 0.5 0.5000559 0.5 0.5912637 0.5558872 0.5000559 0.6854072 0.05962455 0.5 0.05962455 0.2440145 0.1122518 0.2333624 0.05962455 0.5 0.1122518 0.2333624 0.5000559 0.5 0.1122518 0.2333624 0.1659687 0.2018977 0.5000559 0.5 0.5000559 0.5 0.1659687 0.2018977 0.2120965 0.1518447 -0.1215357 0.1217685 -0.05675601 0.2018977 -0.3908432 0.5 -0.3908432 0.5 -0.05675601 0.2018977 0.04964399 0.5 -0.05675601 0.2018977 -0.003039062 0.2333624 0.04964399 0.5 0.04964399 0.5 -0.003039062 0.2333624 0.04964399 0.2440163 0.7404616 -0.2384143 0.7499379 -0.02729511 0.2773311 -0.0708661 0.7272938 0.1818114 0.269742 0.01065164 0.7499379 -0.02729511 0.269742 0.01065164 0.2773096 -0.07040172 0.7499379 -0.02729511 -0.6407269 -0.02728343 -0.6312524 -0.2384028 -0.166213 -0.1119767 -0.1662509 -0.1111581 -0.166213 -0.02975559 -0.6407269 -0.02728343 -0.6407269 -0.02728343 -0.166213 -0.02975559 -0.6180811 0.1818225 0.2773311 -0.0708661 0.2725869 -0.1321586 0.7404616 -0.2384143 0.7404616 -0.2384143 0.2725869 -0.1321586 0.6993026 -0.4417937 0.2725869 -0.1321586 0.2603772 -0.1913964 0.6993026 -0.4417937 0.6993026 -0.4417937 0.2603772 -0.1913964 0.6283621 -0.6280384 0.2120965 0.1518447 0.2393889 0.1037628 0.5000559 0.5 0.5000559 0.5 0.2393889 0.1037628 0.7272938 0.1818114 0.2393889 0.1037628 0.2696624 0.01098304 0.7272938 0.1818114 0.2603772 -0.1913964 0.2393888 -0.2454954 0.6283621 -0.6280384 0.6283621 -0.6280384 0.2393888 -0.2454954 0.5309173 -0.7885448 0.2393888 -0.2454954 0.2120965 -0.293577 0.5309173 -0.7885448 0.5309173 -0.7885448 0.2120965 -0.293577 0.4114695 -0.9158986 0.2120965 -0.293577 0.1659687 -0.3436301 0.4114695 -0.9158986 0.4114695 -0.9158986 0.1659687 -0.3436301 0.2755367 -1.004217 0.1659687 -0.3436301 0.1122518 -0.3750948 0.2755367 -1.004217 0.2755367 -1.004217 0.1122518 -0.3750948 0.1293981 -1.049419 0.1122518 -0.3750948 0.05460631 -0.3858268 0.1293981 -1.049419 0.1293981 -1.049419 0.05460631 -0.3858268 -0.0201956 -1.049417 0.05460631 -0.3858268 -0.003039062 -0.3750948 -0.0201956 -1.049417 -0.0201956 -1.049417 -0.003039062 -0.3750948 -0.1663339 -1.004213 -0.5191561 -0.6280289 -0.1382789 -0.2283465 -0.5900949 -0.441783 -0.1382789 -0.2283465 -0.1558504 -0.1718754 -0.5900949 -0.441783 -0.5900949 -0.441783 -0.1558504 -0.1718754 -0.6312524 -0.2384028 -0.6312524 -0.2384028 -0.1558504 -0.1718754 -0.166213 -0.1119767 -0.166118 -0.02908033 -0.1447179 0.06814992 -0.6180811 0.1818225 -0.6180811 0.1818225 -0.1447179 0.06814992 -0.3908432 0.5 -0.3908432 0.5 -0.1447179 0.06814992 -0.1220931 0.1208698 -0.1663339 -1.004213 -0.003039062 -0.3750948 -0.302266 -0.9158926 -0.003039062 -0.3750948 -0.05675601 -0.3436301 -0.302266 -0.9158926 -0.302266 -0.9158926 -0.05675601 -0.3436301 -0.4217126 -0.7885369 -0.05675601 -0.3436301 -0.1096525 -0.2826625 -0.4217126 -0.7885369 -0.4217126 -0.7885369 -0.1096525 -0.2826625 -0.5191561 -0.6280289 -0.5191561 -0.6280289 -0.1096525 -0.2826625 -0.1382789 -0.2283465 0.2307482 -0.2283465 0.2529972 -0.152384 0.2310112 -0.1298812 0.2316858 -0.1255727 0.2529972 -0.152384 0.2275838 -0.1037476 0.2529972 -0.152384 0.2605859 -0.0708661 0.2275838 -0.1037476 0.1953554 -0.293577 0.2307482 -0.2283465 0.2201637 -0.1590087 -0.177247 0.01065164 -0.1552621 -0.01185834 -0.1549981 0.08661413 0.09856426 0.1274617 0.07278311 0.1158812 0.2529972 0.01065164 0.2529972 0.01065164 0.07278311 0.1158812 -0.09329819 -0.01615953 0.0463069 0.1474688 -0.1089575 0.02219784 -0.1024712 0.01515913 0.1492305 0.2018977 0.09551686 0.2333624 0.085029 0.2015007 -0.01976668 -0.3750948 0.03787505 -0.3858268 0.01462495 -0.3391544 -0.1559356 -0.01615953 -0.177247 0.01065164 -0.1518333 -0.03798556 -0.177247 0.01065164 -0.1848357 -0.0708661 -0.1518333 -0.03798556 0.1492305 0.2018977 0.1001994 0.1869332 0.1953554 0.1518447 0.1001994 0.1869332 0.1061151 0.1476794 0.1953554 0.1518447 0.1953554 0.1518447 0.1061151 0.1476794 0.2307482 0.08661413 0.2307482 0.08661413 0.1061151 0.1476794 0.2529972 0.01065164 -0.1024712 0.01515913 0.0590372 0.1229865 0.0463069 0.1474688 0.04594701 0.1513347 -0.01976668 0.2333624 -0.1091221 0.02229422 -0.01976668 0.2333624 -0.0734803 0.2018977 -0.1091221 0.02229422 -0.1091221 0.02229422 -0.0734803 0.2018977 -0.1286678 0.02737748 -0.0734803 0.2018977 -0.1196052 0.1518447 -0.1286678 0.02737748 -0.1196052 0.1518447 -0.1549981 0.08661413 -0.1286678 0.02737748 -0.01976668 0.2333624 0.04588037 0.1630235 0.03787505 0.2440945 0.04588037 0.1630235 0.05441278 0.1902509 0.03787505 0.2440945 0.03787505 0.2440945 0.05625522 0.1919117 0.09551686 0.2333624 0.05625522 0.1919117 0.08446156 0.2017521 0.09551686 0.2333624 -0.01976668 -0.3750948 -0.003853559 -0.3440022 -0.0734803 -0.3436301 -0.003853559 -0.3440022 -0.02295392 -0.3319833 -0.0734803 -0.3436301 -0.09329819 -0.01615953 -8.08239e-4 -0.2563732 0.1690484 -0.1255727 -8.08239e-4 -0.2563732 0.01469612 -0.2622165 0.1690484 -0.1255727 0.1985234 -0.1695208 0.02999138 -0.3039768 0.1953554 -0.293577 0.1953554 -0.293577 0.02999138 -0.3039768 0.1492305 -0.3436301 0.1492305 -0.3436301 0.02999138 -0.3039768 0.09551686 -0.3750948 0.09551686 -0.3750948 0.02999138 -0.3039768 0.03787505 -0.3858268 0.02999138 -0.3039768 0.01511251 -0.3387382 0.03787505 -0.3858268 -0.09329819 -0.01615953 0.1744605 -0.1015489 0.2529972 0.01065164 0.2012195 -0.08144015 0.2262912 -0.101576 0.2529972 0.01065164 0.2529972 0.01065164 0.2262912 -0.101576 0.2605859 -0.0708661 -0.1192441 -0.05945062 -0.177247 -0.152384 -0.02799934 -0.2787522 -0.177247 -0.152384 -0.1549981 -0.2283465 -0.02799934 -0.2787522 -0.02799934 -0.2787522 -0.1549981 -0.2283465 -0.03159272 -0.306403 -0.1549981 -0.2283465 -0.1196052 -0.293577 -0.03159272 -0.306403 -0.1196052 -0.293577 -0.0734803 -0.3436301 -0.03159272 -0.306403 -0.177247 -0.152384 -0.1275083 -0.05954515 -0.1848357 -0.0708661 -0.1275083 -0.05954515 -0.1515386 -0.03867596 -0.1848357 -0.0708661 -0.116511 -0.05894184 -0.02622604 -0.2758864 -0.09913045 -0.04083186 0.1828458 -0.1615184 0.1691414 -0.1265712 0.01663947 -0.264624 1.390843 0.6854096 1.390843 1.307087 1.32403 0.6854146 1.390843 1.307087 1.258841 1.307087 1.32403 0.6854146 1.32403 0.6854146 1.258841 1.307087 1.258841 0.5 0.9454216 1.307087 0.9454216 0.5 1.162404 1.307087 1.162404 1.307087 0.9454216 0.5 1.162404 0.5 1.258841 0.5 1.290588 -0.0268433 1.311057 -0.09456133 1.311057 -0.09456133 1.323588 -0.1534523 1.258841 0.5 1.258841 0.5 1.323588 -0.1534523 1.32403 0.6854146 1.127648 0.2454894 1.215799 0.1286808 1.258841 0.5 1.216994 0.1269837 1.28763 -0.01949626 1.258841 0.5 1.127648 0.2454894 1.258841 0.5 1.045558 0.3227943 1.258841 0.5 0.9478926 0.5 1.045558 0.3227943 1.045558 0.3227943 0.9478926 0.5 0.9478926 0.3940734 0.5693187 0.7362205 0.5250741 0.5101134 0.6001796 0.5143862 0.5693187 0.7362205 0.6001796 0.5143862 0.6246667 0.7362205 0.5693187 0.7362205 0.5693187 1.090551 0.4695575 1.307087 0.4695575 1.307087 0.5693187 1.090551 0.6246667 1.307087 0.6246667 0.7362205 0.6002217 0.5143877 0.7721739 0.7362205 0.6002217 0.5143877 0.73094 0.518259 0.7721739 0.7362205 0.7721739 0.7362205 0.7310041 0.5182597 0.9030843 0.7362205 0.9030843 0.7362205 0.7310041 0.5182597 0.9030843 0.5195427 0.5250741 0.5101134 0.5693187 0.7362205 0.3929533 0.5 0.5693187 0.7362205 0.4695575 1.307087 0.3929533 0.5 0.4695575 1.307087 0.3929538 1.307087 0.3929533 0.5 0.2823252 0.5 0.2823252 1.307087 0.249715 0.4707714 0.2823252 1.307087 0.1742533 1.307087 0.249715 0.4707714 0.1742533 1.307087 0.9454216 1.307087 0.9454216 0.5 0.9364708 0.394213 0.1999329 0.457233 0.9454216 0.5 0.9454216 0.5 0.1999329 0.457233 0.1742533 1.307087 0.5693302 1.090551 0.9029877 1.090551 0.6246667 1.307087 0.6246667 1.307087 0.9029877 1.090551 0.9030244 1.307087 0.5 -0.0708661 0.352249 -0.05141437 0.7233444 -0.1712285 0.352249 -0.05141437 0.6555157 -0.2556092 0.7233301 -0.1747155 1.167427 -1.990872 1.216488 -1.975033 1.124787 -1.98584 1.051414 0.352249 1.105573 0.2947117 2.990872 -0.1674271 1.105573 0.2947117 2.965196 -0.2018389 2.990872 -0.1674271 0.005615413 0.2145669 -0.3908432 0.5 0.09633666 0.09633666 -0.3908432 0.5 0.5 -0.3908432 0.09633666 0.09633666 0.09633666 0.09633666 0.5 -0.3908432 0.2145669 0.005615413 0.005615413 0.2145669 -0.05141437 0.352249 -0.3908432 0.5 -0.05141437 0.352249 -0.0708661 0.5 -0.3908432 0.5 -0.3908432 0.5 -0.0708661 0.5 -0.2560273 0.6355606 1.051414 0.352249 1.125692 0.3767334 1.070866 0.5 0.5 -0.0708661 0.7236464 -0.1705982 0.647751 -0.05141437 0.647751 -0.05141437 0.7236464 -0.1705982 0.7854331 0.005615413 0.7854331 0.005615413 0.7236464 -0.1705982 0.9036633 0.09633666 0.7236464 -0.1705982 0.9454216 0.05457842 0.9036633 0.09633666 0.9036633 0.09633666 0.9454216 0.05457842 0.9943846 0.2145669 0.9454216 0.05457842 1.039157 0.1742533 0.9943846 0.2145669 0.9943846 0.2145669 1.039157 0.1742533 1.051414 0.352249 1.039157 0.1742533 1.093346 0.2866492 1.051414 0.352249 0.2145669 0.005615413 0.5 -0.3908432 0.352249 -0.05141437 0.5 -0.3908432 0.6359773 -0.2557907 0.352249 -0.05141437 0.7233444 -0.1814182 0.6601542 -0.2592971 1.205926 -1.969794 0.6601542 -0.2592971 1.124781 -1.985798 1.205926 -1.969794 -0.05141437 0.647751 -0.2542684 0.6521319 -0.0708661 0.5 1.120541 0.3883758 1.129185 0.4695575 1.070866 0.5 1.070866 0.5 1.129185 0.4695575 1.051414 0.647751 1.129185 0.4695575 1.117462 0.6246667 1.051414 0.647751 1.051414 0.647751 1.117462 0.6246667 0.9943846 0.7854331 2.990872 -0.1674271 2.989772 -0.1244465 1.051414 0.352249 2.989772 -0.1244465 1.130491 0.3724476 1.051414 0.352249 0.352249 1.051414 0.2900623 1.096367 0.2145669 0.9943846 0.2900623 1.096367 0.1742331 1.039145 0.2145669 0.9943846 0.2145669 0.9943846 0.1742331 1.039145 0.09633666 0.9036633 0.1742331 1.039145 0.05457836 0.9454216 0.09633666 0.9036633 0.09633666 0.9036633 0.05457836 0.9454216 0.005615413 0.7854331 0.05457836 0.9454216 -0.1686085 0.7243544 0.005615413 0.7854331 0.005615413 0.7854331 -0.1686085 0.7243544 -0.05141437 0.647751 0.9036633 0.9036633 0.9195983 0.9802322 0.7854331 0.9943846 1.117462 0.6246667 1.068086 0.7721739 0.9036839 0.9036364 1.068086 0.7721739 0.9799799 0.9115371 0.9036839 0.9036364 0.9071601 0.9814516 0.7721696 1.068089 0.7854331 0.9943846 0.7854331 0.9943846 0.7721696 1.068089 0.647751 1.051414 0.7721696 1.068089 0.6246575 1.117464 0.647751 1.051414 0.647751 1.051414 0.6246575 1.117464 0.5 1.070866 0.6246575 1.117464 0.4695434 1.129184 0.5 1.070866 0.5 1.070866 0.4695434 1.129184 0.352249 1.051414 0.4695434 1.129184 0.3880764 1.120527 0.352249 1.051414 0.352249 1.051414 0.3749979 1.127086 -0.1674271 2.990872 0.3749979 1.127086 -0.1247878 2.985843 -0.1674271 2.990872 -0.05141437 0.647751 -0.17394 0.7229096 -1.990872 1.167427 -0.17394 0.7229096 -1.965196 1.201839 -1.990872 1.167427 2.323445 2.323445 2.28564 2.343881 0.9036633 0.9036633 2.28564 2.343881 0.9257091 0.9822449 0.9036633 0.9036633 0.9036633 0.9036633 0.980572 0.9217985 2.323445 2.323445 0.980572 0.9217985 2.340408 2.284003 2.323445 2.323445 -1.985656 1.124781 -0.2608308 0.6613572 -1.990872 1.167427 -1.990872 1.167427 -0.2608308 0.6613572 -0.05141437 0.647751 -0.1674271 2.990872 -0.2040264 2.968347 0.352249 1.051414 -0.2040264 2.968347 0.2952181 1.109797 0.352249 1.051414 0.4999221 0.6968504 0.5000281 0.5 0.4592676 0.6968504 0.5000281 0.5 0.4931087 0.5 0.4592676 0.6968504 0.4592676 0.6968504 0.4931087 0.5 0.5061151 0.6968504 0.4931087 0.5 0.5077065 0.5 0.5061151 0.6968504 0.5061151 0.6968504 0.5077065 0.5 0.4931285 0.6968504 0.5077065 0.5 0.489252 0.5 0.4931285 0.6968504 0.4931285 0.6968504 0.489252 0.5 0.5170685 0.6968504 0.489252 0.5 0.5129856 0.5 0.5170685 0.6968504 0.5170685 0.6968504 0.5129856 0.5 0.4999831 0.6968504 0.5129856 0.5 0.4999896 0.5 0.4999831 0.6968504 0.8206312 0.6968504 0.6707188 0.6968504 0.814642 0.5009843 0.814642 0.5009843 0.6707188 0.6968504 0.6103522 0.5009843 0.6707188 0.6968504 0.3537882 0.6968504 0.6103522 0.5009843 0.6103522 0.5009843 0.3537882 0.6968504 0.2765696 0.5009843 0.3537882 0.6968504 0.2473971 0.6968504 0.2765696 0.5009843 0.2765696 0.5009843 0.2473971 0.6968504 0.324631 0.5009843 0.2473971 0.6968504 0.6185925 0.6968504 0.324631 0.5009843 0.324631 0.5009843 0.6185925 0.6968504 0.8447221 0.5009843 0.6185925 0.6968504 0.8206416 0.6968504 0.8447221 0.5009843 0.8206369 0.6968504 0.8144814 0.5009843 0.8307849 0.5009843 0.814642 0.5009844 0.6649776 0.6968504 0.5598912 0.5009843 0.6649776 0.6968504 0.3787661 0.6968504 0.5598912 0.5009843 0.5598912 0.5009843 0.3787661 0.6968504 0.1876852 0.5009843 0.3787661 0.6968504 0.3794371 0.6968504 0.1876852 0.5009843 0.1876852 0.5009843 0.3794371 0.6968504 0.4999578 0.5009843 0.3794371 0.6968504 0.5529615 0.6968504 0.4999578 0.5009843 0.4999578 0.5009843 0.5529615 0.6968504 0.853024 0.5009843 0.5529615 0.6968504 0.8206416 0.6968504 0.853024 0.5009843 0.5173688 0.5009843 0.7308508 0.5009843 0.5173065 0.6968504 0.5173065 0.6968504 0.7308508 0.5009843 0.8046593 0.6968504 0.7308508 0.5009843 0.5948583 0.5009843 0.8046593 0.6968504 0.8046593 0.6968504 0.5948583 0.5009843 0.554355 0.6968504 0.5948583 0.5009843 0.2209987 0.5009843 0.554355 0.6968504 0.554355 0.6968504 0.2209987 0.5009843 0.1602529 0.6968504 0.1602529 0.6968504 0.2209987 0.5009843 0.3168174 0.6968504 0.2209987 0.5009843 0.5174311 0.5009843 0.3168174 0.6968504 0.3168174 0.6968504 0.5174311 0.5009843 0.5173688 0.6968504 0.1854563 0.6968504 0.1805365 0.5009843 0.507546 0.6968504 0.1805365 0.5009843 0.5822194 0.5009843 0.507546 0.6968504 0.507546 0.6968504 0.5822194 0.5009843 0.7323834 0.6968504 0.5822194 0.5009843 0.8247078 0.5009843 0.7323834 0.6968504 0.8247078 0.5009843 0.4694895 0.5009843 0.7323834 0.6968504 0.7323834 0.6968504 0.4694895 0.5009843 0.4525882 0.6968504 0.4694895 0.5009843 0.1827464 0.5009843 0.4525882 0.6968504 0.4525882 0.6968504 0.1827464 0.5009843 0.1855052 0.6968504 1.070696 0.5139194 1.126096 0.5693187 1.051414 0.647751 1.126096 0.5693187 1.117462 0.6246667 1.051414 0.647751 1.051414 0.647751 1.117462 0.6246667 0.9943846 0.7854331 0.9036633 0.9036633 0.9115329 0.9799814 0.7854331 0.9943846 0.9036633 0.9036633 1.154213 1.209891 0.9257091 0.982245 0.5139194 1.070696 0.647751 1.051414 0.5730165 1.125519 0.5730165 1.125519 0.647751 1.051414 0.7721696 1.068089 0.647751 1.051414 0.7854331 0.9943846 0.7721696 1.068089 0.7721696 1.068089 0.7854331 0.9943846 0.9071601 0.9814516 1.117462 0.6246667 1.068086 0.7721739 0.9036839 0.9036364 1.068086 0.7721739 0.9799799 0.9115371 0.9036839 0.9036364 1.209891 1.154213 1.154213 1.209891 0.9805719 0.9217985 1.154213 1.209891 0.9036633 0.9036633 0.9805719 0.9217985 -0.07069641 0.7362205 -0.07069641 1.090551 -0.1260955 0.7362205 -0.07069641 1.090551 -0.1260955 1.090551 -0.1260955 0.7362205 0.07039988 0.9852778 -0.154213 1.209891 0.09633666 0.9036633 0.4860806 1.070696 0.4306814 1.126096 0.352249 1.051414 0.4306814 1.126096 0.3753425 1.117464 0.352249 1.051414 0.352249 1.051414 0.3753425 1.117464 0.2145669 0.9943846 -0.07069641 0.5139194 -0.05141437 0.647751 -0.1255185 0.5730183 -0.1255185 0.5730183 -0.05141437 0.647751 -0.06808644 0.7721739 -0.05141437 0.647751 0.005615413 0.7854331 -0.06808644 0.7721739 -0.06808644 0.7721739 0.005615413 0.7854331 0.01592993 0.9030843 -0.154213 1.209891 -0.2098907 1.154213 0.09633666 0.9036633 -0.2098907 1.154213 0.01775503 0.9257091 0.09633666 0.9036633 0.09633666 0.9036633 0.01921898 0.9174013 0.005615413 0.7854331 0.3753425 1.117464 0.2278304 1.068089 0.09636408 0.9036843 0.2278304 1.068089 0.0884639 0.9799803 0.09636408 0.9036843 0.5139194 1.090551 0.5139194 0.7362205 0.5693187 1.090551 0.5139194 0.7362205 0.5693187 0.7362205 0.5693187 1.090551 0.5 1.307087 -0.3908432 1.307087 0.5 0.5 0.5 0.5 -0.3908432 1.307087 -0.3908432 0.5 0.7384731 0.1739705 0.7777212 0.2094343 0.7384731 0.5 0.1927294 -0.2384143 0.4051825 -0.1360726 0.183253 -0.02729511 1.564443 -0.2384028 1.573918 -0.02728343 1.32403 -0.1558154 1.32403 -0.1558154 1.573918 -0.02728343 1.551272 0.1818225 1.551272 0.1818225 1.497552 0.3792559 1.32403 -0.1558154 1.497552 0.3792559 1.415239 0.555896 1.32403 -0.1558154 1.32403 -0.1558154 1.415239 0.555896 1.32403 0.6854146 0.9533865 -1.049417 1.099525 -1.004213 0.8785831 -0.3858268 1.099525 -1.004213 1.235457 -0.9158926 0.8785831 -0.3858268 0.9533865 -1.049417 0.8785831 -0.3858268 0.8037929 -1.049419 0.8785831 -0.3858268 0.8345016 -0.3787611 0.8037929 -1.049419 0.8037929 -1.049419 0.8345016 -0.3787611 0.6576543 -1.004217 0.8341713 -0.3787082 0.7645522 -0.3413963 0.6576543 -1.004217 0.6576543 -1.004217 0.7645522 -0.3413963 0.5217214 -0.9158986 0.3914113 0.6320804 0.3419272 0.5558872 0.3914113 -0.004149556 0.3419272 0.5558872 0.2596157 0.3792456 0.3914113 -0.004149556 1.064847 -0.2435575 1.065446 -0.04182618 1.040322 -0.2874016 1.096798 -0.007789969 1.070794 -0.006290376 1.100923 -0.08944463 0.8295055 0.199321 0.8476492 0.2007956 0.8785831 0.2440945 1.564443 -0.2384028 1.322851 -0.1951855 1.319695 -0.2542408 0.4051825 -0.1360726 0.3914389 -0.004648387 0.183253 -0.02729511 0.183253 -0.02729511 0.3914389 -0.004648387 0.2058972 0.1818114 0.3914389 -0.004648387 0.2596157 0.3792456 0.2058972 0.1818114 1.041083 -0.05946671 1.022611 -0.0496512 1.040322 -0.2874016 0.9478909 -0.3006645 1.523286 -0.441783 1.318462 -0.2873532 1.523286 -0.441783 1.564443 -0.2384028 1.318462 -0.2873532 1.235457 -0.9158926 1.354904 -0.7885369 0.8785831 -0.3858268 1.354904 -0.7885369 1.452347 -0.6280289 0.8785831 -0.3858268 0.8785831 -0.3858268 1.452347 -0.6280289 1.523286 -0.441783 0.4022737 -0.7885448 0.7168412 -0.2874016 0.3048289 -0.6280384 0.7168412 -0.2874016 0.4298117 -0.286525 0.3048289 -0.6280384 0.3048289 -0.6280384 0.4298117 -0.286525 0.2338884 -0.4417937 0.2338884 -0.4417937 0.4298117 -0.286525 0.1927294 -0.2384143 0.1927294 -0.2384143 0.4298117 -0.286525 0.4079811 -0.1510155 1.0456 0.1375077 1.01864 0.1740277 1.033156 0.02567183 1.064847 -0.2435575 1.090027 -0.1698444 1.07171 -0.01609873 1.07171 -0.01609873 1.090027 -0.1698444 1.100923 -0.08944463 0.7541969 -0.3321302 0.777661 -0.351635 0.7313905 -0.1630777 1.0456 0.1375077 1.035373 0.0258094 1.077933 0.06960356 1.035373 0.0258094 1.062298 0.01493984 1.077933 0.06960356 1.062719 0.01449185 1.070621 -0.00479561 1.077933 0.06960356 1.077933 0.06960356 1.070621 -0.00479561 1.096798 -0.007789969 0.8484302 0.2004067 0.864013 0.1855825 0.8785831 0.2440945 0.9478909 -0.3006645 0.9456542 -0.3167788 1.523286 -0.441783 0.7467028 -0.1255727 0.9135677 -0.2585708 1.040322 -0.2874016 0.9135677 -0.2585708 0.9382724 -0.2693377 1.040322 -0.2874016 1.040322 -0.2874016 0.870013 0.1518663 0.8664163 0.1372787 1.040322 -0.2874016 0.8478209 0.1171008 0.7467028 -0.1255727 0.8478209 0.1171008 0.8321636 0.1170644 0.7467028 -0.1255727 0.777778 0.2094647 0.8257555 0.2351077 0.7384731 0.5 0.7384731 0.5 0.8257555 0.2351077 1.01864 0.5 0.8257555 0.2351077 0.8785831 0.2440945 1.01864 0.5 1.01864 0.5 0.8785831 0.2440945 1.01864 0.1740277 0.8785831 0.2440945 0.8653293 0.1828863 1.01864 0.1740277 0.9455597 -0.3172375 0.939322 -0.3305809 1.523286 -0.441783 0.8785831 -0.3858268 1.523286 -0.441783 0.9231922 -0.3421157 0.7776611 -0.351635 0.8344379 -0.3787509 0.7313905 -0.1630777 0.6706797 0.04209959 0.7081519 -0.08374118 0.6962082 0.1099252 0.6962082 0.1099252 0.7160782 -0.08226561 0.7325904 0.1669917 1.040322 -0.2874016 1.016139 -0.03881657 0.8705193 0.1589323 0.8705193 0.1589323 1.015966 0.007697284 1.01864 0.1740277 1.01864 0.1740277 1.015966 0.007697284 1.033156 0.02567183 0.6706797 -0.1838319 0.6916967 -0.1517373 0.6575239 -0.1092834 0.7325904 0.1669917 0.7160782 -0.08226561 0.7775949 0.2093668 0.7240044 -0.08374118 0.8093805 0.1565471 0.7775949 0.2093668 0.7339017 -0.3103213 0.7206537 -0.1680279 0.6962082 -0.2516575 0.6962082 -0.2516575 0.7140772 -0.168253 0.6706797 -0.1838319 0.7140772 -0.168253 0.6918644 -0.1520692 0.6706797 -0.1838319 0.6575239 -0.1092834 0.6857827 -0.1195325 0.6575239 -0.03244876 0.6575239 -0.03244876 0.6912943 -0.101194 0.6706797 0.04209959 0.6706797 0.04209959 0.6912943 -0.101194 0.7081519 -0.08374118 0.7642012 -0.3411219 0.7512881 -0.3293186 0.5217214 -0.9158986 0.5217214 -0.9158986 0.7512881 -0.3293186 0.4022737 -0.7885448 0.777778 0.2094647 0.8096837 0.1654626 0.8133729 0.1805858 0.8785831 -0.3858268 0.9135323 -0.3428022 0.8345016 -0.3787611 0.8345016 -0.3787611 0.8926422 -0.3259195 0.7377331 -0.1561954 0.8785831 0.2440945 0.8257555 0.2351077 0.8140611 0.1817639 0.8257555 0.2351077 0.777778 0.2094647 0.8140611 0.1817639 0.7402501 -0.09900861 0.8151771 0.1344496 0.724403 -0.08397465 0.8877132 -0.2893387 0.8907444 -0.279011 0.7390461 -0.1540781 0.6580728 -0.4151663 0.5948681 -0.3439285 0.5000559 -0.3907874 0.5946035 -0.3434329 0.5937582 -0.3098558 0.5000559 -0.3907874 0.5000559 -0.3907874 -0.2203071 0.04312503 0.6580728 -0.4151663 0.6580728 -0.4151663 -0.2203071 0.04312503 -0.5291669 0.2627245 -0.2203071 0.04312503 -0.6367547 -0.1138186 -0.5291669 0.2627245 -0.5291669 0.2627245 -0.6367547 -0.1138186 -0.5682285 -0.1518932 -0.6367547 -0.1138186 -0.2946078 -0.504896 -0.5682285 -0.1518932 -0.5682285 -0.1518932 -0.2946078 -0.504896 -0.1135597 -0.4595997 -0.2946078 -0.504896 0.6442411 -0.2465083 -0.1135597 -0.4595997 -0.1135597 -0.4595997 0.6442411 -0.2465083 0.6799343 -0.07720154 0.6442411 -0.2465083 0.9319095 0.04112374 0.6799343 -0.07720154 0.6799343 -0.07720154 0.9319095 0.04112374 1.114577 0.3573865 0.9319095 0.04112374 1.222041 0.3312191 1.114577 0.3573865 1.222041 0.3312191 0.9914343 0.05596756 1.114577 0.3573865 1.114577 0.3573865 0.9914343 0.05596756 0.7351922 -0.1257218 0.9914343 0.05596756 0.2839084 -0.3584349 0.7351922 -0.1257218 0.7351922 -0.1257218 0.2839084 -0.3584349 0.2096695 -0.3217565 0.2839084 -0.3584349 0.2594276 0.05841588 0.2096695 -0.3217565 0.2096695 -0.3217565 0.2594276 0.05841588 0.1966916 0.09610819 0.2594276 0.05841588 0.01586288 0.4606811 0.1966916 0.09610819 0.1966916 0.09610819 0.01586288 0.4606811 -0.1207798 0.5363945 0.01586288 0.4606811 -0.3908432 0.5 -0.1207798 0.5363945 -0.1207798 0.5363945 -0.3908432 0.5 -0.32403 0.5668132 0.05614995 -0.3265556 -0.02727061 -0.336673 0.1047042 0.1381329 -0.02727061 -0.336673 0.02153599 0.05560606 0.1047042 0.1381329 0.8876851 -0.2894559 0.9720626 -0.2842336 0.8907442 -0.2790116 0.8906821 -0.2825788 0.9731091 -0.2904367 0.9392365 0.1820681 0.9731091 -0.2904367 1.021845 0.09898686 0.9392365 0.1820681 0.05444031 -0.3172375 0.05315804 -0.2893468 -0.02968168 -0.3119792 -0.02968168 -0.3119792 0.05315804 -0.2893468 -0.02969157 -0.2894559 0.2573913 -0.1475038 0.1739029 -0.1483444 0.3067808 -0.06391829 0.1739029 -0.1483444 0.2227113 -0.1455693 0.3067808 -0.06391829 0.689494 -0.1042903 0.7719337 -0.1028586 0.7380486 -0.01909452 0.7719337 -0.1028586 0.8206694 -0.1021884 0.7380486 -0.01909452 0.2556283 -0.1421456 0.254346 -0.1142548 0.1714937 -0.1368876 0.1714937 -0.1368876 0.254346 -0.1142548 0.1714838 -0.1143639 0.1335749 0.1373474 0.05025267 0.1414275 0.1829645 0.05988246 0.05025267 0.1414275 0.09898692 -0.02184474 0.1829645 0.05988246 0.8103135 0.170141 0.8946959 0.1753633 0.8133727 0.1805852 0.8133105 0.1815803 0.8955854 0.1872584 0.861865 0.1047064 0.8955854 0.1872584 0.9443939 0.02153599 0.861865 0.1047064 0.05073434 0.1805858 0.04767513 0.170141 0.1305242 0.170141 0.1318119 0.1423594 0.1305295 0.1702497 0.04768502 0.1476172 -0.1504411 -0.03781318 -0.06937611 -0.03273248 -0.1535003 -0.0273683 -0.06766617 -0.04068231 -0.150922 -0.0460987 -0.01911258 0.2619341 -0.150922 -0.0460987 -0.1021885 0.1793306 -0.01911258 0.2619341 1.014552 0.004948556 1.09692 -5.72194e-4 1.063941 0.3067576 1.09692 -5.72194e-4 1.145654 0.2227955 1.063941 0.3067576 -0.07066977 -0.004972338 1.062737 0.3055539 0.7528723 0.1568964 1.059331 -0.2471123 1.037555 -0.2874016 1.307327 -0.2874016 1.070746 -0.08978551 1.078548 -0.161304 1.284024 -0.1011429 1.284024 -0.1011429 1.078548 -0.161304 1.307326 -0.2873357 1.078548 -0.161304 1.060987 -0.2420624 1.307326 -0.2873357 1.074754 0.5850223 1.078701 0.5494655 1.176313 0.6866916 1.176313 0.6866916 1.078701 0.5494655 1.207979 0.6550252 1.078578 0.05012428 1.250183 -7.8521e-4 1.078701 0.5494655 1.078701 0.5494655 1.250183 -7.8521e-4 1.207979 0.6550252 1.078586 0.05020588 1.063114 -0.05910003 1.250206 -8.43824e-4 1.250206 -8.43824e-4 1.063114 -0.05910003 1.284037 -0.101212 1.071503 0.6143098 1.17623 0.6867747 1.052194 0.6930285 1.17623 0.6867747 1.075359 0.7876453 1.052194 0.6930285 1.052194 0.6930285 1.075359 0.7876453 1.023419 0.7659022 1.023419 0.7659023 1.075276 0.7877287 0.9677981 0.8568184 1.075276 0.7877287 0.9074903 0.9540025 0.9677981 0.8568184 0.9074903 0.9540025 0.7910366 1.037544 0.8026081 1.008772 0.5612836 1.089251 0.6380086 1.07541 0.5534345 1.109011 0.6825147 1.083174 0.7275639 1.046911 0.7911846 1.037455 0.7275639 1.046911 0.8016817 1.009314 0.7911846 1.037455 -0.08929389 0.4393329 -0.08436238 0.5632792 -0.1112207 0.5257586 -0.1112207 0.5257586 -0.08436238 0.5632792 -0.09747213 0.6263412 -0.08436238 0.5632792 -0.04890716 0.6931592 -0.09747213 0.6263412 -0.09747213 0.6263412 -0.04890716 0.6931592 -0.06831163 0.7242881 -0.06831163 0.7242881 -0.04890716 0.6931592 -0.02192544 0.8157026 0.06385171 0.9255225 0.1324674 0.9452928 0.1701081 1.013118 0.1324674 0.9452928 0.2394586 1.016354 0.1701081 1.013118 0.1701081 1.013118 0.2394586 1.016354 0.2584956 1.061139 0.2584956 1.061139 0.2394586 1.016354 0.3527419 1.092735 0.2394586 1.016354 0.408776 1.078546 0.3527419 1.092735 0.3527419 1.092735 0.408776 1.078546 0.4495289 1.109588 0.4495289 1.109588 0.408776 1.078546 0.5527739 1.109064 0.408776 1.078546 0.5605375 1.089297 0.5527739 1.109064 -0.1092902 0.4460718 -0.09465748 0.3593105 -0.06644082 0.3305512 -0.09465748 0.3593105 -0.04958969 0.2322819 -0.06644082 0.3305512 -0.06644082 0.3305512 -0.04958969 0.2322819 -0.01462656 0.2082873 -0.04958969 0.2322819 0.02092641 0.1227679 -0.01462656 0.2082873 0.02092641 0.1227679 0.08839046 0.04862451 0.1032727 0.06359195 0.3878529 -4.08888e-4 0.5650805 -5.51462e-4 0.5067384 -0.07897233 0.4380293 -0.07786911 0.2732843 -0.03846603 0.3136195 -0.1765539 0.3136195 -0.1765539 0.2732843 -0.03846603 0.08808034 0.04893451 0.2732843 -0.03846603 0.1679605 0.01387751 0.08808034 0.04893451 0.1679605 0.01387751 0.1034067 0.06347066 0.08808034 0.04893451 0.3135424 -0.1764767 0.3879213 8.19193e-5 0.4386096 -0.07793569 0.4386096 -0.07793569 0.3879213 8.19193e-5 0.5067384 -0.07897233 0.6330423 -0.107904 0.6180694 -0.05934214 0.4308913 -0.1453264 0.6180694 -0.05934214 0.5706882 -0.00612986 0.4308913 -0.1453264 0.4308913 -0.1453264 0.5706882 -0.00612986 0.4151623 -0.07927942 0.5679973 -0.003453075 0.3878473 -3.94815e-4 0.4151623 -0.07927942 0.6928523 -0.2511326 0.4443721 -0.2874016 0.7139528 -0.2871756 0.6924865 -0.2504913 0.6544227 -0.166979 0.4443715 -0.2873654 0.4443715 -0.2873654 0.6544227 -0.166979 0.431091 -0.1466119 0.431091 -0.1466119 0.6544227 -0.166979 0.6335148 -0.1092677 0.3635336 -0.1182444 0.3726645 -0.0893768 0.3437339 -0.08944463 0.3396101 -0.007789969 0.3658652 0.03245496 0.3207468 0.06960356 0.3207468 0.06960356 0.3658652 0.03245496 1.034504 0.2995158 0.3437339 -0.08944463 0.3726645 -0.0893768 0.3396101 -0.007789969 0.3396101 -0.007789969 0.3843121 -0.04107892 0.3660559 0.0320509 0.3437339 -0.08944463 0.3481481 -0.1612121 0.3635336 -0.1182444 1.099609 -0.03244876 1.061562 -0.05323749 1.099609 -0.1092834 0.7070921 -0.03185015 1.055472 0.02376544 1.099643 -0.03264337 1.055472 0.02376544 1.058967 -0.03828346 1.099643 -0.03264337 0.06194967 0.06616127 0.1676837 -0.0427289 0.2165419 -0.08569246 0.1676837 -0.0427289 -0.1786422 0.1418124 0.2165419 -0.08569246 0.2165419 -0.08569246 -0.1786422 0.1418124 -0.2409886 0.01968812 -0.1786422 0.1418124 -0.27989 -0.06803697 -0.2409886 0.01968812 -0.2409886 0.01968812 -0.27989 -0.06803697 -0.3135027 -0.2268972 -0.2126461 0.09601968 -0.2758571 -0.03753018 -0.2799072 -0.06809139 -0.2758571 -0.03753018 -0.3103452 -0.1965993 -0.2799072 -0.06809139 0.07899922 0.5588528 0.1373364 0.5120927 0.09819293 0.5121883 0.4112524 0.4969234 0.2868529 0.4786657 0.2475129 0.4668366 0.834292 0.5107603 0.6626749 0.5081138 0.7701928 0.5066698 0.8413732 0.5149397 0.6614932 0.5121114 0.7856327 0.5104513 0.7856327 0.5104513 0.6614932 0.5121114 0.6273939 0.5071687 0.6614932 0.5121114 0.5254715 0.5039758 0.6273939 0.5071687 0.1958252 0.4458525 0.1147308 0.4207087 0.054668 0.3880975 0.8730439 0.517151 0.8166168 0.5192 0.663442 0.516788 -0.07415306 0.7265657 -0.02567732 0.8178201 -0.02917414 0.819913 -0.02567732 0.8178201 0.06075477 0.9285532 -0.02917414 0.819913 -0.03080147 0.8207591 0.05779516 0.9314014 0.05516493 0.9339737 0.05779516 0.9314014 0.1414628 1.006818 0.05516493 0.9339737 0.5785629 1.108853 0.648316 1.098602 0.5827487 0.495954 0.648316 1.098602 0.6551235 0.4857723 0.5827487 0.495954 0.578483 1.11095 0.5830655 0.4912223 0.5245963 0.4824998 0.6483542 1.095714 0.7159659 1.077268 0.6554047 0.485811 0.9131986 0.4130975 0.8407909 1.019111 0.8950191 0.9697714 1.278062 -0.07631731 1.30662 -0.2631338 1.304467 -0.1901955 1.199035 0.2319471 1.276343 -0.07830309 1.266124 -0.03007316 1.123598 0.7441421 1.207316 0.6556881 1.195409 0.1338186 1.32184 -0.1494257 1.299144 -0.05514878 1.274544 0.001543939 1.299144 -0.05514878 1.241633 0.08166921 1.274544 0.001543939 1.274544 0.001543939 1.241633 0.08166921 1.22175 0.1101957 1.241633 0.08166921 1.173414 0.1866524 1.22175 0.1101957 1.311034 -0.1130826 1.274551 0.001527011 1.315125 -0.1480043 1.29788 -0.1520434 1.277779 -0.05810964 1.255968 -0.004852354 1.277779 -0.05810964 1.190165 0.1304025 1.255968 -0.004852354 0.96772 0.8975453 1.135356 0.7276484 1.104924 0.7652847 1.301877 -0.1174551 1.319338 -0.2520266 1.321451 -0.211741 0.2428784 0.2973683 0.1771733 0.1763902 0.2285685 -0.02106595 0.2429363 0.2973142 0.2274433 -0.02264982 0.2635577 -0.04950278 -0.07521468 0.3578515 -0.05962276 0.290009 0.6583154 0.4870809 -0.0803225 0.3692704 -0.08108204 0.356878 0.6285375 0.4901692 -0.08926343 0.4387152 -0.08283406 0.3688863 0.5645236 0.5004115 -0.08283406 0.3688863 0.6285343 0.4901389 0.5645236 0.5004115 0.3913846 0.5048251 -0.02242857 0.7289095 -0.05002111 0.6589487 0.2779013 1.026045 0.5839682 0.5000036 0.3594216 1.055085 0.3594216 1.055085 0.5839682 0.5000036 0.4860976 0.4994466 0.6905092 0.2484428 1.048313 0.7059555 1.020439 0.7635996 0.6010597 0.1766218 0.537496 0.1211825 1.072477 0.616301 0.3914113 0.6320804 -0.3557996 -0.004149556 -0.3057439 0.679794 -0.3557996 -0.004149556 -0.3044273 -0.004149556 -0.3057439 0.679794 -0.304203 -0.057621 -0.3552516 -0.06377863 -0.3094359 -0.1228493 -0.3094359 -0.1228493 -0.3552516 -0.06377863 -0.1177463 -0.1390094 0.3928191 -0.004149556 0.3959903 -0.06517672 -0.2914201 -0.004149556 0.3959903 -0.06517672 -0.2937455 -0.05509626 -0.2914201 -0.004149556 0.07039988 0.519685 0.07039988 0.7362205 -0.154213 0.7362205 0.07039988 1.090551 0.07039988 1.307087 -0.154213 1.090551 0.07039988 1.307087 -1.281204 1.307087 -0.154213 1.090551 -0.154213 1.090551 -1.281204 1.307087 -0.154213 0.7362205 -1.281204 1.307087 -1.281204 0.9527559 -0.154213 0.7362205 -1.281253 0.9517556 -1.299933 0.7968582 -0.154213 0.7362205 -1.299993 0.7965393 -1.353918 0.6585812 -0.154213 0.7362205 -1.354395 0.6576818 -1.385557 0.6097691 -0.154213 0.7362205 -1.385557 0.6097691 -1.436621 0.553668 -0.154213 0.7362205 -1.438167 0.552204 -1.481576 0.5198302 -0.154213 0.7362205 -0.154213 0.7362205 -1.481576 0.5198302 0.07039988 0.519685 1.209891 0.7362205 0.9852778 0.7362205 0.9852778 0.519685 0.9852778 1.307087 0.9852778 1.090551 1.209891 1.090551 1.209891 0.7362205 2.336882 0.9527559 1.209891 1.090551 2.336882 0.9527559 2.336882 1.307087 1.209891 1.090551 1.209891 1.090551 2.336882 1.307087 0.9852778 1.307087 2.35561 0.7968582 2.336931 0.9517556 1.209891 0.7362205 0.9852778 0.519685 2.537254 0.5198302 1.209891 0.7362205 1.209891 0.7362205 2.537254 0.5198302 2.493845 0.552204 2.492299 0.553668 2.441235 0.6097691 1.209891 0.7362205 1.209891 0.7362205 2.441235 0.6097691 2.410073 0.6576818 2.409596 0.6585812 2.35567 0.7965392 1.209891 0.7362205 -1.48893 2.54635 -1.587718 2.509868 -1.481808 2.537486 -1.567918 2.504401 -1.545922 2.489235 -1.481808 2.537486 0.01476508 0.9296379 0.07326734 0.9829118 -1.545782 2.489128 0.07326734 0.9829118 -1.481808 2.537486 -1.545782 2.489128 2.733254 1.78937 2.784398 1.818898 2.545852 2.069838 2.784398 1.818898 2.592704 2.105788 2.545852 2.069838 2.545852 2.069838 2.592704 2.105788 2.323445 2.323445 2.592704 2.105788 2.365203 2.365203 2.323445 2.323445 2.323445 2.323445 2.365203 2.365203 2.069838 2.545852 2.365203 2.365203 2.105788 2.592704 2.069838 2.545852 2.069838 2.545852 2.105788 2.592704 1.78937 2.733254 2.105788 2.592704 1.818898 2.784398 1.78937 2.733254 1.78937 2.733254 1.818898 2.784398 1.486841 2.882445 1.818898 2.784398 1.509441 2.937005 1.486841 2.882445 1.486841 2.882445 1.509441 2.937005 1.167427 2.990872 1.509441 2.937005 1.182712 3.047915 1.167427 2.990872 1.167427 2.990872 1.182712 3.047915 0.8365932 3.056679 1.182712 3.047915 0.8443013 3.115229 0.8365932 3.056679 0.8365932 3.056679 0.8443013 3.115229 0.5 3.07874 0.8443013 3.115229 0.5 3.137795 0.5 3.07874 0.5 3.07874 0.5 3.137795 0.1634068 3.056679 0.5 3.137795 0.1556985 3.115229 0.1634068 3.056679 0.1634068 3.056679 0.1556985 3.115229 -0.1674271 2.990872 0.1556985 3.115229 -0.1827117 3.047915 -0.1674271 2.990872 -0.1674271 2.990872 -0.1827117 3.047915 -0.4868411 2.882445 -0.1827117 3.047915 -0.5094405 2.937005 -0.4868411 2.882445 -0.4868411 2.882445 -0.5094405 2.937005 -0.7893701 2.733254 -0.5094405 2.937005 -0.8188977 2.784398 -0.7893701 2.733254 -0.7893701 2.733254 -0.8188977 2.784398 -1.069837 2.545852 -0.8188977 2.784398 -1.105788 2.592704 -1.069837 2.545852 -1.069837 2.545852 -1.105788 2.592704 -1.323445 2.323445 -1.105788 2.592704 -1.365203 2.365203 -1.323445 2.323445 -1.323445 2.323445 -1.365203 2.365203 -1.545852 2.069838 -1.365203 2.365203 -1.592704 2.105788 -1.545852 2.069838 -1.545852 2.069838 -1.592704 2.105788 -1.733254 1.78937 -1.592704 2.105788 -1.784398 1.818898 -1.733254 1.78937 -1.733254 1.78937 -1.784398 1.818898 -1.882445 1.486841 -1.784398 1.818898 -1.937005 1.509441 -1.882445 1.486841 -1.882445 1.486841 -1.937005 1.509441 -1.990872 1.167427 -1.937005 1.509441 -2.047915 1.182712 -1.990872 1.167427 -1.990872 1.167427 -2.047915 1.182712 -2.056679 0.8365932 -2.047915 1.182712 -2.115229 0.8443013 -2.056679 0.8365932 -2.056679 0.8365932 -2.115229 0.8443013 -2.07874 0.5 -2.115229 0.8443013 -2.137795 0.5 -2.07874 0.5 -2.07874 0.5 -2.137795 0.5 -2.056679 0.1634068 -2.137795 0.5 -2.115229 0.1556987 -2.056679 0.1634068 -2.056679 0.1634068 -2.115229 0.1556987 -1.990872 -0.1674271 -2.115229 0.1556987 -2.047915 -0.1827116 -1.990872 -0.1674271 -1.990872 -0.1674271 -2.047915 -0.1827116 -1.882445 -0.4868412 -2.047915 -0.1827116 -1.937005 -0.5094405 -1.882445 -0.4868412 -1.882445 -0.4868412 -1.937005 -0.5094405 -1.733254 -0.7893701 -1.937005 -0.5094405 -1.784398 -0.8188977 -1.733254 -0.7893701 -1.733254 -0.7893701 -1.784398 -0.8188977 -1.545852 -1.069838 -1.784398 -0.8188977 -1.592704 -1.105788 -1.545852 -1.069838 -1.545852 -1.069838 -1.592704 -1.105788 -1.323445 -1.323445 -1.592704 -1.105788 -1.365203 -1.365203 -1.323445 -1.323445 -1.323445 -1.323445 -1.365203 -1.365203 -1.069837 -1.545852 -1.365203 -1.365203 -1.105788 -1.592704 -1.069837 -1.545852 -1.069837 -1.545852 -1.105788 -1.592704 -0.7893701 -1.733254 -1.105788 -1.592704 -0.8188977 -1.784398 -0.7893701 -1.733254 -0.7893701 -1.733254 -0.8188977 -1.784398 -0.4868411 -1.882445 -0.8188977 -1.784398 -0.5094405 -1.937005 -0.4868411 -1.882445 -0.4868411 -1.882445 -0.5094405 -1.937005 -0.1674271 -1.990872 -0.5094405 -1.937005 -0.1827117 -2.047915 -0.1674271 -1.990872 -0.1674271 -1.990872 -0.1827117 -2.047915 0.1634068 -2.056679 -0.1827117 -2.047915 0.1556985 -2.115229 0.1634068 -2.056679 0.1634068 -2.056679 0.1556985 -2.115229 0.5 -2.07874 0.1556985 -2.115229 0.5 -2.137795 0.5 -2.07874 0.5 -2.07874 0.5 -2.137795 0.8365932 -2.056679 0.5 -2.137795 0.8443013 -2.115229 0.8365932 -2.056679 0.8365932 -2.056679 0.8443013 -2.115229 1.167427 -1.990872 0.8443013 -2.115229 1.182712 -2.047915 1.167427 -1.990872 1.167427 -1.990872 1.182712 -2.047915 1.486841 -1.882445 1.182712 -2.047915 1.509441 -1.937005 1.486841 -1.882445 1.486841 -1.882445 1.509441 -1.937005 1.78937 -1.733254 1.509441 -1.937005 1.818898 -1.784398 1.78937 -1.733254 1.78937 -1.733254 1.818898 -1.784398 2.069838 -1.545852 1.818898 -1.784398 2.105788 -1.592704 2.069838 -1.545852 2.069838 -1.545852 2.105788 -1.592704 2.323445 -1.323445 2.105788 -1.592704 2.365203 -1.365203 2.323445 -1.323445 2.323445 -1.323445 2.365203 -1.365203 2.545852 -1.069838 2.365203 -1.365203 2.592704 -1.105788 2.545852 -1.069838 2.545852 -1.069838 2.592704 -1.105788 2.733254 -0.7893701 2.592704 -1.105788 2.784398 -0.8188977 2.733254 -0.7893701 2.733254 -0.7893701 2.784398 -0.8188977 2.882445 -0.4868412 2.784398 -0.8188977 2.937005 -0.5094405 2.882445 -0.4868412 2.882445 -0.4868412 2.937005 -0.5094405 2.990872 -0.1674271 2.937005 -0.5094405 3.047915 -0.1827116 2.990872 -0.1674271 2.990872 -0.1674271 3.047915 -0.1827116 3.056679 0.1634068 3.047915 -0.1827116 3.115229 0.1556987 3.056679 0.1634068 3.056679 0.1634068 3.115229 0.1556987 3.07874 0.5 3.115229 0.1556987 3.137795 0.5 3.07874 0.5 3.07874 0.5 3.137795 0.5 3.056679 0.8365932 3.137795 0.5 3.115229 0.8443013 3.056679 0.8365932 3.056679 0.8365932 3.115229 0.8443013 2.990872 1.167427 3.115229 0.8443013 3.047915 1.182712 2.990872 1.167427 2.990872 1.167427 3.047915 1.182712 2.882445 1.486841 3.047915 1.182712 2.937005 1.509441 2.882445 1.486841 2.882445 1.486841 2.937005 1.509441 2.733254 1.78937 2.937005 1.509441 2.784398 1.818898 2.733254 1.78937 -0.5094405 2.094488 -0.4255232 1.336614 -0.1827117 2.094488 -0.4255232 1.336614 -0.1981676 1.334983 -0.1827117 2.094488 -0.8188977 2.094488 -0.6327916 1.336614 -0.5094405 2.094488 -0.6327916 1.336614 -0.4255232 1.336614 -0.5094405 2.094488 -1.104322 1.336614 -0.6328127 1.336614 -1.105788 2.094488 -1.105788 2.094488 -0.6328127 1.336614 -0.8188977 2.094488 -1.105788 2.094488 -1.365203 2.094488 -1.104331 1.336614 -1.104331 1.336614 -1.365203 2.094488 -1.365203 1.336614 -1.365203 1.336614 -1.365203 2.094488 2.104331 1.336614 -1.365203 2.094488 2.105788 2.094488 2.104331 1.336614 2.105788 2.094488 1.818898 2.094488 2.104321 1.336614 2.104321 1.336614 1.818898 2.094488 1.831807 1.336614 1.509441 2.094488 1.632792 1.336614 1.818898 2.094488 1.632792 1.336614 1.831807 1.336614 1.818898 2.094488 1.199017 1.335189 1.632774 1.336614 1.182712 2.094488 1.182712 2.094488 1.632774 1.336614 1.509441 2.094488 1.015817 0.9527559 1.153824 0.9527559 1.153824 1.277559 0.8443013 2.094488 1.154677 1.283408 1.182712 2.094488 1.154677 1.283408 1.166501 1.314458 1.182712 2.094488 -0.1659344 1.313723 0.1556985 2.094488 -0.1755219 1.323679 -0.1827117 2.094488 -0.1757705 1.323862 0.1556985 2.094488 0.1556985 2.094488 -0.1608078 1.304373 0.1559728 0.9527559 0.1559728 0.9527559 -0.1551362 1.289606 -0.1538186 0.9527559 1.153824 1.277559 0.8443013 2.094488 1.015728 0.952756 0.8443013 2.094488 0.5 2.094488 1.015728 0.952756 1.015728 0.952756 0.5 2.094488 0.5625921 0.9527559 0.1559755 0.9527559 0.4374079 0.9527559 0.1556985 2.094488 0.1556985 2.094488 0.4374079 0.9527559 0.5 2.094488 0.8443013 2.094488 0.5 2.094488 0.8441169 0.9527559 0.8441169 0.9527559 0.5 2.094488 0.4374078 0.9527559 0.8441285 0.9527559 1.116493 0.9527559 0.8443013 2.094488 0.8443013 2.094488 1.116493 0.9527559 1.182712 2.094488 1.509441 2.094488 1.182712 2.094488 1.508892 0.9527559 1.508892 0.9527559 1.182712 2.094488 1.116493 0.9527559 1.508903 0.9527559 1.754255 0.9527559 1.509441 2.094488 1.509441 2.094488 1.754255 0.9527559 1.818898 2.094488 2.105788 2.094488 1.818898 2.094488 2.104991 0.9527559 2.104991 0.9527559 1.818898 2.094488 1.754255 0.9527559 2.105 0.952756 2.307946 0.9527559 2.105788 2.094488 2.105788 2.094488 2.307946 0.9527559 2.365203 2.094488 -1.105788 2.094488 2.365203 2.094488 -1.105052 0.952756 -1.105052 0.952756 2.365203 2.094488 2.307946 0.9527559 -1.105043 0.9527559 -0.8922422 0.9527559 -1.105788 2.094488 -1.105788 2.094488 -0.8922422 0.9527559 -0.8188977 2.094488 -0.5094405 2.094488 -0.8188977 2.094488 -0.509041 0.952756 -0.509041 0.952756 -0.8188977 2.094488 -0.8922422 0.9527559 -0.5090305 0.9527559 -0.2704101 0.9527559 -0.5094405 2.094488 -0.5094405 2.094488 -0.2704101 0.9527559 -0.1827117 2.094488 0.1556985 2.094488 -0.1827117 2.094488 0.1558195 0.9527559 0.1558195 0.9527559 -0.1827117 2.094488 -0.27041 0.9527559 0.1558308 0.9527559 0.4030618 0.9527559 0.1556985 2.094488 0.1556985 2.094488 0.4030618 0.9527559 0.5 2.094488 0.8443013 2.094488 0.5 2.094488 0.844237 0.9527559 0.844237 0.9527559 0.5 2.094488 0.4030618 0.9527559 0.8442483 0.9527559 1.083031 0.9527559 0.8443013 2.094488 0.8443013 2.094488 1.083031 0.9527559 1.182712 2.094488 1.509441 2.094488 1.182712 2.094488 1.509307 0.9527559 1.509307 0.9527559 1.182712 2.094488 1.083031 0.9527559 1.509317 0.9527559 1.723921 0.9527559 1.509441 2.094488 1.509441 2.094488 1.723921 0.9527559 1.818898 2.094488 2.282772 0.9527559 -1.363457 0.9527559 -1.365203 2.094488 1.723921 0.9527559 2.282833 0.9527559 1.81849 2.094488 1.81849 2.094488 2.282833 0.9527559 -1.365203 2.094488 -1.363453 0.9527559 -1.108059 0.9527559 -1.365203 2.094488 -1.365203 2.094488 -1.108059 0.9527559 -1.105788 2.094488 -0.8188977 2.094488 -1.105788 2.094488 -0.8176677 0.9527559 -0.8176677 0.9527559 -1.105788 2.094488 -1.108059 0.9527559 -0.8176569 0.9527559 -0.5173718 0.9527559 -0.8188977 2.094488 -0.8188977 2.094488 -0.5173718 0.9527559 -0.5094405 2.094488 -0.1827117 2.094488 -0.5094405 2.094488 -0.1820757 0.952756 -0.1820757 0.952756 -0.5094405 2.094488 -0.5173718 0.9527559 -0.1820638 0.9527559 0.1415088 0.9527559 -0.1827117 2.094488 -0.1827117 2.094488 0.1415088 0.9527559 0.1556985 2.094488 0.5 2.094488 0.1556985 2.094488 0.5000082 0.9527559 0.5000082 0.9527559 0.1556985 2.094488 0.1415088 0.9527559 0.5000205 0.9527559 0.8244186 0.9527559 0.5 2.094488 0.5 2.094488 0.8244186 0.9527559 0.8443013 2.094488 1.182712 2.094488 0.8443013 2.094488 1.182111 0.9527559 1.182111 0.9527559 0.8443013 2.094488 0.8244186 0.9527559 1.182122 0.9527559 1.485583 0.9527559 1.182712 2.094488 1.182712 2.094488 1.485583 0.9527559 1.509441 2.094488 1.818898 2.094488 1.509441 2.094488 1.817756 0.9527559 1.817756 0.9527559 1.509441 2.094488 1.485583 0.9527559 1.817767 0.9527559 2.080685 0.9527559 1.818898 2.094488 1.818898 2.094488 2.080685 0.9527559 2.105788 2.094488 2.365203 2.094488 2.105788 2.094488 -1.363399 0.9527559 -1.363399 0.9527559 2.105788 2.094488 2.080685 0.9527559 -1.363592 0.952756 -1.13516 0.9527559 2.365203 2.094488 2.365203 2.094488 -1.13516 0.9527559 -1.105788 2.094488 -0.8188977 2.094488 -1.105788 2.094488 -0.817794 0.9527559 -0.817794 0.9527559 -1.105788 2.094488 -1.13516 0.9527559 -0.8177838 0.952756 -0.548988 0.9527559 -0.8188977 2.094488 -0.8188977 2.094488 -0.548988 0.9527559 -0.5094405 2.094488 -0.1827117 2.094488 -0.5094405 2.094488 -0.1821489 0.9527559 -0.1821489 0.9527559 -0.5094405 2.094488 -0.548988 0.9527559 -0.1821376 0.9527559 0.1074969 0.9527559 -0.1827117 2.094488 -0.1827117 2.094488 0.1074969 0.9527559 0.1556985 2.094488 0.1556985 2.094488 0.107512 0.9527559 0.5 2.094488 0.107512 0.9527559 0.5625921 0.9527559 0.5 2.094488 -0.1026914 0.9527559 0.1162839 0.9527559 0.1634068 2.094488 -0.3171557 0.9527559 -0.224731 0.9527559 -0.224731 1.307087 -0.1065014 0.9527559 0.1634068 2.094488 -0.1097732 1.307087 0.1634068 2.094488 -0.4867483 2.094488 -0.1097732 1.307087 -0.1097732 1.307087 -0.4867483 2.094488 -0.224731 1.307087 -0.224731 1.307087 -0.4867483 2.094488 -0.3171557 0.9527559 1.253162 0.9527559 1.463518 0.9527559 1.486841 2.094488 1.037169 0.9527559 1.109768 0.9527559 1.109768 1.307087 1.253162 0.9527559 1.486841 2.094488 1.224724 1.307087 1.486841 2.094488 0.8366824 2.094488 1.224724 1.307087 1.224724 1.307087 0.8366824 2.094488 1.109768 1.307087 1.109768 1.307087 0.8366824 2.094488 1.037169 0.9527559 -1.242859 0.9527559 -1.072058 0.9527559 -1.069837 2.094488 2.242859 0.9527559 2.280879 0.9527559 2.280879 1.307087 -1.28088 0.9527559 -1.242859 0.9527559 -1.280376 1.307087 -1.242859 0.9527559 -1.069837 2.094488 -1.280376 1.307087 -1.069837 2.094488 2.069878 2.094488 -1.280376 1.307087 -1.280376 1.307087 2.069878 2.094488 2.280879 1.307087 -0.1097677 1.307087 -0.1097251 0.9527559 0.1634068 2.094488 0.1634068 2.094488 -0.1097251 0.9527559 0.1635351 0.9527559 -0.253162 0.9527559 -0.224731 1.307087 -0.4635175 0.9527559 0.1634068 2.094488 -0.4868955 2.094488 -0.1097686 1.307087 -0.1097686 1.307087 -0.4868955 2.094488 -0.224731 1.307087 -0.224731 1.307087 -0.4868955 2.094488 -0.4635175 0.9527559 1.224731 1.307087 1.224783 0.9527559 1.486841 2.094488 1.486841 2.094488 1.224783 0.9527559 1.486314 0.9527559 1.102691 0.9527559 1.109768 1.307087 0.8837161 0.9527559 1.486841 2.094488 0.8365697 2.094488 1.22473 1.307087 1.22473 1.307087 0.8365697 2.094488 1.109768 1.307087 1.109768 1.307087 0.8365697 2.094488 0.8837161 0.9527559 -0.1603984 1.323679 -0.1479884 1.309171 0.1634068 2.094488 0.1634068 2.094488 -0.1459971 1.304331 0.1636749 0.9527559 0.1636749 0.9527559 -0.1404699 1.289614 -0.1391809 0.9527559 -0.4868411 2.094488 -0.4235182 1.336614 -0.1674271 2.094488 -0.4235182 1.336614 -0.1825453 1.334984 -0.1674271 2.094488 -0.182335 1.334952 -0.1606553 1.323873 -0.1674271 2.094488 -0.1674271 2.094488 -0.1606553 1.323873 0.1634068 2.094488 -0.7893701 2.094488 -0.6434476 1.336614 -0.4868411 2.094488 -0.6434476 1.336614 -0.4235182 1.336614 -0.4868411 2.094488 -1.069225 1.336614 -0.6434707 1.336614 -1.069837 2.094488 -1.069837 2.094488 -0.6434707 1.336614 -0.7893701 2.094488 -1.069226 1.336614 -1.069837 2.094488 2.32123 1.336614 -1.069837 2.094488 2.323445 2.094488 2.32123 1.336614 2.323445 2.094488 2.069838 2.094488 2.321462 1.336614 2.321462 1.336614 2.069838 2.094488 2.069226 1.336614 2.069838 2.094488 1.78937 2.094488 2.069224 1.336614 2.069224 1.336614 1.78937 2.094488 1.853464 1.336614 1.486841 2.094488 1.643448 1.336614 1.78937 2.094488 1.643448 1.336614 1.853464 1.336614 1.78937 2.094488 1.183374 1.33519 1.643423 1.336614 1.167427 2.094488 1.167427 2.094488 1.643423 1.336614 1.486841 2.094488 1.151573 1.314449 1.1766 1.33296 0.8365932 2.094488 0.8365932 2.094488 1.1766 1.33296 1.167427 2.094488 0.5 2.094488 0.6618686 0.9527559 0.8365932 2.094488 0.6618686 0.9527559 0.8837162 0.9527559 0.8365932 2.094488 1.486316 0.9527559 1.726175 0.9527559 1.486841 2.094488 1.486841 2.094488 1.726175 0.9527559 1.78937 2.094488 2.069838 2.094488 1.78937 2.094488 2.069058 0.9527559 2.069058 0.9527559 1.78937 2.094488 1.726175 0.9527559 2.069067 0.9527559 2.26747 0.9527559 2.069838 2.094488 2.069838 2.094488 2.26747 0.9527559 -1.323445 2.094488 -1.069837 2.094488 -1.323445 2.094488 -1.069118 0.9527559 -1.069118 0.9527559 -1.323445 2.094488 2.26747 0.9527559 -1.069109 0.9527559 -0.8610724 0.9527559 -1.069837 2.094488 -1.069837 2.094488 -0.8610724 0.9527559 -0.7893701 2.094488 -0.8610725 0.952756 -0.4635301 0.9527559 -0.7893701 2.094488 -0.7893701 2.094488 -0.4635301 0.9527559 -0.4868411 2.094488 0.163536 0.9527559 0.4052322 0.9527559 0.1634068 2.094488 0.1634068 2.094488 0.4052322 0.9527559 0.5 2.094488 0.8365932 2.094488 0.5 2.094488 0.83653 0.9527559 0.83653 0.9527559 0.5 2.094488 0.4052322 0.9527559 0.8365412 0.9527559 1.069978 0.9527559 0.8365932 2.094488 0.8365932 2.094488 1.069978 0.9527559 1.167427 2.094488 1.486841 2.094488 1.167427 2.094488 1.48671 0.952756 1.48671 0.952756 1.167427 2.094488 1.069978 0.9527559 1.48672 0.9527559 1.69652 0.9527559 1.486841 2.094488 1.486841 2.094488 1.69652 0.9527559 1.78937 2.094488 1.69652 0.9527559 2.242949 0.9527559 1.78937 2.094488 1.78937 2.094488 2.242949 0.9527559 2.069838 2.094488 2.069838 2.094488 2.242949 0.9527559 2.280879 1.307087 -0.7893701 2.094488 -1.069837 2.094488 -0.7881675 0.9527559 -0.7881675 0.9527559 -1.069837 2.094488 -1.072058 0.9527559 -0.788157 0.9527559 -0.4945949 0.9527559 -0.7893701 2.094488 -0.7893701 2.094488 -0.4945949 0.9527559 -0.4868411 2.094488 -0.1674271 2.094488 -0.4868411 2.094488 -0.1668055 0.9527559 -0.1668055 0.9527559 -0.4868411 2.094488 -0.4945948 0.9527559 -0.1667937 0.9527559 0.1495346 0.9527559 -0.1674271 2.094488 -0.1674271 2.094488 0.1495346 0.9527559 0.1634068 2.094488 0.5 2.094488 0.1634068 2.094488 0.5000081 0.9527559 0.5000081 0.9527559 0.1634068 2.094488 0.1495345 0.9527559 0.5000202 0.952756 1.037144 0.9527559 0.5 2.094488 0.5 2.094488 1.037144 0.9527559 0.8365932 2.094488 1.78937 2.094488 1.486841 2.094488 1.788253 0.9527559 1.788253 0.9527559 1.486841 2.094488 1.463518 0.9527559 1.788264 0.9527559 2.045296 0.9527559 1.78937 2.094488 1.78937 2.094488 2.045296 0.9527559 2.069838 2.094488 -1.323445 2.094488 2.069838 2.094488 -1.32168 0.9527559 -1.32168 0.9527559 2.069838 2.094488 2.045296 0.9527559 -1.321869 0.9527559 -1.098552 0.9527559 -1.323445 2.094488 -1.323445 2.094488 -1.098552 0.9527559 -1.069837 2.094488 -0.7893701 2.094488 -1.069837 2.094488 -0.7882912 0.9527559 -0.7882912 0.9527559 -1.069837 2.094488 -1.098552 0.9527559 -0.7882812 0.9527559 -0.3171775 0.9527559 -0.7893701 2.094488 -0.7893701 2.094488 -0.3171775 0.9527559 -0.4868411 2.094488 0.5 2.094488 0.1634068 2.094488 0.5000292 0.9527559 0.5000292 0.9527559 0.1634068 2.094488 0.1162839 0.9527559 0.5 2.094488 0.4990416 0.9527559 0.8365932 2.094488 0.8365932 2.094488 0.4990416 0.9527559 1.139186 1.277559 0.4990416 0.9527559 1.139181 0.9527559 1.139186 1.277559 0.1636774 0.952756 0.6618468 0.9527559 0.1634068 2.094488 0.1634068 2.094488 0.6618468 0.9527559 0.5 2.094488 0.1053055 -2.504046 0.1663368 -2.513491 0.1759855 -2.42635 0.8384627 -2.510153 0.9511467 -2.498154 0.9381008 -2.411456 2.20398 -2.00579 2.379469 -1.879088 2.32512 -1.810291 3.328354 -0.5874575 3.39971 -0.3855168 3.315859 -0.35991 3.443663 1.218769 3.387929 1.423214 3.304419 1.396518 1.905759 3.186262 1.669377 3.297323 1.635562 3.216433 1.569427 3.334112 1.423214 3.387929 1.396518 3.304419 0.1237525 3.508324 -0.1315669 3.465398 -0.1133038 3.379647 -0.2368783 3.438158 -0.3855168 3.39971 -0.3599101 3.315859 -1.523917 2.757158 -1.707732 2.578071 -1.643891 2.517979 -1.780277 2.493991 -1.879088 2.379469 -1.810291 2.32512 -2.44946 1.200805 -2.498154 0.9511467 -2.411456 0.9381008 -2.510153 0.8384627 -2.525928 0.6903136 -2.438427 0.6848103 1.955569 0.865092 1.758955 0.865092 1.772818 0.7818298 0.1559728 0.9527559 -0.01581686 0.9527559 -0.01774966 0.865092 0.4999616 0.9527559 0.4374079 0.9527559 0.4371733 0.865092 0.8441259 0.9527559 0.6655751 0.9527559 0.6661955 0.865092 1.182141 0.9527559 1.116493 0.9527559 1.118803 0.865092 2.104999 0.9527559 1.950135 0.9527559 1.955569 0.865092 2.307946 0.9527559 2.13516 0.9527559 2.141287 0.865092 -0.8922422 0.9527559 -1.080685 0.9527559 -1.086608 0.865092 -0.2704101 0.9527559 -0.4855829 0.9527559 -0.489276 0.865092 0.4030618 0.9527559 0.1755813 0.9527559 0.1743658 0.865092 1.083031 0.9527559 0.8584912 0.9527559 0.8598346 0.865092 1.723921 0.9527559 1.517372 0.9527559 1.521184 0.865092 2.282772 0.9527559 2.108059 0.9527559 2.114084 0.865092 -1.108059 0.9527559 -1.282772 0.9527559 -1.289452 0.865092 -0.8176616 0.9527559 -0.9213091 0.9527559 -0.9266348 0.865092 -0.5173718 0.9527559 -0.7239209 0.9527559 -0.7285072 0.865092 -0.1820688 0.9527559 -0.3032076 0.9527559 -0.3062173 0.865092 0.1415088 0.9527559 -0.08303141 0.9527559 -0.08521604 0.865092 0.5000157 0.9527559 0.3687322 0.9527559 0.3682404 0.865092 0.8244186 0.9527559 0.5969382 0.9527559 0.5973014 0.865092 1.182118 0.9527559 1.049471 0.9527559 1.05153 0.865092 1.485583 0.9527559 1.27041 0.9527559 1.273297 0.865092 1.817763 0.9527559 1.693379 0.9527559 1.69785 0.865092 2.080685 0.9527559 1.892242 0.9527559 1.897459 0.865092 -1.363595 0.9527559 2.257296 0.9527559 2.26388 0.865092 -1.13516 0.9527559 -1.307946 0.9527559 -1.314721 0.865092 -0.8177869 0.9527559 -0.950135 0.9527559 -0.9555686 0.865092 -0.548988 0.9527559 -0.7542554 0.9527559 -0.7589552 0.865092 -0.1821409 0.9527559 -0.3358688 0.9527559 -0.3390008 0.865092 0.1074969 0.9527559 -0.1164931 0.9527559 -0.1188031 0.865092 0.5000384 0.9527559 0.3344249 0.9527559 0.3338045 0.865092 0.790291 0.9527559 0.5625921 0.9527559 0.5628267 0.865092 1.154878 0.8963658 1.153824 0.9527559 1.015817 0.9527559 1.157994 0.8414742 1.154878 0.8963658 1.01775 0.865092 1.165432 0.7705762 1.159589 0.8224447 1.023451 0.7818298 -2.218031 -0.1975398 -2.175869 -0.1862028 -2.232421 -0.04483938 -2.333489 -0.2285787 -2.234149 -0.2018733 -2.305707 -0.05945253 -2.352217 -0.2336125 -2.387392 -0.07574021 -2.406135 -0.248104 -0.2561562 -2.436098 -0.09288477 -2.473373 -0.2334014 -2.351431 -0.09288477 -2.473373 -0.07574021 -2.387392 -0.2334014 -2.351431 -0.05945253 -2.305707 -0.2148441 -2.282395 -0.07574021 -2.387392 -0.2148441 -2.282395 -0.233401 -2.35143 -0.07574021 -2.387392 -0.04483938 -2.232421 -0.197542 -2.218039 -0.05945253 -2.305707 -0.05945253 -2.305707 -0.197542 -2.218039 -0.2118638 -2.271309 -0.03263461 0.7071498 -0.176231 0.7068253 -0.04483938 -2.232421 -0.176231 0.7068253 -0.1925331 -2.199411 -0.04483938 -2.232421 -0.02345097 0.7818298 -0.1595917 0.8224158 -0.03263461 0.7071498 -0.1595917 0.8224158 -0.1762307 0.7068268 -0.03263461 0.7071498 -0.02345097 0.7818298 -0.01774966 0.865092 -0.1595889 0.82244 -0.1595889 0.82244 -0.01774966 0.865092 -0.1566416 0.8653026 -0.01581686 0.9527559 -0.1538236 0.9527559 -0.01774966 0.865092 -0.1538236 0.9527559 -0.1566413 0.8653074 -0.01774966 0.865092 1.015817 0.9527559 0.8440272 0.9527559 0.7913786 0.865092 1.921309 0.9527559 1.817662 0.9527559 1.728507 0.865092 1.303208 0.9527559 1.182069 0.9527559 1.085216 0.865092 0.6312678 0.9527559 0.4999843 0.9527559 0.4026986 0.865092 -0.04947078 0.9527559 -0.1821182 0.9527559 -0.2732969 0.865092 -0.6933788 0.9527559 -0.8177626 0.9527559 -0.897459 0.865092 -1.257296 0.9527559 2.363595 0.9527559 2.314721 0.865092 1.955569 0.865092 1.950135 0.9527559 1.758955 0.865092 1.950135 0.9527559 1.754255 0.9527559 1.758955 0.865092 1.552919 0.865092 1.548988 0.9527559 1.508901 0.9527559 0.8939738 0.865092 0.892503 0.9527559 0.8441259 0.9527559 0.4999616 0.9527559 0.4371733 0.865092 0.6655751 0.9527559 0.4374079 0.9527559 0.1560894 0.9527559 0.2086214 0.865092 0.3344249 0.9527559 0.1558741 0.9527559 0.3338045 0.865092 0.1558741 0.9527559 0.1060262 0.865092 0.3338045 0.865092 0.3338045 0.865092 0.1060262 0.865092 -0.1370574 0.7070044 0.1060262 0.865092 -0.1256173 0.7818298 -0.1370574 0.7070044 -1.13516 0.9527559 2.288224 0.7817159 -1.141287 0.865092 -1.141287 0.865092 2.288224 0.7817159 -1.314552 2.534747 1.27041 0.9527559 1.182118 0.9527559 1.273297 0.865092 1.182118 0.9527559 1.05153 0.865092 1.273297 0.865092 1.273297 0.865092 1.05153 0.865092 0.8345624 0.7070043 1.05153 0.865092 0.8292201 0.7818298 0.8345624 0.7070043 -0.3032076 0.9527559 -0.509317 0.9527559 -0.3062173 0.865092 -0.509317 0.9527559 -0.521184 0.865092 -0.3062173 0.865092 -0.3062173 0.865092 -0.521184 0.865092 -0.7642765 0.7070044 -0.521184 0.865092 -0.7420352 0.7818298 -0.7642765 0.7070044 1.516658 0.9527559 1.091273 0.7816796 1.521184 0.865092 1.521184 0.865092 1.091273 0.7816796 1.101626 0.7070043 -0.04947078 0.9527559 -0.5004798 0.7817159 0.1582617 0.9537841 0.1582617 0.9537841 -0.5004798 0.7817159 -0.5181765 0.7070044 2.363595 0.9527559 2.307946 0.9527559 2.314721 0.865092 2.307946 0.9527559 1.971365 0.7817159 2.314721 0.865092 2.314721 0.865092 1.971365 0.7817159 1.997099 0.7070044 1.583189 0.7071498 1.772956 0.7809996 1.548971 0.9529895 1.772956 0.7809996 1.754255 0.9527559 1.548971 0.9529895 0.5625921 0.9527559 0.5000384 0.9527559 0.5628267 0.865092 0.5000384 0.9527559 0.318726 0.8596832 0.5628267 0.865092 0.5628267 0.865092 0.318726 0.8596832 0.1611555 0.7280662 0.318726 0.8596832 -0.1365933 0.7071498 0.1611555 0.7280662 0.1611555 0.7280662 -0.1365933 0.7071498 -2.209047 1.15118 -0.950135 0.9527559 -1.104999 0.9527559 -0.9555686 0.865092 -1.104999 0.9527559 -1.141287 0.865092 -0.9555686 0.865092 -0.9555686 0.865092 -1.141287 0.865092 -1.392624 1.922932 -1.141287 0.865092 -1.314553 2.534643 -1.392624 1.922932 -1.392624 1.922932 -1.314553 2.534643 -1.35617 2.577885 1.507629 0.9527559 1.112015 0.8028338 1.489276 0.865092 1.489276 0.865092 1.112015 0.8028338 1.127441 0.7280657 1.112015 0.8028338 0.834996 0.7071498 1.127441 0.7280657 1.127441 0.7280657 0.834996 0.7071498 0.1573279 3.265059 -0.08303141 0.9527559 -0.1820688 0.9527559 -0.08521604 0.865092 -0.1820688 0.9527559 -0.3062173 0.865092 -0.08521604 0.865092 -0.08521604 0.865092 -0.3062173 0.865092 -0.4845739 0.7280738 -0.3062173 0.865092 -0.7642628 0.7070088 -0.4845739 0.7280738 -0.4845739 0.7280738 -0.7642628 0.7070088 1.792785 2.968133 1.817662 0.9527559 1.723921 0.9527559 1.728507 0.865092 1.723921 0.9527559 1.367112 0.8028452 1.728507 0.865092 1.728507 0.865092 1.367112 0.8028452 1.386279 0.7280727 1.367112 0.8028452 1.102041 0.7071498 1.386279 0.7280727 1.386279 0.7280727 1.102041 0.7071498 3.2173 1.115836 0.1736712 0.9527559 -0.1387576 0.8335534 0.1743658 0.865092 0.1743658 0.865092 -0.1387576 0.8335534 -0.22885 0.7280789 -0.1387576 0.8335534 -0.517717 0.7071498 -0.22885 0.7280789 -0.22885 0.7280789 -0.517717 0.7071498 3.084418 -0.541037 -1.105044 0.9527559 -1.257296 0.9527559 -1.26388 0.865092 -1.257296 0.9527559 2.19857 0.8028431 -1.26388 0.865092 -1.26388 0.865092 2.19857 0.8028431 2.229432 -0.9597228 2.19857 0.8028431 1.997415 0.7071498 2.229432 -0.9597228 2.229432 -0.9597228 1.997415 0.7071498 2.031727 -1.827399 1.583374 0.7064101 1.552919 0.865092 1.383029 -2.155765 1.383029 -2.155765 1.552919 0.865092 1.33587 0.9527193 1.552919 0.865092 1.508901 0.9527559 1.33587 0.9527193 0.8440272 0.9527559 0.790291 0.9527559 0.7913786 0.865092 0.790291 0.9527559 0.3902382 0.802844 0.7913786 0.865092 0.7913786 0.865092 0.3902382 0.802844 0.3946945 0.7280635 0.3902382 0.802844 0.09469974 0.7071498 0.3946945 0.7280635 0.3946945 0.7280635 0.09469974 0.7071498 -2.255193 0.9145873 0.09469974 0.7071498 -2.209047 1.15118 -2.255193 0.9145873 -2.255193 0.9145873 -2.209047 1.15118 -2.281707 1.168645 -0.7542554 0.9527559 -0.8177869 0.9527559 -0.7589552 0.865092 -0.8177869 0.9527559 -0.9555686 0.865092 -0.7589552 0.865092 -0.7589552 0.865092 -0.9555686 0.865092 -1.450906 1.794589 -0.9555686 0.865092 -1.373457 1.829167 -1.450906 1.794589 -1.450906 1.794589 -1.373457 1.829167 -1.528825 2.409671 -1.373457 1.829167 -1.35617 2.577885 -1.528825 2.409671 -1.528825 2.409671 -1.35617 2.577885 -1.405955 2.633615 1.693379 0.9527559 1.509032 0.9527559 1.69785 0.865092 1.509032 0.9527559 1.489276 0.865092 1.69785 0.865092 1.69785 0.865092 1.489276 0.865092 1.352888 0.7280821 1.489276 0.865092 1.140138 0.7324879 1.352888 0.7280821 1.352888 0.7280821 1.140138 0.7324879 -0.08038681 3.225091 1.140138 0.7324879 0.1573279 3.265059 -0.08038681 3.225091 -0.08038681 3.225091 0.1573279 3.265059 0.148137 3.33922 0.1548233 0.9527559 -0.2570975 0.8028365 0.1401655 0.865092 0.1401655 0.865092 -0.2570975 0.8028365 -0.2628054 0.7280678 -0.2570975 0.8028365 -0.5505422 0.7071498 -0.2628054 0.7280678 -0.2628054 0.7280678 -0.5505422 0.7071498 1.574614 3.070637 -0.5505422 0.7071498 1.792785 2.968133 1.574614 3.070637 1.574614 3.070637 1.792785 2.968133 1.827459 3.034331 1.921309 0.9527559 1.581907 0.8028398 2.106988 0.9533779 2.106988 0.9533779 1.581907 0.8028398 1.604255 0.7280972 1.581907 0.8028398 1.329396 0.7071498 1.604255 0.7280972 1.604255 0.7280972 1.329396 0.7071498 3.153901 1.3484 1.329396 0.7071498 3.2173 1.115836 3.153901 1.3484 3.153901 1.3484 3.2173 1.115836 3.290181 1.132353 0.4999843 0.9527559 0.4030618 0.9527559 0.4026986 0.865092 0.4030618 0.9527559 9.17058e-4 0.8028348 0.4026986 0.865092 0.4026986 0.865092 9.17058e-4 0.8028348 -6.99006e-4 0.7280604 9.17058e-4 0.8028348 -0.2955287 0.7071498 -6.99006e-4 0.7280604 -6.99006e-4 0.7280604 -0.2955287 0.7071498 3.164727 -0.3137574 -0.2955287 0.7071498 3.084418 -0.541037 3.164727 -0.3137574 3.164727 -0.3137574 3.084418 -0.541037 3.153734 -0.5689586 -1.105044 0.9527559 -1.26388 0.865092 -1.086608 0.865092 -1.086608 0.865092 -1.26388 0.865092 1.344501 -0.848911 -1.26388 0.865092 2.238087 -0.8165389 1.344501 -0.848911 1.344501 -0.848911 2.238087 -0.8165389 2.227163 -1.686294 2.238087 -0.8165389 2.031727 -1.827399 2.227163 -1.686294 2.227163 -1.686294 2.031727 -1.827399 2.072809 -1.889822 1.168777 -2.290819 1.383614 -2.221672 1.118739 0.8658776 1.383614 -2.221672 1.335871 0.952699 1.118739 0.8658776 1.118739 0.8658776 1.335871 0.952699 1.182141 0.9527559 1.154878 0.8963658 1.015817 0.9527559 0.9876348 0.853856 1.015817 0.9527559 0.6210297 0.8028449 0.9876348 0.853856 0.9876348 0.853856 0.6210297 0.8028449 0.5646329 0.7071498 0.6210297 0.8028449 0.3290265 0.7071498 0.5646329 0.7071498 0.5646329 0.7071498 0.3290265 0.7071498 -2.280717 0.6748912 0.3290265 0.7071498 -2.255193 0.9145873 -2.280717 0.6748912 -2.280717 0.6748912 -2.255193 0.9145873 -2.329091 0.9257069 -2.255193 0.9145873 -2.281707 1.168645 -2.329091 0.9257069 -2.329091 0.9257069 -2.281707 1.168645 -2.362693 1.188112 -2.124987 1.637727 -2.213502 1.406579 -2.142624 1.382899 -0.5089011 0.9527559 -0.548988 0.9527559 -0.5529186 0.865092 -0.548988 0.9527559 -0.9179313 0.8028432 -0.5529186 0.865092 -0.5529186 0.865092 -0.9179313 0.8028432 -0.9344698 0.7280796 -0.9179313 0.8028432 -1.63732 2.188473 -0.9344698 0.7280796 -0.9344698 0.7280796 -1.63732 2.188473 -1.686294 2.227163 -1.63732 2.188473 -1.528825 2.409671 -1.686294 2.227163 -1.686294 2.227163 -1.528825 2.409671 -1.58324 2.46089 -1.528825 2.409671 -1.405955 2.633615 -1.58324 2.46089 -1.58324 2.46089 -1.405955 2.633615 -1.461444 2.695733 -1.010019 2.929984 -1.214403 2.790371 -1.169622 2.730546 1.892242 0.9527559 1.817763 0.9527559 1.897459 0.865092 1.817763 0.9527559 1.69785 0.865092 1.897459 0.865092 1.897459 0.865092 1.69785 0.865092 1.571838 0.7280566 1.69785 0.865092 1.364977 0.7324936 1.571838 0.7280566 1.571838 0.7280566 1.364977 0.7324936 -0.3137574 3.164727 1.364977 0.7324936 -0.08038681 3.225091 -0.3137574 3.164727 -0.3137574 3.164727 -0.08038681 3.225091 -0.09595334 3.298182 -0.08038681 3.225091 0.148137 3.33922 -0.09595334 3.298182 -0.09595334 3.298182 0.148137 3.33922 0.1378931 3.42188 0.6423724 3.357395 0.3948613 3.359008 0.3976076 3.284329 0.3687322 0.9527559 0.1557525 0.9527559 0.3682404 0.865092 0.1557525 0.9527559 0.1401655 0.865092 0.3682404 0.865092 0.3682404 0.865092 0.1401655 0.865092 -0.03533184 0.7280604 0.1401655 0.865092 -0.2487259 0.7324906 -0.03533184 0.7280604 -0.03533184 0.7280604 -0.2487259 0.7324906 1.3484 3.153901 -0.2487259 0.7324906 1.574614 3.070637 1.3484 3.153901 1.3484 3.153901 1.574614 3.070637 1.603437 3.139585 1.574614 3.070637 1.827459 3.034331 1.603437 3.139585 1.603437 3.139585 1.827459 3.034331 1.866106 3.108114 2.244093 2.767844 2.041545 2.910107 2.001279 2.847154 2.10786 0.9527559 1.798499 0.8072975 2.114084 0.865092 2.114084 0.865092 1.798499 0.8072975 1.813877 0.7280875 1.798499 0.8072975 1.550542 0.7071498 1.813877 0.7280875 1.813877 0.7280875 1.550542 0.7071498 3.070637 1.574614 1.550542 0.7071498 3.153901 1.3484 3.070637 1.574614 3.070637 1.574614 3.153901 1.3484 3.225081 1.371155 3.153901 1.3484 3.290181 1.132353 3.225081 1.371155 3.225081 1.371155 3.290181 1.132353 3.371413 1.150763 3.357395 0.6423724 3.334396 0.8888179 3.26036 0.8786619 0.8442475 0.9527559 0.6312678 0.9527559 0.525554 0.8266667 0.6312678 0.9527559 0.2293229 0.8028476 0.525554 0.8266667 0.525554 0.8266667 0.2293229 0.8028476 0.165004 0.7071498 0.2293229 0.8028476 -0.06738579 0.7071498 0.165004 0.7071498 0.165004 0.7071498 -0.06738579 0.7071498 3.225091 -0.08038687 -0.06738579 0.7071498 3.164727 -0.3137574 3.225091 -0.08038687 3.225091 -0.08038687 3.164727 -0.3137574 3.236198 -0.3355832 3.164727 -0.3137574 3.153734 -0.5689586 3.236198 -0.3355832 3.236198 -0.3355832 3.153734 -0.5689586 3.230994 -0.60008 2.929984 -1.010019 3.051408 -0.7943329 2.984764 -0.7605244 -0.8177626 0.9527559 -0.8922422 0.9527559 -0.897459 0.865092 -0.8922422 0.9527559 -1.233654 0.8028466 -0.897459 0.865092 -0.897459 0.865092 -1.233654 0.8028466 1.512872 -0.7272764 -1.233654 0.8028466 2.366893 -1.483378 1.512872 -0.7272764 1.512872 -0.7272764 2.366893 -1.483378 2.409671 -1.528825 2.366893 -1.483378 2.227163 -1.686294 2.409671 -1.528825 2.409671 -1.528825 2.227163 -1.686294 2.273487 -1.744933 2.227163 -1.686294 2.072809 -1.889822 2.273487 -1.744933 2.273487 -1.744933 2.072809 -1.889822 2.1186 -1.959399 1.637727 -2.124987 1.860359 -2.016824 1.824826 -1.951083 0.9381008 -2.411456 1.168645 -2.281707 0.9095539 -0.6669743 1.168645 -2.281707 1.134347 -0.1180356 0.9095539 -0.6669743 0.9095539 -0.6669743 1.134347 -0.1180356 0.8925037 0.9527193 1.134347 -0.1180356 1.116493 0.9527559 0.8925037 0.9527193 -2.333489 -0.2285787 -2.305707 -0.05945253 -2.387392 -0.07574021 -2.387392 -0.07574021 -2.305707 -0.05945253 -2.42635 0.1759855 -2.530202 0.4716363 -2.531054 0.428056 -2.443404 0.4301364 -2.531054 0.428056 -2.42635 0.1759855 -2.443404 0.4301364 -2.443404 0.4301364 -2.42635 0.1759855 -2.343563 0.1851518 -2.42635 0.1759855 -2.234134 -0.2018753 -2.343563 0.1851518 -2.343563 0.1851518 -2.234134 -0.2018753 -2.232421 -0.04483938 -2.292502 1.432973 -2.213502 1.406579 -2.20141 1.670851 -2.213502 1.406579 -2.124987 1.637727 -2.20141 1.670851 -2.20141 1.670851 -2.124987 1.637727 -2.090098 1.899965 -2.00579 2.20398 -2.032635 2.166799 -1.959399 2.1186 -2.032635 2.166799 -2.090098 1.899965 -1.959399 2.1186 -1.959399 2.1186 -2.090098 1.899965 -2.016824 1.860359 -2.090098 1.899965 -2.124987 1.637727 -2.016824 1.860359 -2.016824 1.860359 -2.124987 1.637727 -2.056421 1.608009 -2.124987 1.637727 -2.142624 1.382899 -2.056421 1.608009 -2.056421 1.608009 -2.142624 1.382899 -0.3631215 0.7071498 -1.264316 2.857053 -1.214403 2.790371 -1.053982 3.00073 -1.214403 2.790371 -1.010019 2.929984 -1.053982 3.00073 -1.053982 3.00073 -1.010019 2.929984 -0.8320159 3.125689 -0.5874575 3.328354 -0.6328385 3.312319 -0.60008 3.230994 -0.6328385 3.312319 -0.8320159 3.125689 -0.60008 3.230994 -0.60008 3.230994 -0.8320159 3.125689 -0.7943329 3.051408 -0.8320159 3.125689 -1.010019 2.929984 -0.7943329 3.051408 -0.7943329 3.051408 -1.010019 2.929984 -0.970577 2.866512 -1.010019 2.929984 -1.169622 2.730546 -0.970577 2.866512 -0.970577 2.866512 -1.169622 2.730546 2.132221 0.7071498 0.3918003 3.442244 0.3948613 3.359008 0.6465174 3.440585 0.3948613 3.359008 0.6423724 3.357395 0.6465174 3.440585 0.6465174 3.440585 0.6423724 3.357395 0.9001378 3.416915 1.218769 3.443663 1.170142 3.456919 1.150763 3.371413 1.170142 3.456919 0.9001378 3.416915 1.150763 3.371413 1.150763 3.371413 0.9001378 3.416915 0.8888179 3.334396 0.9001378 3.416915 0.6423724 3.357395 0.8888179 3.334396 0.8888179 3.334396 0.6423724 3.357395 0.6386536 3.282759 0.6423724 3.357395 0.3976076 3.284329 0.6386536 3.282759 0.6386536 3.282759 0.3976076 3.284329 0.6000988 0.7071498 2.086425 2.980274 2.041545 2.910107 2.29487 2.83387 2.041545 2.910107 2.244093 2.767844 2.29487 2.83387 2.29487 2.83387 2.244093 2.767844 2.48988 2.669996 2.768502 2.50881 2.734615 2.549135 2.669996 2.48988 2.734615 2.549135 2.48988 2.669996 2.669996 2.48988 2.669996 2.48988 2.48988 2.669996 2.433586 2.608607 2.48988 2.669996 2.244093 2.767844 2.433586 2.608607 2.433586 2.608607 2.244093 2.767844 2.198537 2.708607 2.244093 2.767844 2.001279 2.847154 2.198537 2.708607 2.198537 2.708607 2.001279 2.847154 -0.9676497 0.7071498 -0.7239209 0.9527559 -0.8176616 0.9527559 -0.7285072 0.865092 -0.8176616 0.9527559 -0.9266348 0.865092 -0.7285072 0.865092 -0.7285072 0.865092 -0.9266348 0.865092 1.291253 2.133221 -0.9266348 0.865092 1.162885 1.922145 1.291253 2.133221 1.291253 2.133221 1.162885 1.922145 2.38308 2.553529 1.162885 1.922145 2.553529 2.38308 2.38308 2.553529 2.38308 2.553529 2.553529 2.38308 2.608607 2.433586 2.553529 2.38308 2.767844 2.244093 2.608607 2.433586 2.608607 2.433586 2.767844 2.244093 2.83387 2.29487 2.767844 2.244093 2.980274 2.086425 2.83387 2.29487 -0.9213091 0.9527559 -1.105718 0.9527559 -0.9266348 0.865092 -1.105718 0.9527559 -1.114084 0.865092 -0.9266348 0.865092 -0.9266348 0.865092 -1.114084 0.865092 1.368526 2.024333 -1.114084 0.865092 1.212767 1.812004 1.368526 2.024333 1.368526 2.024333 1.212767 1.812004 2.553529 2.38308 1.212767 1.812004 2.708607 2.198537 2.553529 2.38308 2.553529 2.38308 2.708607 2.198537 2.767844 2.244093 2.708607 2.198537 2.910107 2.041545 2.767844 2.244093 2.767844 2.244093 2.910107 2.041545 2.980274 2.086425 2.910107 2.041545 3.108114 1.866106 2.980274 2.086425 2.980274 2.086425 3.108114 1.866106 3.186211 1.905867 -1.282772 0.9527559 -1.363457 0.9527559 -1.289452 0.865092 -1.363457 0.9527559 2.289453 0.865092 -1.289452 0.865092 -1.289452 0.865092 2.289453 0.865092 2.561078 1.774219 2.289453 0.865092 2.023409 0.7325084 2.561078 1.774219 2.561078 1.774219 2.023409 0.7325084 2.847154 2.001279 2.023409 0.7325084 2.968133 1.792785 2.847154 2.001279 2.847154 2.001279 2.968133 1.792785 3.034331 1.827459 2.968133 1.792785 3.139585 1.603437 3.034331 1.827459 3.034331 1.827459 3.139585 1.603437 3.216433 1.635562 3.139585 1.603437 3.304419 1.396518 3.216433 1.635562 3.416915 0.9001378 3.334396 0.8888179 3.440585 0.6465174 3.334396 0.8888179 3.357395 0.6423724 3.440585 0.6465174 3.440585 0.6465174 3.357395 0.6423724 3.442244 0.3918003 3.508382 0.1240977 3.442244 0.3918003 3.42188 0.1378931 3.42188 0.1378931 3.442244 0.3918003 3.359008 0.3948613 3.442244 0.3918003 3.357395 0.6423724 3.359008 0.3948613 3.359008 0.3948613 3.357395 0.6423724 3.282759 0.6386536 3.357395 0.6423724 3.26036 0.8786619 3.282759 0.6386536 3.282759 0.6386536 3.26036 0.8786619 0.8701795 0.7071498 1.182069 0.9527559 1.083031 0.9527559 1.085216 0.865092 1.083031 0.9527559 0.6904146 0.8028467 1.085216 0.865092 1.085216 0.865092 0.6904146 0.8028467 0.6995312 0.7280843 0.6904146 0.8028467 0.3999012 0.7071498 0.6995312 0.7280843 0.6995312 0.7280843 0.3999012 0.7071498 3.284329 0.3976076 0.3999012 0.7071498 3.265059 0.1573279 3.284329 0.3976076 3.284329 0.3976076 3.265059 0.1573279 3.33922 0.148137 3.265059 0.1573279 3.298182 -0.09595334 3.33922 0.148137 3.33922 0.148137 3.298182 -0.09595334 3.379647 -0.1133038 3.298182 -0.09595334 3.315859 -0.35991 3.379647 -0.1133038 3.125689 -0.8320159 3.051408 -0.7943329 3.00073 -1.053982 3.051408 -0.7943329 2.929984 -1.010019 3.00073 -1.053982 3.00073 -1.053982 2.929984 -1.010019 2.857053 -1.264316 2.757557 -1.523508 2.857053 -1.264316 2.695733 -1.461444 2.695733 -1.461444 2.857053 -1.264316 2.790371 -1.214403 2.857053 -1.264316 2.929984 -1.010019 2.790371 -1.214403 2.790371 -1.214403 2.929984 -1.010019 2.866512 -0.970577 2.929984 -1.010019 2.984764 -0.7605244 2.866512 -0.970577 2.866512 -0.970577 2.984764 -0.7605244 -0.7322879 0.7071498 -0.5090317 0.9527559 -0.7623186 0.8401253 -0.489276 0.865092 -0.489276 0.865092 -0.7623186 0.8401253 -0.8741546 0.7280715 -0.7623186 0.8401253 -1.132221 0.7071498 -0.8741546 0.7280715 -0.8741546 0.7280715 -1.132221 0.7071498 2.730546 -1.169622 -1.132221 0.7071498 2.577885 -1.35617 2.730546 -1.169622 2.730546 -1.169622 2.577885 -1.35617 2.633615 -1.405955 2.577885 -1.35617 2.46089 -1.58324 2.633615 -1.405955 2.633615 -1.405955 2.46089 -1.58324 2.517979 -1.643891 2.46089 -1.58324 2.32512 -1.810291 2.517979 -1.643891 1.899965 -2.090098 1.860359 -2.016824 1.670851 -2.20141 1.860359 -2.016824 1.637727 -2.124987 1.670851 -2.20141 1.670851 -2.20141 1.637727 -2.124987 1.432973 -2.292502 1.201573 -2.44931 1.432973 -2.292502 1.188112 -2.362693 1.188112 -2.362693 1.432973 -2.292502 1.406579 -2.213502 1.432973 -2.292502 1.637727 -2.124987 1.406579 -2.213502 1.406579 -2.213502 1.637727 -2.124987 1.608009 -2.056421 1.637727 -2.124987 1.824826 -1.951083 1.608009 -2.056421 1.608009 -2.056421 1.824826 -1.951083 1.795149 0.7071498 -2.531054 0.428056 -2.513491 0.1663373 -2.42635 0.1759855 -2.42635 0.1759855 -2.513491 0.1663373 -2.387392 -0.07574021 -2.513491 0.1663373 -2.473373 -0.09288477 -2.387392 -0.07574021 -2.387392 -0.07574021 -2.473373 -0.09288477 -2.406135 -0.248104 -2.525928 0.6903136 -2.530202 0.4716363 -2.438427 0.6848103 -2.530202 0.4716363 -2.443404 0.4301364 -2.438427 0.6848103 -2.438427 0.6848103 -2.443404 0.4301364 -2.360135 0.4321129 -2.443404 0.4301364 -2.343563 0.1851518 -2.360135 0.4321129 -2.360135 0.4321129 -2.343563 0.1851518 -2.269288 0.1933758 -2.343563 0.1851518 -2.232421 -0.04483938 -2.269288 0.1933758 -2.269288 0.1933758 -2.232421 -0.04483938 1.032635 0.7071498 -2.232421 -0.04483938 -2.175869 -0.1862028 1.032635 0.7071498 1.032635 0.7071498 -2.175869 -0.1862028 1.176231 0.7068253 -2.498154 0.9511467 -2.510153 0.8384627 -2.411456 0.9381008 -2.510153 0.8384627 -2.438427 0.6848103 -2.411456 0.9381008 -2.411456 0.9381008 -2.438427 0.6848103 -2.355298 0.679582 -2.438427 0.6848103 -2.360135 0.4321129 -2.355298 0.679582 -2.355298 0.679582 -2.360135 0.4321129 -2.285427 0.4338861 -2.360135 0.4321129 -2.269288 0.1933758 -2.285427 0.4338861 -2.285427 0.4338861 -2.269288 0.1933758 0.7997556 0.7071498 -2.269288 0.1933758 1.032635 0.7071498 0.7997556 0.7071498 0.7997556 0.7071498 1.032635 0.7071498 1.023451 0.7818298 1.032635 0.7071498 1.173091 0.7227486 1.023451 0.7818298 1.023451 0.7818298 1.173091 0.7227486 1.165432 0.7705762 -2.448041 1.208078 -2.411456 0.9381008 -2.362693 1.188112 -2.362693 1.188112 -2.411456 0.9381008 -2.329091 0.9257069 -2.411456 0.9381008 -2.355298 0.679582 -2.329091 0.9257069 -2.329091 0.9257069 -2.355298 0.679582 -2.280717 0.6748912 -2.355298 0.679582 -2.285427 0.4338861 -2.280717 0.6748912 -2.280717 0.6748912 -2.285427 0.4338861 0.6426464 0.7324855 -2.285427 0.4338861 0.7997556 0.7071498 0.6426464 0.7324855 0.7997556 0.7071498 1.159823 0.8225145 0.6426464 0.7324855 0.6426464 0.7324855 1.159823 0.8225145 1.01775 0.865092 -0.1256173 0.7818298 -0.3459969 0.7006469 -1.852849 1.076497 -0.3459969 0.7006469 -2.37637 1.460994 -1.852849 1.076497 -1.852849 1.076497 -2.37637 1.460994 -2.447939 1.208603 -2.032635 2.166799 -2.167218 1.94167 -2.090098 1.899965 -2.090098 1.899965 -2.167218 1.94167 -2.20141 1.670851 -2.167218 1.94167 -2.281853 1.705717 -2.20141 1.670851 -2.20141 1.670851 -2.281853 1.705717 -2.292502 1.432973 -2.281853 1.705717 -2.375658 1.460756 -2.292502 1.432973 -1.879088 2.379469 -2.00579 2.20398 -1.810291 2.32512 -2.00579 2.20398 -1.959399 2.1186 -1.810291 2.32512 -1.810291 2.32512 -1.959399 2.1186 -1.889822 2.072809 -1.959399 2.1186 -2.016824 1.860359 -1.889822 2.072809 -1.889822 2.072809 -2.016824 1.860359 -1.951083 1.824826 -2.016824 1.860359 -2.056421 1.608009 -1.951083 1.824826 -1.951083 1.824826 -2.056421 1.608009 -0.5831892 0.7071498 -2.056421 1.608009 -0.2966136 0.7280623 -0.5831892 0.7071498 -0.5831892 0.7071498 -0.2966136 0.7280623 -0.2903413 0.8028411 -0.2966136 0.7280623 0.1060262 0.865092 -0.2903413 0.8028411 -0.2903413 0.8028411 0.1060262 0.865092 0.1074969 0.9527559 0.1060262 0.865092 0.1558741 0.9527559 0.1074969 0.9527559 -1.707732 2.578071 -1.780277 2.493991 -1.643891 2.517979 -1.780277 2.493991 -1.810291 2.32512 -1.643891 2.517979 -1.643891 2.517979 -1.810291 2.32512 -1.744933 2.273487 -1.810291 2.32512 -1.889822 2.072809 -1.744933 2.273487 -1.744933 2.273487 -1.889822 2.072809 -1.827399 2.031727 -1.889822 2.072809 -1.951083 1.824826 -1.827399 2.031727 -1.827399 2.031727 -1.951083 1.824826 -0.7168889 0.7324905 -1.951083 1.824826 -0.5173565 0.7280751 -0.7168889 0.7324905 -0.7168889 0.7324905 -0.5173565 0.7280751 -0.3390008 0.865092 -0.5173565 0.7280751 -0.1188031 0.865092 -0.3390008 0.865092 -0.3390008 0.865092 -0.1188031 0.865092 -0.1821409 0.9527559 -0.1188031 0.865092 -0.1164931 0.9527559 -0.1821409 0.9527559 -1.520122 2.760856 -1.643891 2.517979 -1.461444 2.695733 -1.461444 2.695733 -1.643891 2.517979 -1.58324 2.46089 -1.643891 2.517979 -1.744933 2.273487 -1.58324 2.46089 -1.58324 2.46089 -1.744933 2.273487 -1.686294 2.227163 -1.744933 2.273487 -1.827399 2.031727 -1.686294 2.227163 -1.686294 2.227163 -1.827399 2.031727 -0.9211903 0.7324951 -1.827399 2.031727 -0.7305372 0.7280712 -0.9211903 0.7324951 -0.9211903 0.7324951 -0.7305372 0.7280712 -0.5529186 0.865092 -0.7305372 0.7280712 -0.3390008 0.865092 -0.5529186 0.865092 -0.5529186 0.865092 -0.3390008 0.865092 -0.5089011 0.9527559 -0.3390008 0.865092 -0.3358688 0.9527559 -0.5089011 0.9527559 2.283304 0.7818298 2.163999 0.6876758 -1.390629 2.616459 2.163999 0.6876758 -1.317304 2.927843 -1.390629 2.616459 -1.390629 2.616459 -1.317304 2.927843 -1.519853 2.761118 -0.6328385 3.312319 -0.8716724 3.203882 -0.8320159 3.125689 -0.8320159 3.125689 -0.8716724 3.203882 -1.053982 3.00073 -0.8716724 3.203882 -1.100256 3.075197 -1.053982 3.00073 -1.053982 3.00073 -1.100256 3.075197 -1.264316 2.857053 -1.100256 3.075197 -1.316854 2.927242 -1.264316 2.857053 -0.3855168 3.39971 -0.5874575 3.328354 -0.3599101 3.315859 -0.5874575 3.328354 -0.60008 3.230994 -0.3599101 3.315859 -0.3599101 3.315859 -0.60008 3.230994 -0.5689586 3.153734 -0.60008 3.230994 -0.7943329 3.051408 -0.5689586 3.153734 -0.5689586 3.153734 -0.7943329 3.051408 -0.7605244 2.984764 -0.7943329 3.051408 -0.970577 2.866512 -0.7605244 2.984764 -0.7605244 2.984764 -0.970577 2.866512 1.994098 0.7324838 -0.970577 2.866512 2.174592 0.728094 1.994098 0.7324838 1.994098 0.7324838 2.174592 0.728094 2.26388 0.865092 2.174592 0.728094 -1.314721 0.865092 2.26388 0.865092 2.26388 0.865092 -1.314721 0.865092 -1.363595 0.9527559 -1.314721 0.865092 -1.307946 0.9527559 -1.363595 0.9527559 -0.1315669 3.465398 -0.2368783 3.438158 -0.1133038 3.379647 -0.2368783 3.438158 -0.3599101 3.315859 -0.1133038 3.379647 -0.1133038 3.379647 -0.3599101 3.315859 -0.3355832 3.236198 -0.3599101 3.315859 -0.5689586 3.153734 -0.3355832 3.236198 -0.3355832 3.236198 -0.5689586 3.153734 -0.541037 3.084418 -0.5689586 3.153734 -0.7605244 2.984764 -0.541037 3.084418 -0.541037 3.084418 -0.7605244 2.984764 1.79359 0.7325048 -0.7605244 2.984764 1.984247 0.7280639 1.79359 0.7325048 1.79359 0.7325048 1.984247 0.7280639 2.086607 0.865092 1.984247 0.7280639 2.26388 0.865092 2.086607 0.865092 2.086607 0.865092 2.26388 0.865092 2.105044 0.9527559 2.26388 0.865092 2.257296 0.9527559 2.105044 0.9527559 0.1268921 3.508852 -0.1133038 3.379647 0.1378931 3.42188 0.1378931 3.42188 -0.1133038 3.379647 -0.09595334 3.298182 -0.1133038 3.379647 -0.3355832 3.236198 -0.09595334 3.298182 -0.09595334 3.298182 -0.3355832 3.236198 -0.3137574 3.164727 -0.3355832 3.236198 -0.541037 3.084418 -0.3137574 3.164727 -0.3137574 3.164727 -0.541037 3.084418 1.517717 0.7071498 -0.541037 3.084418 1.78292 0.7280915 1.517717 0.7071498 1.517717 0.7071498 1.78292 0.7280915 1.758096 0.8028468 1.78292 0.7280915 2.086607 0.865092 1.758096 0.8028468 1.758096 0.8028468 2.086607 0.865092 2.080685 0.9527559 0.8292201 0.7818298 0.6020474 0.6823489 0.2863129 2.812178 0.6020474 0.6823489 0.3885507 3.530609 0.2863129 2.812178 0.2863129 2.812178 0.3885507 3.530609 0.1271102 3.508889 1.170142 3.456919 0.9120549 3.503776 0.9001378 3.416915 0.9001378 3.416915 0.9120549 3.503776 0.6465174 3.440585 0.9120549 3.503776 0.6508805 3.52815 0.6465174 3.440585 0.6465174 3.440585 0.6508805 3.52815 0.3918003 3.442244 0.6508805 3.52815 0.3885784 3.529859 0.3918003 3.442244 1.423214 3.387929 1.218769 3.443663 1.396518 3.304419 1.218769 3.443663 1.150763 3.371413 1.396518 3.304419 1.396518 3.304419 1.150763 3.371413 1.132353 3.290181 1.150763 3.371413 0.8888179 3.334396 1.132353 3.290181 1.132353 3.290181 0.8888179 3.334396 0.8786619 3.26036 0.8888179 3.334396 0.6386536 3.282759 0.8786619 3.26036 0.8786619 3.26036 0.6386536 3.282759 0.4438453 0.7324963 0.6386536 3.282759 0.6642891 0.7280721 0.4438453 0.7324963 0.4438453 0.7324963 0.6642891 0.7280721 0.8256342 0.865092 0.6642891 0.7280721 1.05153 0.865092 0.8256342 0.865092 0.8256342 0.865092 1.05153 0.865092 0.8441702 0.9527559 1.05153 0.865092 1.049471 0.9527559 0.8441702 0.9527559 1.669377 3.297323 1.569427 3.334112 1.635562 3.216433 1.569427 3.334112 1.396518 3.304419 1.635562 3.216433 1.635562 3.216433 1.396518 3.304419 1.371155 3.225081 1.396518 3.304419 1.132353 3.290181 1.371155 3.225081 1.371155 3.225081 1.132353 3.290181 1.115836 3.2173 1.132353 3.290181 0.8786619 3.26036 1.115836 3.2173 1.115836 3.2173 0.8786619 3.26036 0.1298205 0.7071498 0.8786619 3.26036 0.430007 0.7280784 0.1298205 0.7071498 0.1298205 0.7071498 0.430007 0.7280784 0.4249624 0.8028422 0.430007 0.7280784 0.8256342 0.865092 0.4249624 0.8028422 0.4249624 0.8028422 0.8256342 0.865092 0.8429439 0.9527559 1.90672 3.185811 1.635562 3.216433 1.866106 3.108114 1.866106 3.108114 1.635562 3.216433 1.603437 3.139585 1.635562 3.216433 1.371155 3.225081 1.603437 3.139585 1.603437 3.139585 1.371155 3.225081 1.3484 3.153901 1.371155 3.225081 1.115836 3.2173 1.3484 3.153901 1.3484 3.153901 1.115836 3.2173 -0.02124035 0.7324774 1.115836 3.2173 0.1961732 0.7280606 -0.02124035 0.7324774 -0.02124035 0.7324774 0.1961732 0.7280606 0.3682404 0.865092 0.1961732 0.7280606 0.5973014 0.865092 0.3682404 0.865092 0.3682404 0.865092 0.5973014 0.865092 0.5000157 0.9527559 0.5973014 0.865092 0.5969382 0.9527559 0.5000157 0.9527559 -0.7420352 0.7818298 -0.9962071 0.6865656 1.306557 2.56872 -0.9962071 0.6865656 2.13407 3.054765 1.306557 2.56872 1.306557 2.56872 2.13407 3.054765 1.906786 3.18578 2.734615 2.549135 2.549129 2.73462 2.48988 2.669996 2.48988 2.669996 2.549129 2.73462 2.29487 2.83387 2.549129 2.73462 2.348318 2.903368 2.29487 2.83387 2.29487 2.83387 2.348318 2.903368 2.086425 2.980274 2.348318 2.903368 2.133666 3.054133 2.086425 2.980274 -0.5098747 0.9527559 -0.8883743 0.8028443 -0.521184 0.865092 -0.521184 0.865092 -0.8883743 0.8028443 -0.9044391 0.728073 -0.8883743 0.8028443 2.160488 2.659133 -0.9044391 0.728073 -0.9044391 0.728073 2.160488 2.659133 2.198537 2.708607 2.160488 2.659133 2.38308 2.553529 2.198537 2.708607 2.198537 2.708607 2.38308 2.553529 2.433586 2.608607 2.38308 2.553529 2.608607 2.433586 2.433586 2.608607 2.433586 2.608607 2.608607 2.433586 2.669996 2.48988 2.608607 2.433586 2.83387 2.29487 2.669996 2.48988 2.669996 2.48988 2.83387 2.29487 2.768502 2.50881 3.18578 1.906786 3.054139 2.133657 2.980274 2.086425 2.980274 2.086425 3.054139 2.133657 2.83387 2.29487 3.054139 2.133657 2.903368 2.348318 2.83387 2.29487 2.83387 2.29487 2.903368 2.348318 2.768502 2.50881 3.297323 1.669377 3.186262 1.905759 3.216433 1.635562 3.186262 1.905759 3.108114 1.866106 3.216433 1.635562 3.216433 1.635562 3.108114 1.866106 3.034331 1.827459 3.108114 1.866106 2.910107 2.041545 3.034331 1.827459 3.034331 1.827459 2.910107 2.041545 2.847154 2.001279 2.910107 2.041545 2.708607 2.198537 2.847154 2.001279 2.847154 2.001279 2.708607 2.198537 2.659133 2.160488 2.708607 2.198537 1.43876 1.904319 2.659133 2.160488 2.659133 2.160488 1.43876 1.904319 1.401132 0.8028391 1.43876 1.904319 -1.114084 0.865092 1.401132 0.8028391 1.401132 0.8028391 -1.114084 0.865092 -1.105891 0.9527559 3.304419 1.396518 3.387929 1.423214 3.216433 1.635562 3.387929 1.423214 3.297323 1.669377 3.216433 1.635562 3.456919 1.170142 3.443663 1.218769 3.371413 1.150763 3.443663 1.218769 3.144556 1.597197 3.371413 1.150763 3.371413 1.150763 3.144556 1.597197 3.225081 1.371155 3.225081 1.371155 3.144556 1.597197 3.070637 1.574614 3.144556 1.597197 2.968133 1.792785 3.070637 1.574614 3.070637 1.574614 2.968133 1.792785 1.763826 0.7071498 2.968133 1.792785 2.013711 0.7280978 1.763826 0.7071498 1.763826 0.7071498 2.013711 0.7280978 1.985657 0.8028282 2.013711 0.7280978 2.289453 0.865092 1.985657 0.8028282 1.985657 0.8028282 2.289453 0.865092 2.282772 0.9527559 2.289453 0.865092 -1.363457 0.9527559 2.282772 0.9527559 1.09166 0.7818298 0.8471745 0.7054991 2.85238 1.047428 0.8471745 0.7054991 3.50452 0.9121553 2.85238 1.047428 2.85238 1.047428 3.50452 0.9121553 3.456919 1.170142 3.508889 0.1271102 3.529859 0.3885756 3.442244 0.3918003 3.442244 0.3918003 3.529859 0.3885756 3.440585 0.6465174 3.529859 0.3885756 3.52815 0.6508805 3.440585 0.6465174 3.440585 0.6465174 3.52815 0.6508805 3.416915 0.9001378 3.52815 0.6508805 3.503776 0.9120533 3.416915 0.9001378 3.465398 -0.131567 3.508324 0.1237525 3.379647 -0.1133038 3.508324 0.1237525 3.42188 0.1378931 3.379647 -0.1133038 3.379647 -0.1133038 3.42188 0.1378931 3.33922 0.148137 3.42188 0.1378931 3.359008 0.3948613 3.33922 0.148137 3.33922 0.148137 3.359008 0.3948613 3.284329 0.3976076 3.359008 0.3948613 3.282759 0.6386536 3.284329 0.3976076 3.284329 0.3976076 3.282759 0.6386536 0.6355476 0.7071498 3.282759 0.6386536 0.9321821 0.7280562 0.6355476 0.7071498 0.6355476 0.7071498 0.9321821 0.7280562 0.9196901 0.8028478 0.9321821 0.7280562 1.511174 0.9535575 0.9196901 0.8028478 0.9196901 0.8028478 1.511174 0.9535575 1.303208 0.9527559 3.315859 -0.35991 3.39971 -0.3855168 3.379647 -0.1133038 3.39971 -0.3855168 3.465398 -0.1315668 3.379647 -0.1133038 3.312319 -0.6328385 3.328354 -0.5874575 3.230994 -0.60008 3.328354 -0.5874575 3.298883 -0.1064193 3.230994 -0.60008 3.230994 -0.60008 3.298883 -0.1064193 3.236198 -0.3355832 3.236198 -0.3355832 3.298883 -0.1064193 3.225091 -0.08038687 3.298883 -0.1064193 3.265059 0.1573279 3.225091 -0.08038687 3.225091 -0.08038687 3.265059 0.1573279 0.165004 0.7071498 3.265059 0.1573279 0.465215 0.7280561 0.165004 0.7071498 0.165004 0.7071498 0.465215 0.7280561 0.5227897 0.8256666 0.465215 0.7280561 0.8598346 0.865092 0.5227897 0.8256666 0.5227897 0.8256666 0.8598346 0.865092 0.8571727 0.9527559 -0.5001696 0.7818298 -0.7680574 0.7212733 2.41647 -0.3129438 -0.7680574 0.7212733 3.204546 -0.8720206 2.41647 -0.3129438 2.41647 -0.3129438 3.204546 -0.8720206 3.312319 -0.6328385 2.761118 -1.519853 2.927243 -1.316852 2.857053 -1.264316 2.857053 -1.264316 2.927243 -1.316852 3.00073 -1.053982 2.927243 -1.316852 3.075197 -1.100256 3.00073 -1.053982 3.00073 -1.053982 3.075197 -1.100256 3.125689 -0.8320159 3.075197 -1.100256 3.203877 -0.871681 3.125689 -0.8320159 2.578071 -1.707732 2.757158 -1.523917 2.517979 -1.643891 2.757158 -1.523917 2.695733 -1.461444 2.517979 -1.643891 2.517979 -1.643891 2.695733 -1.461444 2.633615 -1.405955 2.695733 -1.461444 2.790371 -1.214403 2.633615 -1.405955 2.633615 -1.405955 2.790371 -1.214403 2.730546 -1.169622 2.790371 -1.214403 2.866512 -0.970577 2.730546 -1.169622 2.730546 -1.169622 2.866512 -0.970577 -0.9376349 0.7071498 2.866512 -0.970577 -0.6672686 0.7280687 -0.9376349 0.7071498 -0.9376349 0.7071498 -0.6672686 0.7280687 -0.6550635 0.8028467 -0.6672686 0.7280687 -0.2732969 0.865092 -0.6550635 0.8028467 -0.6550635 0.8028467 -0.2732969 0.865092 -0.2704101 0.9527559 -0.2732969 0.865092 -0.1821182 0.9527559 -0.2704101 0.9527559 2.32512 -1.810291 2.379469 -1.879088 2.517979 -1.643891 2.379469 -1.879088 2.578071 -1.707732 2.517979 -1.643891 2.166799 -2.032635 2.20398 -2.00579 2.1186 -1.959399 2.20398 -2.00579 2.453763 -1.595158 2.1186 -1.959399 2.1186 -1.959399 2.453763 -1.595158 2.273487 -1.744933 2.273487 -1.744933 2.453763 -1.595158 2.409671 -1.528825 2.453763 -1.595158 2.577885 -1.35617 2.409671 -1.528825 2.409671 -1.528825 2.577885 -1.35617 2.531339 -1.314591 2.577885 -1.35617 -1.132221 0.7071498 2.531339 -1.314591 2.531339 -1.314591 -1.132221 0.7071498 -1.051931 0.8028439 -1.132221 0.7071498 -0.7461295 0.8463949 -1.051931 0.8028439 -1.051931 0.8028439 -0.7461295 0.8463949 -0.6933788 0.9527559 -0.7461295 0.8463949 -0.5090317 0.9527559 -0.6933788 0.9527559 1.971597 0.7818298 1.794863 0.732732 2.060164 -1.369074 1.794863 0.732732 1.94201 -2.167886 2.060164 -1.369074 2.060164 -1.369074 1.94201 -2.167886 2.166799 -2.032635 1.208603 -2.447939 1.460755 -2.375658 1.432973 -2.292502 1.432973 -2.292502 1.460755 -2.375658 1.670851 -2.20141 1.460755 -2.375658 1.705717 -2.281853 1.670851 -2.20141 1.670851 -2.20141 1.705717 -2.281853 1.899965 -2.090098 1.705717 -2.281853 1.941653 -2.167226 1.899965 -2.090098 0.9511467 -2.498154 1.200805 -2.44946 0.9381008 -2.411456 1.200805 -2.44946 1.188112 -2.362693 0.9381008 -2.411456 0.9381008 -2.411456 1.188112 -2.362693 1.168645 -2.281707 1.188112 -2.362693 1.406579 -2.213502 1.168645 -2.281707 1.168645 -2.281707 1.406579 -2.213502 1.382899 -2.142624 1.406579 -2.213502 1.608009 -2.056421 1.382899 -2.142624 1.382899 -2.142624 1.608009 -2.056421 1.647528 0.7324878 1.608009 -2.056421 1.844579 0.7280705 1.647528 0.7324878 1.647528 0.7324878 1.844579 0.7280705 1.955569 0.865092 1.844579 0.7280705 2.141287 0.865092 1.955569 0.865092 1.955569 0.865092 2.141287 0.865092 2.104999 0.9527559 0.8441259 0.9527559 0.666177 0.8659355 0.8939738 0.865092 0.8939738 0.865092 0.666177 0.8659355 0.9120776 -0.8424488 0.666177 0.8659355 0.6768403 -1.388852 0.9120776 -0.8424488 0.9120776 -0.8424488 0.6768403 -1.388852 0.9381008 -2.411456 0.6768403 -1.388852 0.6903136 -2.525928 0.9381008 -2.411456 0.9381008 -2.411456 0.6903136 -2.525928 0.8384627 -2.510153 0.4301364 -2.443404 0.428056 -2.531054 0.4716363 -2.530202 0.4371733 0.865092 0.4346888 -0.6812674 0.6655687 0.9532807 0.6655687 0.9532807 0.4346888 -0.6812674 0.678138 -1.741198 0.4346888 -0.6812674 0.4301364 -2.443404 0.678138 -1.741198 0.4301364 -2.443404 0.4716363 -2.530202 0.678138 -1.741198 0.678138 -1.741198 0.4716363 -2.530202 0.6903136 -2.525928 0.2086531 0.8659151 0.1899586 -1.380797 0.4374104 0.9532807 0.4374104 0.9532807 0.1899586 -1.380797 0.4326587 -1.745064 0.1899586 -1.380797 0.1663368 -2.513491 0.4326587 -1.745064 0.4326587 -1.745064 0.1663368 -2.513491 0.428056 -2.531054 0.1559728 0.9527559 -0.01769167 0.8659384 0.2086214 0.865092 0.2086214 0.865092 -0.01769167 0.8659384 0.1952319 -0.8498684 -0.01769167 0.8659384 -0.05091124 -1.354913 0.1952319 -0.8498684 0.1952319 -0.8498684 -0.05091124 -1.354913 0.1759855 -2.42635 -0.05091124 -1.354913 -0.09288477 -2.473373 0.1759855 -2.42635 0.1759855 -2.42635 -0.09288477 -2.473373 0.1053055 -2.504046 -0.2558692 0.5590554 -0.2558656 0.5000002 0.2935106 0.5590553 -0.2558656 0.5000002 0.3008913 0.5000002 0.2935106 0.5590553 0.2935106 0.5590553 0.3008913 0.5000002 0.9173031 0.5590553 0.3008913 0.5000002 0.9824687 0.5000002 0.9173031 0.5590553 0.9173031 0.5590553 0.9824687 0.5000002 1.554906 0.5590553 0.9824687 0.5000002 1.897713 0.5000002 1.554906 0.5590553 1.554906 0.5590553 1.897713 0.5000002 2.196024 0.5590553 1.897713 0.5000002 1.022518 0.5000002 2.196024 0.5590553 2.196024 0.5590553 1.022518 0.5000002 -1.421216 0.5590553 1.022518 0.5000002 -0.9045465 0.5000002 -1.421216 0.5590553 -1.421216 0.5590553 -0.9045465 0.5000002 -0.8315661 0.5590553 -0.8315661 0.5590553 -0.9045465 0.5000002 -0.1619085 0.5590553 -0.9045465 0.5000002 -0.09810036 0.5000002 -0.1619085 0.5590553 -0.1619085 0.5590553 -0.09810036 0.5000002 0.6175292 0.5590553 -0.09810036 0.5000002 0.6832056 0.5000002 0.6175292 0.5590553 0.6175292 0.5590553 0.6832056 0.5000002 1.513189 0.5590553 0.6832056 0.5000002 1.452268 0.5000002 1.513189 0.5590553 1.452268 0.5000002 2.023232 0.5000002 1.513189 0.5590553 1.513189 0.5590553 2.023232 0.5000002 2.31816 0.5590553 2.023232 0.5000002 0.5297955 0.5000002 2.31816 0.5590553 2.31816 0.5590553 0.5297955 0.5000002 -1.471937 0.5590553 -1.471937 0.5590553 0.5297955 0.5000002 -1.023171 0.5590553 0.5297955 0.5000002 -1.016835 0.5000002 -1.023171 0.5590553 -1.023171 0.5590553 -1.016835 0.5000002 -0.4520738 0.5590553 -1.016835 0.5000002 -0.3899332 0.5000002 -0.4520738 0.5590553 -0.4520738 0.5590553 -0.3899332 0.5000002 0.1883506 0.5590553 -0.3899332 0.5000002 0.3821547 0.5000002 0.1883506 0.5590553 0.1883506 0.5590553 0.3821547 0.5000002 0.7387104 0.5590553 0.3821547 0.5000002 1.28661 0.5000002 0.7387104 0.5590553 0.7387104 0.5590553 1.28661 0.5000002 1.352215 0.5590553 1.352215 0.5590553 1.28661 0.5000002 2.068817 0.5590553 1.28661 0.5000002 2.123875 0.5000002 2.068817 0.5590553 2.068817 0.5590553 2.123875 0.5000002 -0.02241837 0.5590553 2.123875 0.5000002 -0.2498453 0.5000002 -0.02241837 0.5590553 -0.02241837 0.5590553 -0.2498453 0.5000002 -0.8977357 0.5590553 -0.2498453 0.5000002 -1.051049 0.5000002 -0.8977357 0.5590553 -1.051049 0.5000002 -0.2610246 0.5000002 -0.8977357 0.5590553 -0.8977357 0.5590553 -0.2610246 0.5000002 0.01751959 0.5590553 -0.2610246 0.5000002 0.6483047 0.5000002 0.01751959 0.5590553 0.01751959 0.5590553 0.6483047 0.5000002 0.6991105 0.5590553 0.6991105 0.5590553 0.6483047 0.5000002 1.255865 0.5590553 0.6483047 0.5000002 1.255869 0.5000002 1.255865 0.5590553 0.836325 0.9527559 0.7837914 0.9527559 0.7850421 0.851951 0.5000376 0.9527559 0.3381314 0.9527559 0.337418 0.851951 0.1635784 0.9527559 0.1162839 0.9527559 0.1145929 0.851951 -0.4863138 0.9527559 -0.5255034 0.9527559 -0.5300229 0.851951 -0.7882843 0.9527559 -0.9176695 0.9527559 -0.9239172 0.851951 -1.321872 0.9527559 2.217953 0.9527559 2.225524 0.851951 1.78826 0.9527559 1.666661 0.9527559 1.671803 0.851951 0.5000154 0.9527559 0.3716709 0.9527559 0.3711053 0.851951 -0.1667986 0.9527559 -0.2852255 0.9527559 -0.2886859 0.851951 -0.7881616 0.9527559 -0.8894888 0.9527559 -0.8956124 0.851951 2.069769 0.9527559 1.889489 0.9527559 1.895612 0.851951 1.48672 0.9527559 1.285225 0.9527559 1.288686 0.851951 0.8365405 0.9527559 0.6283291 0.9527559 0.6288947 0.851951 0.1635351 0.9527559 -0.03716897 0.9527559 -0.03953635 0.851951 -0.4864414 0.9527559 -0.6666611 0.9527559 -0.6718026 0.851951 -1.06911 0.9527559 -1.217953 0.9527559 -1.225524 0.851951 2.069066 0.9527559 1.91767 0.9527559 1.923917 0.851951 1.486314 0.9527559 1.317156 0.9527559 1.320757 0.851951 0.8364216 0.9527559 0.6618686 0.9527559 0.662582 0.851951 0.1636749 0.9527559 -0.004268288 0.9527559 -0.006490588 0.851951 0.8946945 -2.504046 1.092884 -2.473373 1.07317 -2.374504 0.5283637 -2.530202 0.5719435 -2.531054 0.5695513 -2.430266 -0.2008052 -2.44946 0.04885274 -2.498154 0.06385403 -2.398461 -1.20398 -2.00579 -1.166799 -2.032635 -1.111376 -1.948421 -1.757158 -1.523917 -1.578071 -1.707732 -1.508972 -1.634322 -1.983472 -1.234536 -1.927242 -1.316854 -1.846533 -1.256441 -2.328354 -0.5874575 -2.312319 -0.6328382 -2.218806 -0.5951698 -2.529195 0.490538 -2.529859 0.3885785 -2.429112 0.3922834 -2.443663 1.218769 -2.456919 1.170142 -2.358598 1.147859 -2.186262 1.905759 -2.297323 1.669377 -2.204309 1.630494 -1.994223 2.218963 -2.054133 2.133666 -1.969204 2.079345 -1.50881 2.768502 -1.549135 2.734615 -1.480999 2.660311 0.1426531 3.508882 0.08794659 3.503776 0.101648 3.403897 1.587458 3.328354 1.385517 3.399711 1.356072 3.303291 3.193222 1.888147 3.167226 1.941653 3.078537 1.893716 3.504046 0.1053055 3.513491 0.1663374 3.413289 0.1774321 3.280579 -0.05444145 3.203835 -0.1940917 3.374504 -0.07316994 3.203835 -0.1940917 3.338704 -0.2301274 3.374504 -0.07316994 3.280579 -0.05444145 3.196311 -0.03763866 3.203816 -0.1940867 3.203816 -0.1940867 3.196311 -0.03763866 3.163841 -0.1834075 -0.0236054 0.6703296 -0.164783 0.6699356 3.196311 -0.03763866 -0.164783 0.6699356 3.163837 -0.1834064 3.196311 -0.03763866 -0.01304602 0.7562068 -0.145774 0.8028637 -0.0236054 0.6703296 -0.145774 0.8028637 -0.1647827 0.6699371 -0.0236054 0.6703296 -0.01304602 0.7562068 -0.006490588 0.851951 -0.1457707 0.8028913 -0.1457707 0.8028913 -0.006490588 0.851951 -0.1424038 0.8521932 -0.004268288 0.9527559 -0.1391857 0.9527559 -0.006490588 0.851951 -0.1391857 0.9527559 -0.1424035 0.8521985 -0.006490588 0.851951 3.173247 1.142575 3.188203 1.158909 1.134099 0.6703367 3.173247 1.142575 3.254444 1.173367 3.18835 1.158949 3.28475 1.307431 3.31538 1.193119 3.349916 1.185041 3.189199 1.39846 3.233516 1.293755 3.280038 1.428809 3.349916 1.185041 3.31538 1.193119 3.256793 1.162657 3.31538 1.193119 3.253748 1.176542 3.256793 1.162657 3.107702 1.371232 3.111496 1.261193 3.189199 1.39846 3.189199 1.39846 3.111496 1.261193 3.223086 1.290971 1.33138 0.7562068 1.237661 0.7456205 1.348491 0.6703296 1.237661 0.7456205 3.111251 1.261118 1.348491 0.6703296 1.348491 0.6703296 3.111251 1.261118 3.107702 1.371232 1.320757 0.851951 1.229112 0.8298717 1.33138 0.7562068 1.33138 0.7562068 1.229112 0.8298717 1.236458 0.7564677 1.317156 0.9527559 1.224731 0.9527559 1.320757 0.851951 1.224731 0.9527559 1.227909 0.8521583 1.320757 0.851951 -0.253162 0.9527559 -0.2564811 0.851951 -0.2279087 0.85216 -0.2662722 0.7562068 -0.227907 0.8521853 -0.2564811 0.851951 -0.2662722 0.7562068 -0.2820435 0.6703296 -0.2502253 0.67034 1.273509 3.157654 -0.2543801 0.6636279 1.303003 3.129513 1.303003 3.129513 -0.2543801 0.6636279 -0.2820435 0.6703296 1.303003 3.129513 1.328099 3.211692 1.273508 3.157649 1.273508 3.157649 1.328099 3.211692 1.290971 3.223086 1.193119 3.31538 1.307431 3.28475 1.356072 3.303291 1.193119 3.31538 1.110566 3.366794 1.176543 3.253749 1.110566 3.366794 1.090616 3.27312 1.176543 3.253749 1.356072 3.303291 1.307431 3.28475 1.328099 3.211692 1.307431 3.28475 1.290971 3.223087 1.328099 3.211692 1.072717 3.189079 1.146538 3.142226 1.090616 3.27312 1.090616 3.27312 1.146538 3.142226 1.176542 3.253747 1.146526 3.142182 1.072717 3.189079 -0.1354807 0.6703379 1.072717 3.189079 -0.0577678 0.6703296 -0.1354807 0.6703379 -0.04651945 0.7562068 -0.1228104 0.7456205 -0.0577678 0.6703296 -0.1228104 0.7456205 -0.1354804 0.6703396 -0.0577678 0.6703296 -0.03953635 0.851951 -0.1141868 0.8298746 -0.04651945 0.7562068 -0.04651945 0.7562068 -0.1141868 0.8298746 -0.1215972 0.7564677 -0.03716897 0.9527559 -0.1097677 0.9527559 -0.03953635 0.851951 -0.1097677 0.9527559 -0.1129736 0.852158 -0.03953635 0.851951 2.280879 0.9527559 2.242859 0.9527559 2.28961 0.85216 2.242859 0.9527559 2.25054 0.851951 2.28961 0.85216 2.3164 0.7456206 2.289605 0.8521884 2.273197 0.7562068 2.273197 0.7562068 2.289605 0.8521884 2.25054 0.851951 2.3164 0.7456205 2.273197 0.7562068 -1.350543 2.434736 2.273197 0.7562068 -1.309693 2.473499 -1.350543 2.434736 -1.414841 2.498705 -1.350828 2.434827 -1.358195 2.526392 -1.358195 2.526392 -1.350828 2.434827 -1.309693 2.473499 -1.358195 2.526392 -1.416269 2.589722 -1.414839 2.498703 -1.414839 2.498703 -1.416269 2.589722 -1.462776 2.546544 -1.589722 2.416269 -1.55417 2.470417 -1.660311 2.480999 -1.591631 2.507949 -1.507949 2.591631 -1.480999 2.660311 -1.480999 2.660311 -1.507949 2.591631 -1.416269 2.589722 -1.507949 2.591631 -1.462777 2.546545 -1.416269 2.589722 -1.526392 2.358195 -1.464977 2.381043 -1.589722 2.416269 -1.589722 2.416269 -1.464977 2.381043 -1.546544 2.462776 -1.464934 2.381 -1.526392 2.358195 -1.43491 2.350911 -1.526392 2.358195 -1.473499 2.309693 -1.43491 2.350911 -1.273197 0.7562068 -1.3164 0.7456205 -1.473499 2.309693 -1.3164 0.7456205 -1.434904 2.350807 -1.473499 2.309693 -1.25054 0.851951 -1.292913 0.8298813 -1.273197 0.7562068 -1.273197 0.7562068 -1.292913 0.8298813 -1.313096 0.7564677 -1.242859 0.9527559 -1.28088 0.9527559 -1.25054 0.851951 -1.28088 0.9527559 -1.28961 0.852158 -1.25054 0.851951 1.109768 0.9527559 1.037169 0.9527559 1.112974 0.8521601 1.037169 0.9527559 1.039536 0.851951 1.112974 0.8521601 1.12281 0.7456204 1.112972 0.852189 1.04652 0.7562068 1.04652 0.7562068 1.112972 0.852189 1.039536 0.851951 1.12281 0.7456205 1.04652 0.7562068 1.13548 0.6703403 1.04652 0.7562068 1.057768 0.6703296 1.13548 0.6703403 -2.18835 -0.1589486 1.144306 0.6725372 -2.189079 -0.07271671 -2.189079 -0.07271671 1.144306 0.6725372 1.057768 0.6703296 -2.189079 -0.07271671 -2.27312 -0.09061574 -2.188347 -0.1589479 -2.188347 -0.1589479 -2.27312 -0.09061574 -2.253747 -0.1765417 -2.211692 -0.3280993 -2.233516 -0.2937549 -2.303291 -0.3560719 -2.233516 -0.2937549 -2.28475 -0.3074312 -2.303291 -0.3560719 -2.303291 -0.3560719 -2.28475 -0.3074312 -2.31538 -0.1931193 -2.129513 -0.3030033 -2.111569 -0.2612118 -2.211692 -0.3280993 -2.211692 -0.3280993 -2.111569 -0.2612118 -2.223086 -0.2909714 -2.11146 -0.2611828 -2.129513 -0.3030033 1.250226 0.6703378 1.256481 0.851951 1.229109 0.8299043 1.266272 0.7562068 1.224731 0.9527559 1.227909 0.8521586 1.256481 0.851951 -0.224731 0.9527559 -0.3171557 0.9527559 -0.2279087 0.8521604 -0.3171557 0.9527559 -0.3207569 0.851951 -0.2279087 0.8521604 -0.2376609 0.7456206 -0.2279068 0.8521895 -0.3313798 0.7562068 -0.3313798 0.7562068 -0.2279068 0.8521895 -0.3207569 0.851951 -0.2376609 0.7456205 -0.3313798 0.7562068 -0.2502252 0.6703405 -0.3313798 0.7562068 -0.3484911 0.6703296 -0.2502252 0.6703405 -0.2735087 -2.157654 -0.2501955 0.6780042 -0.3712317 -2.107702 -0.3712317 -2.107702 -0.2501955 0.6780042 -0.3484911 0.6703296 -0.3712317 -2.107702 -0.3984601 -2.189199 -0.2735081 -2.157652 -0.2735081 -2.157652 -0.3984601 -2.189199 -0.2909714 -2.223086 -0.1626574 -2.256793 -0.1793458 -2.264171 -0.1850414 -2.349916 -0.1793458 -2.264171 -0.1931192 -2.31538 -0.1850414 -2.349916 -0.1850414 -2.349916 -0.1931192 -2.31538 -0.3074313 -2.28475 1.139186 0.9527559 1.004268 0.9527559 1.142404 0.8522003 1.004268 0.9527559 1.006491 0.851951 1.142404 0.8522003 1.152445 0.7432493 1.142402 0.8522217 1.013046 0.7562068 1.013046 0.7562068 1.142402 0.8522217 1.006491 0.851951 1.152445 0.7432493 1.013046 0.7562068 1.164783 0.6699376 1.013046 0.7562068 1.023605 0.6703296 1.164783 0.6699376 1.164783 0.6699356 1.023605 0.6703296 1.183406 -2.163835 1.023605 0.6703296 1.037639 -2.196311 1.183406 -2.163835 1.208919 -2.259333 1.183402 -2.163816 1.054441 -2.280579 1.054441 -2.280579 1.183402 -2.163816 1.037639 -2.196311 1.208919 -2.259333 1.054441 -2.280579 1.230128 -2.338703 1.054441 -2.280579 1.07317 -2.374504 1.230128 -2.338703 1.092884 -2.473373 1.246959 -2.401688 1.07317 -2.374504 1.246959 -2.401688 1.230128 -2.338705 1.07317 -2.374504 3.504046 0.1053055 3.413289 0.1774321 3.473373 -0.0928843 3.525928 0.6903141 3.510153 0.8384627 3.398461 0.936146 3.44946 1.200805 3.349916 1.185041 3.498154 0.9511472 3.447938 1.208604 3.375658 1.460756 3.349916 1.185041 3.375658 1.460756 3.280038 1.428809 3.349916 1.185041 3.349916 1.185041 3.280038 1.428809 3.28475 1.307431 3.280038 1.428809 3.233516 1.293755 3.28475 1.307431 3.193222 1.888147 3.078537 1.893716 3.281853 1.705717 2.879087 2.379469 2.780277 2.493991 2.634322 2.508972 2.523917 2.757158 2.452689 2.685933 2.707732 2.578071 1.921538 3.175809 1.82607 3.11397 2.100256 3.075197 1.193119 3.31538 1.356072 3.303291 1.110566 3.366794 1.356072 3.303291 1.385517 3.399711 1.110566 3.366794 1.110566 3.366794 1.385517 3.399711 1.236878 3.438158 0.8762475 3.508324 0.8604906 3.408839 1.131567 3.465398 0.1426531 3.508882 0.101648 3.403897 0.3491194 3.52815 -0.4232146 3.387929 -0.5694268 3.334112 -0.6304935 3.204309 -0.9057593 3.186262 -0.860009 3.096474 -0.669377 3.297323 -1.50881 2.768502 -1.480999 2.660311 -1.348318 2.903368 -1.549135 2.734615 -1.734615 2.549135 -1.480999 2.660311 -1.734615 2.549135 -1.660311 2.480999 -1.480999 2.660311 -1.480999 2.660311 -1.660311 2.480999 -1.591631 2.507949 -1.660311 2.480999 -1.55417 2.470417 -1.591631 2.507949 -1.994223 2.218963 -1.969204 2.079345 -1.903368 2.348318 -2.443663 1.218769 -2.358598 1.147859 -2.387929 1.423215 -2.529195 0.490538 -2.429112 0.3922834 -2.52815 0.6508806 -2.508324 0.1237525 -2.465398 -0.1315668 -2.366794 -0.1105661 -2.465398 -0.1315668 -2.438158 -0.2368783 -2.366794 -0.1105661 -2.438158 -0.2368783 -2.303291 -0.3560719 -2.366794 -0.1105661 -2.303291 -0.3560719 -2.31538 -0.1931193 -2.366794 -0.1105661 -2.366794 -0.1105661 -2.31538 -0.1931193 -2.27312 -0.09061574 -2.31538 -0.1931193 -2.253748 -0.1765419 -2.27312 -0.09061574 -2.328354 -0.5874575 -2.218806 -0.5951698 -2.399711 -0.3855165 -1.983472 -1.234536 -1.846533 -1.256441 -2.075197 -1.100256 -1.20398 -2.00579 -1.111376 -1.948421 -1.379469 -1.879087 -0.7057171 -2.281853 -0.4607553 -2.375658 -0.4288094 -2.280038 -0.4288094 -2.280038 -0.4607553 -2.375658 -0.2086036 -2.447938 -0.2086036 -2.447938 -0.1850414 -2.349916 -0.4288094 -2.280038 -0.1850414 -2.349916 -0.3074313 -2.28475 -0.4288094 -2.280038 -0.4288094 -2.280038 -0.3074313 -2.28475 -0.3984601 -2.189199 -0.3074313 -2.28475 -0.2909717 -2.223087 -0.3984601 -2.189199 0.5283637 -2.530202 0.5695513 -2.430266 0.3096859 -2.525928 3.531054 0.4280565 3.530202 0.4716363 2.754459 0.4805948 3.530202 0.4716363 3.425312 0.6839859 2.754459 0.4805948 3.425312 0.6839859 1.88629 0.699373 2.754459 0.4805948 2.754459 0.4805948 1.88629 0.699373 0.4385394 0.8518924 1.88629 0.699373 0.662582 0.851951 0.4385394 0.8518924 3.167226 1.941653 3.032635 2.166799 2.752318 1.612761 3.032635 2.166799 2.585225 1.620444 2.752318 1.612761 2.585225 1.620444 1.923924 0.8519143 1.731589 0.8518921 2.780277 2.493991 2.707732 2.578071 2.634322 2.508972 2.707732 2.578071 2.452689 2.685933 2.634322 2.508972 2.634322 2.508972 2.452689 2.685933 2.46513 2.058278 2.452689 2.685933 1.208056 1.987477 2.46513 2.058278 2.46513 2.058278 1.208056 1.987477 2.275259 0.851951 1.208056 1.987477 -1.225524 0.851951 2.275259 0.851951 2.234536 2.983472 2.100256 3.075197 2.047045 2.989568 2.100256 3.075197 1.82607 3.11397 2.047045 2.989568 2.047045 2.989568 1.82607 3.11397 0.5974128 1.836841 1.82607 3.11397 0.4504317 1.777509 0.5974128 1.836841 0.5974128 1.836841 0.4504317 1.777509 -0.8670707 0.851951 0.4504317 1.777509 -0.6718026 0.851951 -0.8670707 0.851951 0.6114215 3.529859 0.509462 3.529195 0.5634595 2.800722 0.509462 3.529195 0.3541364 3.42746 0.5634595 2.800722 0.3541364 3.42746 0.5054669 1.916455 0.5634595 2.800722 0.5634595 2.800722 0.5054669 1.916455 0.4048138 0.8518922 0.5054669 1.916455 0.6288947 0.851951 0.4048138 0.8518922 -0.1701419 3.456919 -0.2187691 3.443663 0.1183834 2.746043 -0.2187691 3.443663 -0.3925164 3.291902 0.1183834 2.746043 -0.3925164 3.291902 0.5334489 1.856329 0.1183834 2.746043 0.1183834 2.746043 0.5334489 1.856329 1.072494 0.8518919 0.5334489 1.856329 1.288686 0.851951 1.072494 0.8518919 -0.9067866 3.18578 -1.133666 3.054133 -0.3012332 2.543356 -1.133666 3.054133 -0.09002602 2.188091 -0.3012332 2.543356 -0.3012332 2.543356 -0.09002602 2.188091 1.701802 0.8518921 -0.09002602 2.188091 1.895619 0.8519144 1.701802 0.8518921 0.1636749 0.9527559 -0.006490588 0.851951 0.2162081 0.9527138 0.2162081 0.9527138 -0.006490588 0.851951 1.637014 0.4746821 -0.006490588 0.851951 1.680175 0.3141404 1.637014 0.4746821 1.637014 0.4746821 1.680175 0.3141404 3.413289 0.1774321 1.680175 0.3141404 3.374504 -0.07316994 3.413289 0.1774321 3.413289 0.1774321 3.374504 -0.07316994 3.473373 -0.0928843 3.374504 -0.07316994 3.339658 -0.2303824 3.473373 -0.0928843 3.473373 -0.0928843 3.339658 -0.2303824 3.401688 -0.2469592 3.513491 0.1663374 3.531054 0.4280565 2.694663 0.2848173 3.531054 0.4280565 2.419656 0.5077024 2.694663 0.2848173 2.694663 0.2848173 2.419656 0.5077024 0.2128284 0.7966869 2.419656 0.5077024 0.4388107 0.9530241 0.2128284 0.7966869 0.2128284 0.7966869 0.4388107 0.9530241 0.2162086 0.9527559 0.662582 0.851951 0.6618686 0.9527559 0.4385399 0.851951 0.6618686 0.9527559 0.4388097 0.9527559 0.4385399 0.851951 0.8364216 0.9527559 0.662582 0.851951 0.8837168 0.9527138 0.8837168 0.9527138 0.662582 0.851951 1.995957 0.8112698 0.662582 0.851951 2.034484 0.6905569 1.995957 0.8112698 1.995957 0.8112698 2.034484 0.6905569 3.398461 0.936146 2.034484 0.6905569 3.425312 0.6839859 3.398461 0.936146 3.398461 0.936146 3.425312 0.6839859 3.525928 0.6903141 3.425312 0.6839859 3.530202 0.4716363 3.525928 0.6903141 3.510153 0.8384627 3.498154 0.9511472 3.398461 0.936146 3.498154 0.9511472 3.349916 1.185041 3.398461 0.936146 3.398461 0.936146 3.349916 1.185041 2.130485 0.8159322 3.349916 1.185041 2.094142 0.9217196 2.130485 0.8159322 2.130485 0.8159322 2.094142 0.9217196 0.8837172 0.9526904 2.094142 0.9217196 1.102692 0.9527138 0.8837172 0.9526904 1.486314 0.9527559 1.320581 0.8535389 1.525505 0.9527139 1.525505 0.9527139 1.320581 0.8535389 2.253888 1.134876 1.320581 0.8535389 2.822385 1.253043 2.253888 1.134876 2.253888 1.134876 2.822385 1.253043 3.189353 1.665625 3.189353 1.665625 2.822385 1.253043 3.34082 1.551731 2.822385 1.253043 3.375658 1.460756 3.34082 1.551731 3.34082 1.551731 3.281853 1.705717 3.189353 1.665625 3.281853 1.705717 3.078537 1.893716 3.189353 1.665625 3.189353 1.665625 3.078537 1.893716 2.343342 1.178688 3.078537 1.893716 2.314529 1.236139 2.343342 1.178688 2.343342 1.178688 2.314529 1.236139 1.525506 0.9526905 2.314529 1.236139 1.726177 0.9527139 1.525506 0.9526905 1.923917 0.851951 1.91767 0.9527559 1.731579 0.851951 1.91767 0.9527559 1.726175 0.9527559 1.731579 0.851951 2.098555 0.9527138 1.923612 0.8535359 2.491119 1.749969 1.923612 0.8535359 2.691817 1.781161 2.491119 1.749969 2.491119 1.749969 2.691817 1.781161 2.799979 2.316974 2.799979 2.316974 2.691817 1.781161 3.00579 2.20398 2.691817 1.781161 3.032635 2.166799 3.00579 2.20398 3.00579 2.20398 2.879087 2.379469 2.799979 2.316974 2.879087 2.379469 2.634322 2.508972 2.799979 2.316974 2.799979 2.316974 2.634322 2.508972 2.554451 1.914278 2.634322 2.508972 2.438466 1.873623 2.554451 1.914278 2.554451 1.914278 2.438466 1.873623 2.098556 0.9526906 2.438466 1.873623 2.267473 0.9527138 2.098556 0.9526906 -1.225524 0.851951 -1.217953 0.9527559 2.275259 0.851951 -1.217953 0.9527559 2.26747 0.9527559 2.275259 0.851951 -1.045267 0.9530245 -1.225155 0.8535334 1.156606 2.107158 -1.225155 0.8535334 2.371265 2.594783 1.156606 2.107158 1.156606 2.107158 2.371265 2.594783 2.316854 2.927242 2.371265 2.594783 2.519852 2.761118 2.316854 2.927242 2.316854 2.927242 2.234536 2.983472 1.534682 2.34991 2.234536 2.983472 2.047045 2.989568 1.534682 2.34991 2.047045 2.989568 0.4421294 1.722283 1.534682 2.34991 1.534682 2.34991 0.4421294 1.722283 -1.0637 0.7966926 0.4421294 1.722283 -0.8610749 0.9527138 -1.0637 0.7966926 -1.0637 0.7966926 -0.8610749 0.9527138 -1.045296 0.9527559 -0.6718026 0.851951 -0.6666611 0.9527559 -0.8670707 0.851951 -0.6666611 0.9527559 -0.8610724 0.9527559 -0.8670707 0.851951 -0.4634994 0.9530248 -0.6715523 0.8535307 0.9094778 2.353691 -0.6715523 0.8535307 1.281193 2.556854 0.9094778 2.353691 0.9094778 2.353691 1.281193 2.556854 1.632838 3.312319 1.281193 2.556854 1.871681 3.203877 1.632838 3.312319 1.632838 3.312319 1.587458 3.328354 1.145029 2.637802 1.587458 3.328354 1.356072 3.303291 1.145029 2.637802 1.356072 3.303291 0.4678263 1.861238 1.145029 2.637802 1.145029 2.637802 0.4678263 1.861238 -0.4749907 0.7967093 0.4678263 1.861238 -0.2531633 0.9527138 -0.4749907 0.7967093 -0.4749907 0.7967093 -0.2531633 0.9527138 -0.4635175 0.9527559 0.1828441 0.9527138 -0.03953635 0.851951 0.4865238 1.908337 -0.03953635 0.851951 0.5386064 2.024753 0.4865238 1.908337 0.4865238 1.908337 0.5386064 2.024753 0.8604906 3.408839 0.5386064 2.024753 1.110566 3.366794 0.8604906 3.408839 0.8604906 3.408839 1.110566 3.366794 1.131567 3.465398 1.110566 3.366794 1.236878 3.438158 1.131567 3.465398 0.8728896 3.508889 0.6114215 3.529859 0.7123183 2.784809 0.6114215 3.529859 0.5402841 2.493042 0.7123183 2.784809 0.7123183 2.784809 0.5402841 2.493042 0.1790675 0.7966957 0.5402841 2.493042 0.405234 0.9530246 0.1790675 0.7966957 0.1790675 0.7966957 0.405234 0.9530246 0.1828446 0.9527559 0.6288947 0.851951 0.6283291 0.9527559 0.4048146 0.851951 0.6283291 0.9527559 0.4052322 0.9527559 0.4048146 0.851951 0.8493124 0.9527174 0.6288947 0.851951 0.5148692 1.906224 0.6288947 0.851951 0.4907936 2.054769 0.5148692 1.906224 0.5148692 1.906224 0.4907936 2.054769 0.101648 3.403897 0.4907936 2.054769 0.3541364 3.42746 0.101648 3.403897 0.101648 3.403897 0.3541364 3.42746 0.3491194 3.52815 0.3541364 3.42746 0.509462 3.529195 0.3491194 3.52815 0.08794659 3.503776 -0.1701419 3.456919 0.265361 2.781061 -0.1701419 3.456919 0.2577455 2.446284 0.265361 2.781061 0.265361 2.781061 0.2577455 2.446284 0.8546388 0.7967079 0.2577455 2.446284 1.069967 0.9530242 0.8546388 0.7967079 0.8546388 0.7967079 1.069967 0.9530242 0.8504654 0.9527559 1.288686 0.851951 1.285225 0.9527559 1.07249 0.851951 1.285225 0.9527559 1.069978 0.9527559 1.07249 0.851951 1.49355 0.9527194 1.288686 0.851951 0.5424912 1.817329 1.288686 0.851951 0.4436473 1.987377 0.5424912 1.817329 0.5424912 1.817329 0.4436473 1.987377 -0.6304935 3.204309 0.4436473 1.987377 -0.3925164 3.291902 -0.6304935 3.204309 -0.6304935 3.204309 -0.3925164 3.291902 -0.4232146 3.387929 -0.3925164 3.291902 -0.2187691 3.443663 -0.4232146 3.387929 -0.5694268 3.334112 -0.669377 3.297323 -0.6304935 3.204309 -0.669377 3.297323 -0.860009 3.096474 -0.6304935 3.204309 -0.6304935 3.204309 -0.860009 3.096474 0.4283372 1.94415 -0.860009 3.096474 0.5509098 1.769687 0.4283372 1.94415 0.4283372 1.94415 0.5509098 1.769687 1.494598 0.9526905 0.5509098 1.769687 1.696522 0.9527138 1.494598 0.9526905 1.895612 0.851951 1.889489 0.9527559 1.701793 0.851951 1.889489 0.9527559 1.69652 0.9527559 1.701793 0.851951 2.071808 0.9527261 1.895316 0.8535216 -0.1482186 2.076165 1.895316 0.8535216 -0.4306101 2.445007 -0.1482186 2.076165 -0.1482186 2.076165 -0.4306101 2.445007 -1.286859 2.823453 -1.286859 2.823453 -0.4306101 2.445007 -1.218963 2.994223 -0.4306101 2.445007 -1.133666 3.054133 -1.218963 2.994223 -1.218963 2.994223 -1.348318 2.903368 -1.286859 2.823453 -1.348318 2.903368 -1.480999 2.660311 -1.286859 2.823453 -1.286859 2.823453 -1.480999 2.660311 -0.514846 2.293837 -1.480999 2.660311 -0.2182115 1.970935 -0.514846 2.293837 -0.514846 2.293837 -0.2182115 1.970935 2.072062 0.9526904 -0.2182115 1.970935 2.242862 0.9527138 2.072062 0.9526904 -1.734615 2.549135 -1.768502 2.50881 -1.570225 2.39839 -1.768502 2.50881 -1.823453 2.286859 -1.570225 2.39839 -1.823453 2.286859 -1.497829 1.730761 -1.570225 2.39839 -1.570225 2.39839 -1.497829 1.730761 -1.263612 0.7967119 -1.497829 1.730761 -1.072061 0.9527138 -1.263612 0.7967119 -1.263612 0.7967119 -1.072061 0.9527138 -1.242859 0.9527559 -0.8894914 0.9527138 -1.069779 0.9526525 -1.355267 1.31842 -1.069779 0.9526525 -1.566532 1.891565 -1.355267 1.31842 -1.355267 1.31842 -1.566532 1.891565 -1.969204 2.079345 -1.566532 1.891565 -1.823453 2.286859 -1.969204 2.079345 -1.969204 2.079345 -1.823453 2.286859 -1.903368 2.348318 -1.823453 2.286859 -1.768502 2.50881 -1.903368 2.348318 -0.7881616 0.9527559 -0.8953056 0.8535773 -0.6964975 0.9530245 -0.6964975 0.9530245 -0.8953056 0.8535773 -1.61081 1.454063 -0.8953056 0.8535773 -1.7019 1.756248 -1.61081 1.454063 -1.61081 1.454063 -1.7019 1.756248 -2.18578 1.906787 -1.7019 1.756248 -2.054133 2.133666 -2.18578 1.906787 -2.18582 1.906703 -2.204309 1.630494 -1.760017 1.586721 -2.204309 1.630494 -1.243617 1.119279 -1.760017 1.586721 -1.760017 1.586721 -1.243617 1.119279 -0.7107709 0.7966883 -1.243617 1.119279 -0.4945967 0.9527138 -0.7107709 0.7966883 -0.7107709 0.7966883 -0.4945967 0.9527138 -0.6965199 0.9527559 -0.4867204 0.9527559 -0.5007488 0.838839 -0.285227 0.9527138 -0.285227 0.9527138 -0.5007488 0.838839 -1.168045 1.013725 -0.5007488 0.838839 -1.801121 1.409147 -1.168045 1.013725 -1.168045 1.013725 -1.801121 1.409147 -2.291902 1.392516 -2.291902 1.392516 -1.801121 1.409147 -2.334112 1.569427 -1.801121 1.409147 -2.297323 1.669377 -2.334112 1.569427 -0.1667986 0.9527559 -0.2886859 0.851951 -0.06997954 0.9527139 -0.06997954 0.9527139 -0.2886859 0.851951 -1.07986 0.9051646 -0.2886859 0.851951 -1.2757 1.042852 -1.07986 0.9051646 -1.07986 0.9051646 -1.2757 1.042852 -2.358598 1.147859 -1.2757 1.042852 -2.291902 1.392516 -2.358598 1.147859 -2.358598 1.147859 -2.291902 1.392516 -2.387929 1.423215 -2.291902 1.392516 -2.334112 1.569427 -2.387929 1.423215 -2.456919 1.170142 -2.503776 0.9120534 -1.83133 1.035675 -2.503776 0.9120534 -1.537115 0.8174372 -1.83133 1.035675 -1.83133 1.035675 -1.537115 0.8174372 -0.07676672 0.7966951 -1.537115 0.8174372 0.1495411 0.9530241 -0.07676672 0.7966951 -0.07676672 0.7966951 0.1495411 0.9530241 -0.06997853 0.9527559 0.1634595 0.9527559 0.1478318 0.8486271 0.3716707 0.9527138 0.3716707 0.9527138 0.1478318 0.8486271 -0.8690633 0.6824597 0.1478318 0.8486271 -1.820505 0.8426437 -0.8690633 0.6824597 -0.8690633 0.6824597 -1.820505 0.8426437 -2.42746 0.6458636 -2.42746 0.6458636 -1.820505 0.8426437 -2.508882 0.8573469 -1.820505 0.8426437 -2.503776 0.9120534 -2.508882 0.8573469 0.5000154 0.9527559 0.3711053 0.851951 0.594768 0.9527138 0.594768 0.9527138 0.3711053 0.851951 -0.7474154 0.5699834 0.3711053 0.851951 -1.018815 0.6716046 -0.7474154 0.5699834 -0.7474154 0.5699834 -1.018815 0.6716046 -2.429112 0.3922834 -1.018815 0.6716046 -2.42746 0.6458636 -2.429112 0.3922834 -2.429112 0.3922834 -2.42746 0.6458636 -2.52815 0.6508806 -2.42746 0.6458636 -2.508882 0.8573469 -2.52815 0.6508806 -2.529859 0.3885785 -2.508889 0.1271104 -1.746769 0.4510405 -2.508889 0.1271104 -1.321843 0.3150755 -1.746769 0.4510405 -1.746769 0.4510405 -1.321843 0.3150755 0.5958963 0.7967105 -1.321843 0.3150755 0.8171495 0.9530245 0.5958963 0.7967105 0.5958963 0.7967105 0.8171495 0.9530245 0.5947678 0.9527559 0.8364649 0.9527559 0.8185753 0.8514357 1.03717 0.9527138 1.03717 0.9527138 0.8185753 0.8514357 -0.478345 0.3468219 0.8185753 0.8514357 -1.684082 0.2554979 -0.478345 0.3468219 -0.478345 0.3468219 -1.684082 0.2554979 -2.366794 -0.1105661 -2.366794 -0.1105661 -1.684082 0.2554979 -2.508842 0.1268292 -2.438158 -0.2368783 -2.399711 -0.3855165 -2.303291 -0.3560719 -2.399711 -0.3855165 -2.218806 -0.5951698 -2.303291 -0.3560719 -2.303291 -0.3560719 -2.218806 -0.5951698 -0.5220407 0.173458 -2.218806 -0.5951698 -0.1793677 0.1318594 -0.5220407 0.173458 -0.5220407 0.173458 -0.1793677 0.1318594 1.253164 0.9526905 -0.1793677 0.1318594 1.46352 0.9527138 1.253164 0.9526905 1.486441 0.9527559 1.46769 0.8525131 1.666639 0.9530245 1.666639 0.9530245 1.46769 0.8525131 -0.8482768 -0.3241206 1.46769 0.8525131 -1.401492 -0.3129545 -0.8482768 -0.3241206 -0.8482768 -0.3241206 -1.401492 -0.3129545 -2.203877 -0.8716806 -1.401492 -0.3129545 -2.312319 -0.6328382 -2.203877 -0.8716806 1.78826 0.9527559 1.671548 0.8535631 1.861074 0.9527139 1.861074 0.9527139 1.671548 0.8535631 0.1397953 -0.06858867 1.671548 0.8535631 -1.277795 -0.491623 0.1397953 -0.06858867 0.1397953 -0.06858867 -1.277795 -0.491623 -1.989568 -1.047045 -1.989568 -1.047045 -1.277795 -0.491623 -2.175809 -0.9215385 -2.175809 -0.9215385 -2.075197 -1.100256 -1.989568 -1.047045 -2.075197 -1.100256 -1.846533 -1.256441 -1.989568 -1.047045 -1.989568 -1.047045 -1.846533 -1.256441 -0.06634402 -0.1702151 -1.846533 -1.256441 0.3039288 -0.1615151 -0.06634402 -0.1702151 -0.06634402 -0.1702151 0.3039288 -0.1615151 1.861076 0.9526906 0.3039288 -0.1615151 2.045299 0.9527138 1.861076 0.9526906 2.06911 0.9527559 2.051885 0.8530054 2.217921 0.9530245 2.217921 0.9530245 2.051885 0.8530054 -1.577053 -1.355427 2.051885 0.8530054 -0.9913393 -0.8245714 -1.577053 -1.355427 -1.577053 -1.355427 -0.9913393 -0.8245714 -1.761118 -1.519852 -0.9913393 -0.8245714 -1.927242 -1.316854 -1.761118 -1.519852 -1.321872 0.9527559 2.225149 0.8535594 -1.267473 0.9527138 -1.267473 0.9527138 2.225149 0.8535594 -1.357776 -0.7932401 2.225149 0.8535594 -1.594782 -1.371264 -1.357776 -0.7932401 -1.357776 -0.7932401 -1.594782 -1.371264 -1.508972 -1.634322 -1.508972 -1.634322 -1.594782 -1.371264 -1.760782 -1.520197 -1.578071 -1.707732 -1.493991 -1.780277 -1.425201 -1.545324 -1.493991 -1.780277 -1.316974 -1.799979 -1.425201 -1.545324 -1.316974 -1.799979 -1.180227 -0.8998873 -1.425201 -1.545324 -1.425201 -1.545324 -1.180227 -0.8998873 -1.28852 0.7966912 -1.180227 -0.8998873 -1.098555 0.9527138 -1.28852 0.7966912 -1.28852 0.7966912 -1.098555 0.9527138 -1.26747 0.9527559 -1.069066 0.9527559 -1.105597 0.851951 -0.9176721 0.9527138 -0.9176721 0.9527138 -1.105597 0.851951 -0.9901032 -0.4685229 -1.105597 0.851951 -1.192316 -1.172419 -0.9901032 -0.4685229 -0.9901032 -0.4685229 -1.192316 -1.172419 -1.111376 -1.948421 -1.192316 -1.172419 -1.316974 -1.799979 -1.111376 -1.948421 -1.111376 -1.948421 -1.316974 -1.799979 -1.379469 -1.879087 -1.316974 -1.799979 -1.493991 -1.780277 -1.379469 -1.879087 -0.7882843 0.9527559 -0.9236082 0.8535559 -0.7261525 0.9530245 -0.7261525 0.9530245 -0.9236082 0.8535559 -0.824296 -1.153318 -0.9236082 0.8535559 -1.044183 -1.359992 -0.824296 -1.153318 -0.824296 -1.153318 -1.044183 -1.359992 -0.9416535 -2.167226 -1.044183 -1.359992 -1.166799 -2.032635 -0.9416535 -2.167226 -0.9416535 -2.167226 -0.888147 -2.193222 -0.8356001 -1.460647 -0.888147 -2.193222 -0.6656253 -2.189353 -0.8356001 -1.460647 -0.6656253 -2.189353 -0.5778997 -0.5754196 -0.8356001 -1.460647 -0.8356001 -1.460647 -0.5778997 -0.5754196 -0.7407796 0.7966889 -0.5778997 -0.5754196 -0.5255053 0.9527138 -0.7407796 0.7966889 -0.7407796 0.7966889 -0.5255053 0.9527138 -0.7261754 0.9527559 -0.4863138 0.9527559 -0.5300229 0.851951 -0.3171572 0.9527138 -0.3171572 0.9527138 -0.5300229 0.851951 -0.3589064 -0.6156164 -0.5300229 0.851951 -0.5856547 -0.7381901 -0.3589064 -0.6156164 -0.3589064 -0.6156164 -0.5856547 -0.7381901 -0.4288094 -2.280038 -0.5856547 -0.7381901 -0.6656253 -2.189353 -0.4288094 -2.280038 -0.4288094 -2.280038 -0.6656253 -2.189353 -0.7057171 -2.281853 -0.6656253 -2.189353 -0.888147 -2.193222 -0.7057171 -2.281853 -0.2079315 -2.448069 0.06385403 -2.398461 -0.156476 -1.670622 0.06385403 -2.398461 0.09667867 -0.6681594 -0.156476 -1.670622 -0.156476 -1.670622 0.09667867 -0.6681594 -0.1098693 0.7966933 0.09667867 -0.6681594 0.1162832 0.9527138 -0.1098693 0.7966933 -0.1098693 0.7966933 0.1162832 0.9527138 -0.1026914 0.9527559 0.1635784 0.9527559 0.1146726 0.85348 0.3381311 0.9527138 0.3381311 0.9527138 0.1146726 0.85348 0.3298609 -0.6800516 0.1146726 0.85348 0.0820409 -1.708202 0.3298609 -0.6800516 0.3298609 -0.6800516 0.0820409 -1.708202 0.3160141 -2.425312 0.3160141 -2.425312 0.0820409 -1.708202 0.1615373 -2.510153 0.0820409 -1.708202 0.04885274 -2.498154 0.1615373 -2.510153 0.5000376 0.9527559 0.337418 0.851951 0.5611906 0.9527138 0.5611906 0.9527138 0.337418 0.851951 0.5643169 -0.6822819 0.337418 0.851951 0.3286369 -0.8555648 0.5643169 -0.6822819 0.5643169 -0.6822819 0.3286369 -0.8555648 0.5695513 -2.430266 0.3286369 -0.8555648 0.3160141 -2.425312 0.5695513 -2.430266 0.5695513 -2.430266 0.3160141 -2.425312 0.3096859 -2.525928 0.3160141 -2.425312 0.1615373 -2.510153 0.3096859 -2.525928 0.5719435 -2.531054 0.8336626 -2.513491 0.5666511 -1.732823 0.8336626 -2.513491 0.8065009 -1.374913 0.5666511 -1.732823 0.5666511 -1.732823 0.8065009 -1.374913 0.5619192 0.7966925 0.8065009 -1.374913 0.7837861 0.9530245 0.5619192 0.7966925 0.5619192 0.7966925 0.7837861 0.9530245 0.5611904 0.9527559 0.836325 0.9527559 0.7849813 0.8535286 1.004269 0.9527138 1.004269 0.9527138 0.7849813 0.8535286 1.030033 -0.6575921 0.7849813 0.8535286 0.8091171 -1.719665 1.030033 -0.6575921 1.030033 -0.6575921 0.8091171 -1.719665 1.07317 -2.374504 1.07317 -2.374504 0.8091171 -1.719665 0.8946945 -2.504046 0.8091171 -1.719665 0.8336626 -2.513491 0.8946945 -2.504046 1.277727 3.245639 1.196739 3.312951 1.273611 3.235039 0.6297928 1.136508 0.70585 1.116128 1.199745 3.266263 0.70585 1.116128 1.273611 3.235039 1.199745 3.266263 -0.1146835 0.5196283 -0.1146835 1.307087 -1.96101 1.307087 -1.96101 1.307087 -1.964198 0.9049555 -0.1146939 0.5196287 -1.964198 0.9049555 -1.97814 0.8245428 -0.1146939 0.5196287 -1.978156 0.8244889 -2.042678 0.6833633 -0.1161283 0.519685 -2.043713 0.681531 -2.147931 0.5718765 -0.1161283 0.519685 -2.15123 0.5689764 -2.234724 0.5198293 -0.1161283 0.519685 3.195804 0.552204 1.136508 0.519685 3.255102 0.5198299 3.194218 0.5533033 3.123938 0.6097691 1.136508 0.519685 1.136508 0.519685 3.123938 0.6097691 3.081369 0.6576818 3.080845 0.6584048 3.007152 0.796305 1.136508 0.519685 2.981389 1.307087 1.135063 1.307087 2.984576 0.9049711 1.135063 1.307087 1.135071 0.5196287 2.984576 0.9049711 2.984576 0.9049711 1.135071 0.5196287 3.007005 0.7967486 3.266656 1.199288 3.294463 1.201794 3.284964 1.305553 3.269822 1.288669 3.245689 1.277202 3.255419 1.197553 1.192396 0.7262859 1.260002 0.6608349 3.245525 1.277133 1.260002 0.6608349 3.255419 1.197553 3.245525 1.277133 -0.2676651 0.519685 -0.2676651 1.307087 -1.981389 1.307087 -1.981389 1.307087 -1.984577 0.904962 -0.2676651 0.519685 -0.2676651 0.519685 -1.984577 0.904962 -1.99852 0.8245428 -1.998539 0.8244789 -2.06307 0.6833412 -0.2676651 0.519685 -2.064095 0.6815267 -2.168322 0.5718658 -0.2676651 0.519685 -2.171609 0.5689759 -2.255103 0.5198298 -0.2676651 0.519685 3.175424 0.552204 1.192396 0.519685 3.234723 0.5198295 3.17384 0.5533019 3.103558 0.6097691 1.192396 0.519685 1.192396 0.519685 3.103558 0.6097691 3.06099 0.6576818 3.060469 0.6584007 2.986778 0.7962915 1.192396 0.519685 2.96101 1.307087 1.181418 1.307087 2.964198 0.9049627 1.181418 1.307087 1.186712 0.519014 2.964198 0.9049627 2.964198 0.9049627 1.186712 0.519014 2.986628 0.7967423 -2.266656 -0.1992884 -2.294461 -0.2017933 -2.284964 -0.3055531 -0.1161283 0.29415 -0.1365078 0.3702072 -2.245526 -0.2771345 -0.1365078 0.3702072 -2.255419 -0.1975533 -2.245526 -0.2771345 -0.1350629 0.5196283 -0.1350629 1.307087 -1.981389 1.307087 -1.981389 1.307087 -1.984577 0.9049577 -0.1350737 0.5196287 -1.984577 0.9049577 -1.99852 0.8245428 -0.1350737 0.5196287 -1.998536 0.8244889 -2.063057 0.683364 -0.1365078 0.519685 -2.064092 0.6815311 -2.16831 0.5718767 -0.1365078 0.519685 -2.171608 0.5689764 -2.255101 0.5198304 -0.1365078 0.519685 3.175424 0.552204 1.116128 0.519685 3.234723 0.5198298 3.173838 0.5533036 3.103558 0.6097691 1.116128 0.519685 1.116128 0.519685 3.103558 0.6097691 3.06099 0.6576818 3.060466 0.658405 2.986773 0.7963055 1.116128 0.519685 2.96101 1.307087 1.114684 1.307087 2.964199 0.9049429 1.114684 1.307087 1.114692 0.5196287 2.964199 0.9049429 2.964199 0.9049429 1.114692 0.5196287 2.986626 0.7967475 -0.2777266 -2.245639 -0.2894609 -2.270972 -0.1948475 -2.31463 -0.2019036 -2.29307 -0.1997676 -2.266438 -0.2736105 -2.235039 -0.2736105 -2.235039 -0.1997449 -2.266262 0.2737141 -0.1923962 -0.1997449 -2.266262 0.3370411 -0.262891 0.2737141 -0.1923962 -1.96101 1.307087 -0.1814743 0.5170737 -0.1814182 1.307087 -1.96101 1.307087 -1.964199 0.9049502 -0.1873864 0.5191789 -1.964199 0.9049502 -1.97814 0.8245428 -0.1873864 0.5191789 -1.978158 0.824483 -2.042685 0.6833509 -0.1923962 0.519685 -2.043715 0.6815287 -2.147938 0.5718698 -0.1923962 0.519685 -2.15123 0.5689761 -2.234722 0.5198301 -0.1923962 0.519685 2.981389 1.307087 1.267665 1.307087 2.981389 0.9527559 1.267665 1.307087 1.267665 0.519685 2.981389 0.9527559 3.007009 0.7967371 2.981477 0.9514312 1.267665 0.519685 3.195804 0.552204 1.267665 0.519685 3.255102 0.5198301 3.194221 0.5533013 3.123938 0.6097691 1.267665 0.519685 1.267665 0.519685 3.123938 0.6097691 3.081369 0.6576818 3.08085 0.6583979 3.007162 0.7962811 1.267665 0.519685 1.209891 1.090551 1.154213 1.090551 1.209891 0.7362205 1.154213 1.090551 1.154213 0.7362205 1.209891 0.7362205 -0.2752382 -2.181264 -0.2919752 -2.272689 -0.2676561 -2.159212 -0.2489943 0.669897 -0.2597797 -2.111736 -2.061896 0.4058533 -2.152441 0.5696793 -2.104465 0.6108059 -1.889477 0.6617822 -2.152504 0.5697751 -2.110205 0.6181135 -2.176276 0.5536952 -2.044889 0.6820307 -2.012766 0.7372682 -1.8228 0.7975265 1.216993 0.952695 1.224443 0.7866091 1.22402 0.8465723 1.22402 0.8465723 1.224443 0.7866091 1.239474 0.7072332 1.224443 0.7866091 1.970339 0.886875 1.239474 0.7072332 1.239474 0.7072332 1.970339 0.886875 3.146468 1.265946 3.146468 1.265946 1.970339 0.886875 3.279297 1.296876 3.309592 1.197475 3.172979 1.163754 3.222667 1.172752 3.222667 1.172752 3.172979 1.163754 1.957871 0.8731943 3.172979 1.163754 0.6445117 0.6892569 1.957871 0.8731943 -2.134735 0.6198859 -2.194305 0.5732044 -2.226939 0.5503394 1.278723 3.194312 0.6518225 2.137876 0.3716943 1.678059 -1.179418 0.6198861 1.263975 3.17004 -2.204306 0.550342 1.263975 3.17004 1.290778 3.272083 -2.204306 0.550342 -1.508824 2.584438 -1.440371 1.739975 -1.443952 2.52152 -1.443952 2.52152 -1.440371 1.739975 -1.408718 1.40973 -1.440371 1.739975 -1.417344 0.6892712 -1.408718 1.40973 -1.452224 0.619886 -1.496626 0.5732161 -1.518895 0.5503355 1.149834 0.9527559 -1.981376 0.9527559 -1.981349 1.307087 1.136801 0.669897 -2.14172 -0.1478785 -2.201799 0.5606855 -2.065343 0.6820288 -2.033229 0.737268 -2.016757 0.7975305 1.109758 0.9527559 1.140282 0.8905397 -1.981106 0.9527559 3.423974 -0.2578023 3.338717 -0.2301311 3.316926 -0.2310956 3.333761 -0.2303745 3.24742 -0.2057362 3.205983 -0.2014392 3.158551 -0.1833513 -0.1523976 0.7470535 -0.1548504 0.7834239 -0.1776054 0.7096243 -0.157878 0.8146674 -0.1565702 0.8884083 -0.1469545 0.9510144 -0.1664186 0.7474823 -0.1490988 0.8514631 -0.1490988 0.8514631 -0.1664186 0.7474823 -0.1651445 0.705824 -0.1664186 0.7474823 1.753486 0.148374 -0.1651445 0.705824 -0.1623635 0.9363092 -0.1696987 0.8172789 -0.1616391 0.856374 -0.1696987 0.8172789 -0.183099 0.7120715 -0.1616391 0.856374 -2.012027 0.8903136 -2.012666 0.9527559 -2.026648 0.8502681 -0.1390745 1.277559 -2.033652 1.277559 -2.040097 0.9527559 -2.352221 -0.233598 -2.406216 -0.2520255 -2.338176 0.5456929 -2.406216 -0.2520255 -2.396268 0.5307912 -2.338176 0.5456929 -2.351385 -0.2336652 -2.33823 0.5420686 -2.318023 0.5508472 -2.318154 0.5450894 -2.263035 0.5713383 -2.333599 -0.2328897 -2.211202 0.593705 -2.193764 0.6054255 -2.232066 -0.2081488 -2.211098 0.5935615 -2.231718 -0.2080083 -2.280759 -0.2407173 -2.280759 -0.2407173 -2.231718 -0.2080083 -2.202381 -0.1933317 -2.194004 0.6057282 -2.148388 0.6434846 -2.215817 -0.2394501 -2.148388 0.6434846 -2.175875 -0.1861886 -2.215817 -0.2394501 1.178491 0.706827 -2.176008 -0.193894 -2.108477 0.6881365 -2.176008 -0.193894 -2.148668 0.6437546 -2.108477 0.6881365 -2.096242 0.7054874 -2.065265 0.7567322 1.224545 0.7228128 -2.065265 0.7567322 1.171617 0.7702686 1.224545 0.7228128 -2.065619 0.7569042 -2.041881 0.8125417 1.316501 0.7704461 -2.041881 0.8125417 1.165743 0.8226732 1.316501 0.7704461 1.316501 0.7704461 1.165743 0.8226732 1.156888 0.8617358 -2.035885 0.833123 -2.023033 0.8920802 1.305143 0.8421849 -2.023033 0.8920802 1.154864 0.8963662 1.305143 0.8421849 1.15381 0.9527559 1.184092 0.8963798 -2.018816 0.9527559 1.184092 0.8963798 -2.023428 0.8921338 -2.018816 0.9527559 1.159997 0.9527559 -2.018818 0.9527559 1.153756 1.277559 1.153756 1.277559 -2.018818 0.9527559 -2.019 1.277559 1.416299 -1.940316 1.65654 -1.837836 1.724362 -1.795349 1.819441 -1.747718 2.069515 -1.58319 2.136741 -1.523801 2.185655 -1.485929 2.287669 -1.39698 2.422535 -1.251317 2.361335 -1.320754 2.448356 -1.232136 2.577086 -1.064917 2.523803 -1.136737 2.5956 -1.051341 2.713631 -0.8649509 2.669243 -0.9370422 2.727175 -0.8562573 2.830986 -0.6531519 2.795351 -0.7243576 2.837836 -0.6565376 2.940317 -0.4162985 1.431356 -1.928133 1.653152 -1.830986 1.358304 -1.947158 1.647282 -1.819121 1.957041 -1.634737 1.580222 1.32185 1.580222 1.32185 1.957041 -1.634737 1.855541 1.32185 1.855541 1.32185 1.957041 -1.634737 2.147094 1.32185 1.957041 -1.634737 2.327204 -1.327948 2.147094 1.32185 2.147094 1.32185 2.327204 -1.327948 -1.146278 1.32185 2.327204 -1.327948 2.634137 -0.9579209 -1.146278 1.32185 -1.146278 1.32185 2.634137 -0.9579209 -0.7499079 1.32185 2.634137 -0.9579209 2.819121 -0.6472825 -0.7499079 1.32185 2.819121 -0.6472825 2.915774 -0.4266155 -0.7499079 1.32185 1.195583 1.336614 1.196372 1.323807 1.423879 1.328972 2.064922 1.336614 1.510519 1.336614 1.669088 1.328972 1.196975 1.32024 1.426169 -1.056144 1.695446 1.328972 1.426169 -1.056144 1.748916 1.32185 1.695446 1.328972 1.748916 1.32185 2.145406 1.32185 1.695446 1.328972 1.695446 1.328972 2.145406 1.32185 2.146085 1.328972 2.145406 1.32185 -1.147956 1.32185 2.146085 1.328972 2.146085 1.328972 -1.147956 1.32185 -1.143524 1.328972 -1.147956 1.32185 -0.7518262 1.32185 -1.143524 1.328972 3.1173 -0.2247911 -2.025613 1.284655 -2.019031 1.284491 1.190812 1.318152 1.165992 1.300285 1.170803 1.297566 2.735345 -0.1118959 -2.03775 1.293201 3.024978 -0.203238 1.207731 -2.249059 1.2469 -2.401468 1.236834 -2.338388 1.162476 0.475991 1.194398 -2.201066 1.163032 0.4141362 3.021792 0.9159408 3.033292 0.8208625 3.039101 0.8228636 3.033292 0.8208625 3.082067 0.7184029 3.039101 0.8228636 3.087139 0.7219635 3.176502 0.6129843 3.180147 0.6181571 3.176502 0.6129843 3.299314 0.5458648 3.180147 0.6181571 3.019228 0.9527559 3.006193 0.9527559 3.014681 0.8907526 3.008728 0.9256154 1.167204 0.8585509 3.028154 0.8189421 1.167204 0.8585509 1.183108 0.7120176 3.028154 0.8189421 3.298035 0.5399579 3.419576 0.5114091 3.413417 0.516896 1.154589 0.9494661 1.155471 0.8544816 1.164096 0.8157435 1.165952 1.31003 1.147116 1.289971 1.153492 1.288504 -0.4255232 1.336614 -0.4241396 1.321879 -0.2107241 1.323809 -0.632385 1.329115 1.619252 -1.853584 -0.4399603 1.362434 -0.4399603 1.362434 1.619252 -1.853584 1.419457 -1.948178 -0.5512986 1.336614 -0.8312992 1.328972 -0.6323714 1.329039 -0.8312992 1.328972 1.827567 -1.76305 -0.6323714 1.329039 -0.6323714 1.329039 1.827567 -1.76305 1.62362 -1.861727 -1.021119 1.336607 2.016553 -1.642305 -0.8525783 1.360952 -0.8525783 1.360952 2.016553 -1.642305 1.82101 -1.757807 -1.198704 1.328972 2.194577 -1.506037 -1.044818 1.359975 -1.044818 1.359975 2.194577 -1.506037 2.008589 -1.637072 -1.365202 1.336607 2.360096 -1.35504 -1.225982 1.359041 -1.225982 1.359041 2.360096 -1.35504 2.185272 -1.500708 2.349728 -1.349728 -1.394282 1.357743 2.493326 -1.184214 2.493326 -1.184214 -1.394282 1.357743 2.199352 1.336607 2.628819 -1.002694 2.500727 -1.185253 1.985419 1.46192 2.500727 -1.185253 2.196945 1.356472 1.985419 1.46192 2.637151 -1.0085 2.016227 1.355171 2.747689 -0.8114141 2.747689 -0.8114141 2.016227 1.355171 1.831807 1.336607 2.854048 -0.6195268 2.758005 -0.8207575 1.562243 1.440027 2.758005 -0.8207575 1.822403 1.358482 1.562243 1.440027 2.862408 -0.6233931 1.623102 1.352082 2.94701 -0.4212641 -0.2337529 -2.346029 -0.2118357 -2.271204 -0.2079486 -2.231334 -0.1923371 -2.198682 -0.164779 0.7890442 -0.191215 -1.944434 -0.2641709 -2.419846 -0.2307915 -2.316351 -0.2363642 -2.312969 -0.2307915 -2.316351 -0.2004861 -2.203564 -0.2363642 -2.312969 -0.2059568 -2.199729 -0.1771524 0.7371003 1.725324 0.7369791 -0.1771524 0.7371003 -0.1634286 0.8580257 1.725324 0.7369791 1.725324 0.7369791 -0.1634286 0.8580257 -0.1688994 0.8587471 -0.1634286 0.8580257 -0.1628159 0.9527559 -0.1688994 0.8587471 3.108618 0.734767 -0.1689519 0.8579366 3.057109 0.857525 -0.1689519 0.8579366 1.439471 0.9527559 3.057109 0.857525 3.303251 0.5583081 3.188454 0.6283151 3.184197 0.6233776 3.188454 0.6283151 3.09829 0.7289739 3.184197 0.6233776 3.184197 0.6233776 3.09829 0.7289739 3.09265 0.7255766 3.09829 0.7289739 3.045384 0.8548491 3.09265 0.7255766 3.399286 0.5320737 3.303262 0.5583045 3.301093 0.5520724 3.303262 0.5583045 3.184206 0.6233707 3.301093 0.5520724 3.019331 1.277559 1.138582 1.277559 3.079437 0.9527559 3.079437 0.9527559 1.138582 1.277559 1.139192 0.9527559 3.018732 1.277559 -0.1946187 0.9527559 -0.1538057 1.277559 0.9113669 0.9527559 0.7392117 0.9527559 0.7400196 0.8643773 0.2525787 0.9527559 0.08799457 0.9527559 0.08660304 0.8643773 -0.3899404 0.9527559 -0.5369177 0.9527559 -0.5404198 0.8643773 -0.6921035 0.9527559 -0.7323819 0.9527559 -0.7365443 0.8643773 -0.9741851 0.9527559 -1.095627 0.9527559 -1.101016 0.8643773 2.170279 0.9527559 2.061185 0.9527559 2.066458 0.8643773 1.906188 0.9527559 1.882493 0.9527559 1.887163 0.8643773 1.617947 0.9527559 1.496892 0.9527559 1.500259 0.8643773 0.992534 0.9527559 0.8689525 0.9527559 0.8701987 0.8643773 0.3349337 0.9527559 0.2174566 0.9527559 0.2165024 0.8643773 -0.3118572 0.9527559 -0.4160001 0.9527559 -0.4190938 0.8643773 -0.6188126 0.9527559 -0.8081841 0.9527559 -0.8126024 0.8643773 -1.171311 0.9527559 2.323445 0.9527559 2.329603 0.8643773 1.97494 0.9527559 1.808184 0.9527559 1.812602 0.8643773 1.390291 0.9527559 1.209401 0.9527559 1.211797 0.8643773 0.7475345 0.9527559 0.5653265 0.9527559 0.5655471 0.8643773 0.08870297 0.9527559 -0.08291923 0.9527559 -0.08488804 0.8643773 -0.543129 0.9527559 -0.693948 0.9527559 -0.6979805 0.8643773 -1.106657 0.9527559 -1.228748 0.9527559 -1.234587 0.8643773 2.041225 0.9527559 1.919062 0.9527559 1.923855 0.8643773 0.1705394 0.9527559 0.04505926 0.9527559 0.04352271 0.8643773 2.125442 3.059375 1.903763 3.187361 2.018974 2.891733 1.903763 3.187361 1.801735 2.99204 2.018974 2.891733 2.018974 2.891733 1.801735 2.99204 -0.887057 0.8648921 1.801735 2.99204 -0.6979501 0.8645564 -0.887057 0.8648921 1.432039 3.385093 1.185357 3.453429 1.370986 3.196105 1.185357 3.453429 1.135544 3.238767 1.370986 3.196105 1.370986 3.196105 1.135544 3.238767 -0.2953476 0.8648923 1.135544 3.238767 -0.08487308 0.8645569 -0.2953476 0.8648923 0.6791298 3.526611 0.4231936 3.530934 0.6673966 3.328364 0.4231936 3.530934 0.4287762 3.310633 0.6673966 3.328364 0.6673966 3.328364 0.4287762 3.310633 0.3471411 0.8648928 0.4287762 3.310633 0.5655454 0.8645563 0.3471411 0.8648928 -0.08521622 3.474892 -0.3340658 3.414926 -0.0468809 3.280018 -0.3340658 3.414926 -0.2734445 3.203064 -0.0468809 3.280018 -0.0468809 3.280018 -0.2734445 3.203064 0.9993892 0.8648926 -0.2734445 3.203064 1.211779 0.8645564 0.9993892 0.8648926 -0.8121986 3.233239 -1.038074 3.112813 -0.7262462 3.054205 -1.038074 3.112813 -0.9262818 2.922905 -0.7262462 3.054205 -0.7262462 3.054205 -0.9262818 2.922905 1.619753 0.864892 -0.9262818 2.922905 1.812569 0.8645561 1.619753 0.864892 -1.455403 2.81708 -1.643882 2.643882 -1.327317 2.665303 -1.643882 2.643882 -1.488059 2.488059 -1.327317 2.665303 -1.327317 2.665303 -1.488059 2.488059 2.168626 0.8648936 -1.488059 2.488059 2.329556 0.8645566 2.168626 0.8648936 -1.973763 2.252986 -2.112813 2.038074 -1.811723 2.138159 -2.112813 2.038074 -1.922908 1.926284 -1.811723 2.138159 -1.811723 2.138159 -1.922908 1.926284 -0.9958953 0.8648928 -1.922908 1.926284 -0.812569 0.8645567 -0.9958953 0.8648928 -0.2351409 -2.441433 0.01559209 -2.49296 -0.1869867 -2.24876 0.01559209 -2.49296 0.05079978 -2.275426 -0.1869867 -2.24876 -0.1869867 -2.24876 0.05079978 -2.275426 -0.1273263 0.864892 0.05079978 -2.275426 0.08661359 0.8645565 -0.1273263 0.864892 0.5256046 -2.531799 0.7812488 -2.518834 0.5239274 -2.333208 0.7812488 -2.518834 0.760807 -2.299419 0.5239274 -2.333208 0.5239274 -2.333208 0.760807 -2.299419 0.5218495 0.864892 0.760807 -2.299419 0.7400135 0.8645565 0.5218495 0.864892 -0.1539906 0.9527559 -0.1706571 0.8545548 0.04505872 0.9527277 0.04505872 0.9527277 -0.1706571 0.8545548 0.03592228 0.7470782 0.03592228 0.7470782 -0.1706571 0.8545548 3.267436 0.003989756 -0.1706571 0.8545548 3.236761 -0.2333128 3.267436 0.003989756 3.267436 0.003989756 3.236761 -0.2333128 3.484351 -0.03488826 3.236761 -0.2333128 3.428597 -0.2847152 3.484351 -0.03488826 0.1705394 0.9527559 0.04376918 0.8680172 0.260788 0.9527277 0.260788 0.9527277 0.04376918 0.8680172 0.2559841 0.7470788 0.2559841 0.7470788 0.04376918 0.8680172 3.299419 0.2391929 0.04376918 0.8680172 3.288872 1.47672e-4 3.299419 0.2391929 3.299419 0.2391929 3.288872 1.47672e-4 3.518834 0.2187512 3.288872 1.47672e-4 3.484351 -0.03488826 3.518834 0.2187512 3.518834 0.2187512 3.531799 0.4743954 3.32109 0.2371739 3.531799 0.4743954 3.311446 0.4762563 3.32109 0.2371739 3.32109 0.2371739 3.311446 0.4762563 0.2553437 0.7341724 3.311446 0.4762563 0.477785 0.747063 0.2553437 0.7341724 0.2553437 0.7341724 0.477785 0.747063 0.2607879 0.9527122 0.477785 0.747063 0.4782224 0.9527277 0.2607879 0.9527122 0.499972 0.9527559 0.4781454 0.8632941 0.6958119 0.9527277 0.6958119 0.9527277 0.4781454 0.8632941 0.6997452 0.7470593 0.6997452 0.7470593 0.4781454 0.8632941 3.303418 0.7134886 0.4781454 0.8632941 3.333205 0.4760726 3.303418 0.7134886 3.303418 0.7134886 3.333205 0.4760726 3.523154 0.7302221 3.333205 0.4760726 3.531799 0.4743954 3.523154 0.7302221 0.829506 0.9527559 0.6963673 0.8680121 0.9120059 0.9527277 0.9120059 0.9527277 0.6963673 0.8680121 0.9202814 0.747063 0.9202814 0.747063 0.6963673 0.8680121 3.275424 0.9491998 0.6963673 0.8680121 3.325133 0.7151423 3.275424 0.9491998 3.275424 0.9491998 3.325133 0.7151423 3.49296 0.9844079 3.325133 0.7151423 3.523154 0.7302221 3.49296 0.9844079 3.49296 0.9844079 3.441433 1.235141 3.296914 0.952678 3.441433 1.235141 3.227645 1.18171 3.296914 0.952678 3.296914 0.952678 3.227645 1.18171 0.9213821 0.7341826 3.227645 1.18171 1.137824 0.7470461 0.9213821 0.7341826 0.9213821 0.7341826 1.137824 0.7470461 0.9120061 0.9527123 1.137824 0.7470461 1.125263 0.9527277 0.9120061 0.9527123 1.153802 0.9527559 1.12723 0.8659285 1.334064 0.9527277 1.334064 0.9527277 1.12723 0.8659285 1.350814 0.747076 1.350814 0.747076 1.12723 0.8659285 3.160414 1.409358 1.12723 0.8659285 3.24876 1.186987 3.160414 1.409358 3.160414 1.409358 3.24876 1.186987 3.36894 1.480634 3.24876 1.186987 3.441433 1.235141 3.36894 1.480634 1.536919 0.9527276 1.336428 0.8680076 1.557753 0.747032 1.557753 0.747032 1.336428 0.8680076 3.074234 1.630528 1.336428 0.8680076 3.181019 1.4164 3.074234 1.630528 3.074234 1.630528 3.181019 1.4164 3.275998 1.719137 3.181019 1.4164 3.36894 1.480634 3.275998 1.719137 3.275998 1.719137 3.163269 1.948951 3.094161 1.63928 3.163269 1.948951 2.969698 1.843638 3.094161 1.63928 3.094161 1.63928 2.969698 1.843638 1.560515 0.7341922 2.969698 1.843638 1.757141 0.7470448 1.560515 0.7341922 1.560515 0.7341922 1.757141 0.7470448 1.53692 0.9527122 1.757141 0.7470448 1.732383 0.9527277 1.53692 0.9527122 1.919064 0.9527277 1.736068 0.8669715 1.947569 0.7470546 1.947569 0.7470546 1.736068 0.8669715 2.847556 2.047169 1.736068 0.8669715 2.988815 1.854039 2.847556 2.047169 2.041225 0.9527559 1.923089 0.8680014 2.095629 0.9527277 2.095629 0.9527277 1.923089 0.8680014 2.127683 0.7470498 2.127683 0.7470498 1.923089 0.8680014 2.708686 2.239677 1.923089 0.8680014 2.865732 2.059149 2.708686 2.239677 2.708686 2.239677 2.865732 2.059149 2.8818 2.376029 2.865732 2.059149 3.031557 2.168437 2.8818 2.376029 2.8818 2.376029 2.715067 2.570251 2.725786 2.253145 2.715067 2.570251 2.55407 2.41978 2.725786 2.253145 2.725786 2.253145 2.55407 2.41978 2.13194 0.734187 2.55407 2.41978 2.29619 0.7470604 2.13194 0.734187 2.13194 0.734187 2.29619 0.7470604 2.09563 0.9527122 2.29619 0.7470604 2.260821 0.9527277 2.09563 0.9527122 -1.22875 0.9527277 2.265959 0.8674584 -1.263475 0.7470603 -1.263475 0.7470603 2.265959 0.8674584 2.384812 2.586199 2.265959 0.8674584 2.569973 2.434643 2.384812 2.586199 2.384812 2.586199 2.569973 2.434643 2.532545 2.749716 2.569973 2.434643 2.715067 2.570251 2.532545 2.749716 -1.106657 0.9527559 -1.233656 0.8679949 -1.061187 0.9527277 -1.061187 0.9527277 -1.233656 0.8679949 -1.092546 0.7470553 -1.092546 0.7470553 -1.233656 0.8679949 2.202125 2.737754 -1.233656 0.8679949 2.399405 2.602351 2.202125 2.737754 2.202125 2.737754 2.399405 2.602351 2.335535 2.913146 2.335535 2.913146 2.125442 3.059375 2.215304 2.755081 2.125442 3.059375 2.007304 2.873358 2.215304 2.755081 2.215304 2.755081 2.007304 2.873358 -1.096711 0.7341944 2.007304 2.873358 -0.9102642 0.747061 -1.096711 0.7341944 -1.096711 0.7341944 -0.9102642 0.747061 -1.061188 0.9527122 -0.9102642 0.747061 -0.882495 0.9527277 -1.061188 0.9527122 -0.543129 0.9527559 -0.6973385 0.8679896 -0.4968935 0.9527277 -0.4968935 0.9527277 -0.6973385 0.8679896 -0.516918 0.7470573 -0.516918 0.7470573 -0.6973385 0.8679896 1.586889 3.092961 -0.6973385 0.8679896 1.81181 3.011326 1.586889 3.092961 1.586889 3.092961 1.81181 3.011326 1.672078 3.296193 1.81181 3.011326 1.903763 3.187361 1.672078 3.296193 1.672078 3.296193 1.432039 3.385093 1.595302 3.113029 1.432039 3.385093 1.364298 3.175402 1.595302 3.113029 1.595302 3.113029 1.364298 3.175402 -0.519581 0.7341783 1.364298 3.175402 -0.3086567 0.7470501 -0.519581 0.7341783 -0.519581 0.7341783 -0.3086567 0.7470501 -0.4968941 0.9527122 -0.3086567 0.7470501 -0.2927318 0.9527277 -0.4968941 0.9527122 -0.08488804 0.8643773 -0.08291923 0.9527559 -0.2954084 0.8643773 -0.08291923 0.9527559 -0.292731 0.9527559 -0.2954084 0.8643773 0.08870297 0.9527559 -0.08457511 0.8679841 0.1310471 0.9527277 0.1310471 0.9527277 -0.08457511 0.8679841 0.123636 0.7470582 0.123636 0.7470582 -0.08457511 0.8679841 0.9022598 3.28261 -0.08457511 0.8679841 1.140464 3.259973 0.9022598 3.28261 0.9022598 3.28261 1.140464 3.259973 0.9337893 3.500714 1.140464 3.259973 1.185357 3.453429 0.9337893 3.500714 0.9337893 3.500714 0.6791298 3.526611 0.9053761 3.304168 0.6791298 3.526611 0.6661099 3.306625 0.9053761 3.304168 0.9053761 3.304168 0.6661099 3.306625 0.1226511 0.7341883 0.6661099 3.306625 0.3445851 0.7471083 0.1226511 0.7341883 0.1226511 0.7341883 0.3445851 0.7471083 0.1310468 0.9527118 0.3445851 0.7471083 0.3476438 0.9527277 0.1310468 0.9527118 0.5655471 0.8643773 0.5653265 0.9527559 0.3471294 0.8643773 0.5653265 0.9527559 0.347644 0.9527559 0.3471294 0.8643773 0.7825436 0.9527276 0.5655121 0.8679783 0.7882187 0.747065 0.7882187 0.747065 0.5655121 0.8679783 0.1919505 3.294605 0.5655121 0.8679783 0.4282246 3.332401 0.1919505 3.294605 0.1919505 3.294605 0.4282246 3.332401 0.1678048 3.513653 0.4282246 3.332401 0.4231936 3.530934 0.1678048 3.513653 0.1678048 3.513653 -0.08521622 3.474892 0.1895641 3.316254 -0.08521622 3.474892 -0.04268288 3.258678 0.1895641 3.316254 0.1895641 3.316254 -0.04268288 3.258678 0.7889733 0.7341882 -0.04268288 3.258678 1.007747 0.7470431 0.7889733 0.7341882 0.7889733 0.7341882 1.007747 0.7470431 0.7825438 0.9527121 1.007747 0.7470431 0.9977468 0.9527277 0.7825438 0.9527121 1.211797 0.8643773 1.209401 0.9527559 0.9994274 0.8643773 1.209401 0.9527559 0.9977463 0.9527559 0.9994274 0.8643773 1.416001 0.9527277 1.211417 0.8679722 1.434397 0.7470757 1.434397 0.7470757 1.211417 0.8679722 -0.4986932 3.128187 1.211417 0.8679722 -0.279431 3.223986 -0.4986932 3.128187 -0.4986932 3.128187 -0.279431 3.223986 -0.5769705 3.334183 -0.279431 3.223986 -0.3340658 3.414926 -0.5769705 3.334183 -0.5769705 3.334183 -0.8121986 3.233239 -0.5064253 3.148535 -0.8121986 3.233239 -0.7168257 3.034583 -0.5064253 3.148535 -0.5064253 3.148535 -0.7168257 3.034583 1.436847 0.7341826 -0.7168257 3.034583 1.638489 0.7470581 1.436847 0.7341826 1.436847 0.7341826 1.638489 0.7470581 1.416001 0.9527122 1.638489 0.7470581 1.616071 0.9527277 1.416001 0.9527122 1.812602 0.8643773 1.808184 0.9527559 1.619839 0.8643773 1.808184 0.9527559 1.61607 0.9527559 1.619839 0.8643773 1.990144 0.9527291 1.811903 0.867967 2.020923 0.7470633 2.020923 0.7470633 1.811903 0.867967 -1.125576 2.793966 1.811903 0.867967 -0.9373274 2.941669 -1.125576 2.793966 -1.125576 2.793966 -0.9373274 2.941669 -1.252986 2.973763 -0.9373274 2.941669 -1.038074 3.112813 -1.252986 2.973763 -1.252986 2.973763 -1.455403 2.81708 -1.138158 2.81172 -1.455403 2.81708 -1.313274 2.648663 -1.138158 2.81172 -1.138158 2.81172 -1.313274 2.648663 2.02491 0.7341728 -1.313274 2.648663 2.196537 0.7470819 2.02491 0.7341728 2.02491 0.7341728 2.196537 0.7470819 1.990976 0.9527121 2.196537 0.7470819 2.163138 0.9527277 1.990976 0.9527121 2.329603 0.8643773 2.323445 0.9527559 2.168754 0.8643773 2.323445 0.9527559 2.163136 0.9527559 2.168754 0.8643773 -1.163746 0.9527298 2.32863 0.8679614 -1.196531 0.7471008 -1.196531 0.7471008 2.32863 0.8679614 -1.648663 2.313274 2.32863 0.8679614 -1.503451 2.503451 -1.648663 2.313274 -1.648663 2.313274 -1.503451 2.503451 -1.81708 2.455403 -1.503451 2.503451 -1.643882 2.643882 -1.81708 2.455403 -1.81708 2.455403 -1.973763 2.252986 -1.665304 2.327317 -1.973763 2.252986 -1.793963 2.125574 -1.665304 2.327317 -1.665304 2.327317 -1.793963 2.125574 -1.201 0.7341447 -1.793963 2.125574 -1.020926 0.7470517 -1.201 0.7341447 -1.201 0.7341447 -1.020926 0.7470517 -1.16314 0.9527122 -1.020926 0.7470517 -0.9909755 0.9527277 -1.16314 0.9527122 -0.8126024 0.8643773 -0.8081841 0.9527559 -0.9960097 0.8643773 -0.8081841 0.9527559 -0.9909739 0.9527559 -0.9960097 0.8643773 -0.6163257 0.9527398 -0.8119056 0.8679554 -0.6384894 0.7470573 -0.6384894 0.7470573 -0.8119056 0.8679554 -2.034581 1.716825 -0.8119056 0.8679554 -1.941666 1.937325 -2.034581 1.716825 -2.034581 1.716825 -1.941666 1.937325 -2.233239 1.812199 -1.941666 1.937325 -2.112813 2.038074 -2.233239 1.812199 -2.233239 1.812199 -2.334183 1.57697 -2.054209 1.726248 -2.334183 1.57697 -2.128189 1.498694 -2.054209 1.726248 -2.054209 1.726248 -2.128189 1.498694 -0.6414662 0.7341981 -2.128189 1.498694 -0.4344012 0.7470544 -0.6414662 0.7341981 -0.6414662 0.7341981 -0.4344012 0.7470544 -0.6160715 0.9527121 -0.4344012 0.7470544 -0.4160011 0.9527277 -0.6160715 0.9527121 -0.3118572 0.9527559 -0.4185969 0.8680212 -0.2094022 0.9527277 -0.2094022 0.9527277 -0.4185969 0.8680212 -0.2236514 0.7470604 -0.2236514 0.7470604 -0.4185969 0.8680212 -2.203062 1.273444 -0.4185969 0.8680212 -2.148534 1.506425 -2.203062 1.273444 -2.203062 1.273444 -2.148534 1.506425 -2.414926 1.334066 -2.148534 1.506425 -2.334183 1.57697 -2.414926 1.334066 -2.414926 1.334066 -2.474892 1.085216 -2.223989 1.279432 -2.474892 1.085216 -2.258667 1.042681 -2.223989 1.279432 -2.223989 1.279432 -2.258667 1.042681 -0.2255455 0.7341881 -2.258667 1.042681 -0.007743835 0.7470694 -0.2255455 0.7341881 -0.2255455 0.7341881 -0.007743835 0.7470694 -0.2094026 0.9527123 -0.007743835 0.7470694 0.002253115 0.9527277 -0.2094026 0.9527123 0.2174564 0.9527277 0.007063567 0.9525042 0.2117809 0.7470588 0.007063567 0.9525042 -0.009075999 0.7341659 0.2117809 0.7470588 0.2117809 0.7470588 -0.009075999 0.7341659 -2.294619 0.808051 -0.009075999 0.7341659 -2.280033 1.046884 -2.294619 0.808051 -2.294619 0.808051 -2.280033 1.046884 -2.513653 0.8321952 -2.280033 1.046884 -2.474892 1.085216 -2.513653 0.8321952 0.3349337 0.9527559 0.2166556 0.8680194 0.4346734 0.9527277 0.4346734 0.9527277 0.2166556 0.8680194 0.4333612 0.7470589 0.4333612 0.7470589 0.2166556 0.8680194 -2.31064 0.571224 0.2166556 0.8680194 -2.316241 0.8104344 -2.31064 0.571224 -2.31064 0.571224 -2.316241 0.8104344 -2.530934 0.5768064 -2.316241 0.8104344 -2.513653 0.8321952 -2.530934 0.5768064 -2.530934 0.5768064 -2.526611 0.3208702 -2.332393 0.5717752 -2.526611 0.3208702 -2.306631 0.3338897 -2.332393 0.5717752 -2.332393 0.5717752 -2.306631 0.3338897 0.4331868 0.7341856 -2.306631 0.3338897 0.6554172 0.7470353 0.4331868 0.7341856 0.4331868 0.7341856 0.6554172 0.7470353 0.4346734 0.9527118 0.6554172 0.7470353 0.6523562 0.9527277 0.4346734 0.9527118 0.6651686 0.9527559 0.6531386 0.8525601 0.8689529 0.9527277 0.8689529 0.9527277 0.6531386 0.8525601 0.8763638 0.7470627 0.8763638 0.7470627 0.6531386 0.8525601 -2.282619 0.09773892 0.6531386 0.8525601 -2.328352 0.3326042 -2.282619 0.09773892 -2.282619 0.09773892 -2.328352 0.3326042 -2.500714 0.06621074 -2.328352 0.3326042 -2.526611 0.3208702 -2.500714 0.06621074 0.992534 0.9527559 0.8699988 0.8680176 1.08292 0.9527277 1.08292 0.9527277 0.8699988 0.8680176 1.094628 0.7470715 1.094628 0.7470715 0.8699988 0.8680176 -2.238768 -0.1355434 0.8699988 0.8680176 -2.304154 0.09462589 -2.238768 -0.1355434 -2.238768 -0.1355434 -2.304154 0.09462589 -2.453429 -0.1853569 -2.304154 0.09462589 -2.500714 0.06621074 -2.453429 -0.1853569 -2.453429 -0.1853569 -2.385093 -0.4320391 -2.259971 -0.1404638 -2.385093 -0.4320391 -2.175397 -0.364296 -2.259971 -0.1404638 -2.259971 -0.1404638 -2.175397 -0.364296 1.096188 0.7341635 -2.175397 -0.364296 1.308654 0.7470664 1.096188 0.7341635 1.096188 0.7341635 1.308654 0.7470664 1.08292 0.9527122 1.308654 0.7470664 1.292732 0.9527277 1.08292 0.9527122 1.312305 0.9527559 1.295595 0.8627926 1.496893 0.9527277 1.496893 0.9527277 1.295595 0.8627926 1.516917 0.7470632 1.516917 0.7470632 1.295595 0.8627926 -2.092959 -0.5868888 1.295595 0.8627926 -2.196114 -0.3709886 -2.092959 -0.5868888 -2.092959 -0.5868888 -2.196114 -0.3709886 -2.296193 -0.6720781 -2.196114 -0.3709886 -2.385093 -0.4320391 -2.296193 -0.6720781 1.617947 0.9527559 1.49972 0.8680129 1.693949 0.9527277 1.693949 0.9527277 1.49972 0.8680129 1.717932 0.7470585 1.717932 0.7470585 1.49972 0.8680129 -1.992037 -0.8017335 1.49972 0.8680129 -2.113035 -0.595304 -1.992037 -0.8017335 -1.992037 -0.8017335 -2.113035 -0.595304 -2.187361 -0.9037627 -2.113035 -0.595304 -2.296193 -0.6720781 -2.187361 -0.9037627 -2.187361 -0.9037627 -2.059375 -1.125442 -2.011332 -0.8118123 -2.059375 -1.125442 -1.873353 -1.0073 -2.011332 -0.8118123 -2.011332 -0.8118123 -1.873353 -1.0073 1.721119 0.7341883 -1.873353 -1.0073 1.910266 0.7470556 1.721119 0.7341883 1.721119 0.7341883 1.910266 0.7470556 1.69395 0.9527122 1.910266 0.7470556 1.882495 0.9527277 1.69395 0.9527122 1.906188 0.9527559 1.886881 0.8657471 2.061187 0.9527276 2.061187 0.9527276 1.886881 0.8657471 2.092543 0.7470648 2.092543 0.7470648 1.886881 0.8657471 -1.737752 -1.202123 1.886881 0.8657471 -1.89173 -1.018971 -1.737752 -1.202123 -1.737752 -1.202123 -1.89173 -1.018971 -1.913146 -1.335535 -1.89173 -1.018971 -2.059375 -1.125442 -1.913146 -1.335535 2.170279 0.9527559 2.065614 0.8680076 2.22875 0.9527276 2.22875 0.9527276 2.065614 0.8680076 2.263474 0.7470607 2.263474 0.7470607 2.065614 0.8680076 -1.586202 -1.384815 2.065614 0.8680076 -1.755079 -1.215303 -1.586202 -1.384815 -1.586202 -1.384815 -1.755079 -1.215303 -1.749716 -1.532545 -1.749716 -1.532545 -1.570251 -1.715067 -1.602353 -1.399407 -1.570251 -1.715067 -1.41978 -1.55407 -1.602353 -1.399407 -1.602353 -1.399407 -1.41978 -1.55407 2.26809 0.7341896 -1.41978 -1.55407 -1.296188 0.7470646 2.26809 0.7341896 2.26809 0.7341896 -1.296188 0.7470646 2.228751 0.9527122 -1.296188 0.7470646 -1.260821 0.9527277 2.228751 0.9527122 -1.232847 0.9527559 -1.266107 0.8668917 -1.095629 0.9527277 -1.095629 0.9527277 -1.266107 0.8668917 -1.127678 0.7470621 -1.127678 0.7470621 -1.266107 0.8668917 -1.239675 -1.708685 -1.266107 0.8668917 -1.434644 -1.569974 -1.239675 -1.708685 -1.239675 -1.708685 -1.434644 -1.569974 -1.37603 -1.8818 -1.434644 -1.569974 -1.570251 -1.715067 -1.37603 -1.8818 -0.9741851 0.9527559 -1.100155 0.8680021 -0.9190635 0.9527277 -0.9190635 0.9527277 -1.100155 0.8680021 -0.9475666 0.7470626 -0.9475666 0.7470626 -1.100155 0.8680021 -1.04717 -1.847557 -1.100155 0.8680021 -1.253145 -1.725786 -1.04717 -1.847557 -1.04717 -1.847557 -1.253145 -1.725786 -1.168436 -2.031557 -1.253145 -1.725786 -1.37603 -1.8818 -1.168436 -2.031557 -0.9489506 -2.163269 -0.8436374 -1.969696 -1.059149 -1.865733 -1.059149 -1.865733 -0.8436374 -1.969696 -0.9513571 0.7341847 -0.8436374 -1.969696 -0.7571378 0.7470586 -0.9513571 0.7341847 -0.9513571 0.7341847 -0.7571378 0.7470586 -0.9190643 0.9527121 -0.7571378 0.7470586 -0.7323833 0.9527277 -0.9190643 0.9527121 -0.6921035 0.9527559 -0.7359862 0.8674193 -0.5369188 0.9527277 -0.5369188 0.9527277 -0.7359862 0.8674193 -0.5577463 0.7470627 -0.5577463 0.7470627 -0.7359862 0.8674193 -0.6305274 -2.074232 -0.7359862 0.8674193 -0.8540404 -1.988817 -0.6305274 -2.074232 -0.6305274 -2.074232 -0.8540404 -1.988817 -0.7191372 -2.275998 -0.8540404 -1.988817 -0.9489506 -2.163269 -0.7191372 -2.275998 -0.3899404 0.9527559 -0.5398612 0.8679963 -0.3340634 0.9527277 -0.3340634 0.9527277 -0.5398612 0.8679963 -0.3508172 0.7470578 -0.3508172 0.7470578 -0.5398612 0.8679963 -0.4093595 -2.16042 -0.5398612 0.8679963 -0.6392804 -2.094163 -0.4093595 -2.16042 -0.4093595 -2.16042 -0.6392804 -2.094163 -0.4806339 -2.36894 -0.6392804 -2.094163 -0.7191372 -2.275998 -0.4806339 -2.36894 -0.4806339 -2.36894 -0.2351409 -2.441433 -0.4163991 -2.181015 -0.2351409 -2.441433 -0.1817092 -2.227643 -0.4163991 -2.181015 -0.4163991 -2.181015 -0.1817092 -2.227643 -0.3530433 0.7341899 -0.1817092 -2.227643 -0.1378225 0.7470585 -0.3530433 0.7341899 -0.3530433 0.7341899 -0.1378225 0.7470585 -0.3340639 0.9527121 -0.1378225 0.7470585 -0.1252629 0.9527277 -0.3340639 0.9527121 0.08660304 0.8643773 0.08799457 0.9527559 -0.1273742 0.8643773 0.08799457 0.9527559 -0.1252622 0.9527559 -0.1273742 0.8643773 0.2525787 0.9527559 0.08682465 0.8679901 0.3041881 0.9527277 0.3041881 0.9527277 0.08682465 0.8679901 0.3002547 0.7470565 0.3002547 0.7470565 0.08682465 0.8679901 0.2865108 -2.303425 0.08682465 0.8679901 0.04732251 -2.296911 0.2865108 -2.303425 0.2865108 -2.303425 0.04732251 -2.296911 0.2697779 -2.523154 0.04732251 -2.296911 0.01559209 -2.49296 0.2697779 -2.523154 0.2697779 -2.523154 0.5256046 -2.531799 0.2848581 -2.325128 0.5256046 -2.531799 0.5237436 -2.311442 0.2848581 -2.325128 0.2848581 -2.325128 0.5237436 -2.311442 0.2997322 0.7341905 0.5237436 -2.311442 0.522215 0.7470598 0.2997322 0.7341905 0.2997322 0.7341905 0.522215 0.7470598 0.304188 0.9527122 0.522215 0.7470598 0.5217776 0.9527277 0.304188 0.9527122 0.7400196 0.8643773 0.7392117 0.9527559 0.5218511 0.8643773 0.7392117 0.9527559 0.5217776 0.9527559 0.5218511 0.8643773 0.9113669 0.9527559 0.7398912 0.8679842 0.9549412 0.9527277 0.9549412 0.9527277 0.7398912 0.8679842 0.9640792 0.7470616 0.9640792 0.7470616 0.7398912 0.8679842 0.9960113 -2.267442 0.7398912 0.8679842 0.762826 -2.32109 0.9960113 -2.267442 0.9960113 -2.267442 0.762826 -2.32109 1.034888 -2.484351 0.762826 -2.32109 0.7812488 -2.518834 1.034888 -2.484351 1.034888 -2.484351 1.284715 -2.428597 0.9998515 -2.288868 1.284715 -2.428597 1.22768 -2.21574 0.9998515 -2.288868 0.9998515 -2.288868 1.22768 -2.21574 0.9652943 0.7341852 1.22768 -2.21574 1.180834 0.7470596 0.9652943 0.7341852 0.9652943 0.7341852 1.180834 0.7470596 0.9549415 0.9527121 1.180834 0.7470596 1.167428 0.9527277 0.9549415 0.9527121 0.9549407 0.9527559 1.167427 0.9527559 1.167427 1.307087 -0.1674271 1.307087 -0.1541092 2.094488 -0.5912415 1.307087 -0.1541092 2.094488 -0.6430488 2.094488 -0.5912415 1.307087 -0.5912415 1.307087 -0.6430488 2.094488 -1.145802 1.307087 -0.6430488 2.094488 -1.190549 2.094488 -1.145802 1.307087 -1.145802 1.307087 -1.190549 2.094488 1.865016 1.307087 -1.190549 2.094488 1.948212 2.094488 1.865016 1.307087 1.948212 2.094488 1.381706 2.094488 1.865016 1.307087 1.865016 1.307087 1.381706 2.094488 1.167336 1.307087 1.381706 2.094488 0.9115667 2.094488 1.167336 1.307087 1.167336 1.307087 0.9115667 2.094488 0.9549407 0.9527559 0.829506 0.9527559 0.829762 2.094488 0.6958117 0.9527559 0.82951 0.9527559 1.125262 0.9527559 0.829762 2.094488 0.829762 2.094488 1.125262 0.9527559 1.154109 2.094488 1.467716 2.094488 1.154109 2.094488 1.466955 0.952756 1.466955 0.952756 1.154109 2.094488 1.125262 0.9527559 2.042372 2.094488 1.765433 2.094488 2.041219 0.9527559 2.041219 0.9527559 1.765433 2.094488 1.732382 0.9527559 2.041228 0.9527559 2.260819 0.9527559 2.042372 2.094488 2.042372 2.094488 2.260819 0.9527559 2.293984 2.094488 -1.107818 2.094488 2.293984 2.094488 -1.106663 0.9527559 -1.106663 0.9527559 2.293984 2.094488 2.260819 0.9527559 -1.106655 0.9527559 -0.8824935 0.9527559 -1.107818 2.094488 -1.107818 2.094488 -0.8824935 0.9527559 -0.8367997 2.094488 -0.543831 2.094488 -0.8367997 2.094488 -0.5431364 0.9527559 -0.5431364 0.9527559 -0.8367997 2.094488 -0.8824936 0.9527559 -0.5431268 0.9527559 -0.292731 0.9527559 -0.543831 2.094488 -0.543831 2.094488 -0.292731 0.9527559 -0.2337227 2.094488 0.08843332 2.094488 -0.2337227 2.094488 0.08869457 0.952756 0.08869457 0.952756 -0.2337227 2.094488 -0.2927309 0.9527559 0.08870494 0.9527559 0.347644 0.9527559 0.08843332 2.094488 0.08843332 2.094488 0.347644 0.9527559 0.4173473 2.094488 0.7476184 2.094488 0.4173473 2.094488 0.7475257 0.9527559 0.7475257 0.9527559 0.4173473 2.094488 0.347644 0.9527559 0.7475363 0.9527559 0.9977463 0.9527559 0.7476184 2.094488 0.7476184 2.094488 0.9977463 0.9527559 1.073824 2.094488 1.390607 2.094488 1.073824 2.094488 1.390282 0.9527559 1.390282 0.9527559 1.073824 2.094488 0.9977463 0.9527559 1.390292 0.9527559 1.61607 0.9527559 1.390607 2.094488 1.390607 2.094488 1.61607 0.9527559 1.692766 2.094488 1.97534 2.094488 1.692766 2.094488 1.974932 0.9527559 1.974932 0.9527559 1.692766 2.094488 1.61607 0.9527559 1.974941 0.952756 2.163136 0.9527559 1.97534 2.094488 1.97534 2.094488 2.163136 0.9527559 2.233689 2.094488 -1.171613 2.094488 2.233689 2.094488 -1.171145 0.9527559 -1.171145 0.9527559 2.233689 2.094488 2.163136 0.9527559 -1.171311 0.9527559 -0.9909739 0.9527559 -1.171613 2.094488 -1.171613 2.094488 -0.9909739 0.9527559 -0.9067929 2.094488 -0.4160001 0.9527559 -0.3118572 0.9527559 -0.3125823 2.094488 -0.9909739 0.9527559 -0.4159346 0.9527559 -0.9071831 2.094488 -0.9071831 2.094488 -0.4159346 0.9527559 -0.3125823 2.094488 -0.3118523 0.9527559 0.002253651 0.9527559 -0.3125823 2.094488 -0.3125823 2.094488 0.002253651 0.9527559 0.007051587 2.094488 0.652356 0.9527559 0.6652204 2.094488 0.5 2.094488 0.002253711 0.9527559 0.6527031 0.9527559 0.007051587 2.094488 0.007051587 2.094488 0.6527031 0.9527559 0.5001658 2.094488 0.9929484 2.094488 0.6652204 2.094488 0.9925273 0.9527559 0.9925273 0.9527559 0.6652204 2.094488 0.652356 0.9527559 0.9925382 0.9527559 1.292731 0.9527559 0.9929484 2.094488 0.9929484 2.094488 1.292731 0.9527559 1.312582 2.094488 1.618873 2.094488 1.312582 2.094488 1.617941 0.952756 1.617941 0.952756 1.312582 2.094488 1.292731 0.9527559 1.617951 0.9527559 1.882493 0.9527559 1.618873 2.094488 1.618873 2.094488 1.882493 0.9527559 1.906793 2.094488 2.171613 2.094488 1.906793 2.094488 2.170273 0.9527559 2.170273 0.9527559 1.906793 2.094488 1.882493 0.9527559 2.170282 0.952756 -1.260819 0.9527559 2.171613 2.094488 2.171613 2.094488 -1.260819 0.9527559 -1.233689 2.094488 -0.9753402 2.094488 -1.233689 2.094488 -0.9741913 0.9527559 -0.9741913 0.9527559 -1.233689 2.094488 -1.260819 0.9527559 -0.9741825 0.9527559 -0.7323819 0.9527559 -0.9753402 2.094488 -0.9753402 2.094488 -0.7323819 0.9527559 -0.6927661 2.094488 -0.3906068 2.094488 -0.6927661 2.094488 -0.3899477 0.9527559 -0.3899477 0.9527559 -0.6927661 2.094488 -0.7323818 0.9527559 -0.3899377 0.9527559 -0.1252623 0.9527559 -0.3906068 2.094488 -0.3906068 2.094488 -0.1252623 0.9527559 -0.07382369 2.094488 0.2523816 2.094488 -0.07382369 2.094488 0.2525707 0.952756 0.2525707 0.952756 -0.07382369 2.094488 -0.1252622 0.9527559 0.2525811 0.9527559 0.5217776 0.9527559 0.2523816 2.094488 0.2523816 2.094488 0.5217776 0.9527559 0.5826527 2.094488 0.5217776 0.9527559 0.9549273 0.9527559 0.5826527 2.094488 0.5826527 2.094488 0.9549273 0.9527559 0.9115667 2.094488 0.170238 2.094488 -0.1541092 2.094488 0.1705327 0.9527559 0.1705327 0.9527559 -0.1541092 2.094488 -0.167427 0.95278 0.6188322 0.6318987 0.6541121 0.5827174 0.6436373 0.6043586 0.3268459 0.5243373 0.3240602 0.4847244 0.3339852 0.4423726 0.6731534 0.4756594 0.6759397 0.5152775 0.6660149 0.5576274 0.6043586 0.1996338 0.5369269 0.1996338 0.5827655 0.1519531 0.5827655 0.1519531 0.5369269 0.1996338 0.5579324 0.1467375 0.4420676 0.1467375 0.4628251 0.1996338 0.4172167 0.1517536 0.4628251 0.1996338 0.3956414 0.1996338 0.4172167 0.1517536 0.6043586 0.1996338 0.5369269 0.1996338 0.5827656 0.1519531 0.4628251 0.1996338 0.3956414 0.1996338 0.4172168 0.1517536 0.4172395 0.1420245 0.3941825 0.1996338 0.5888418 0.1420245 0.3941825 0.1996338 0.5887727 0.1996338 0.5888418 0.1420245 0.5827605 0.151952 0.5893127 0.1996338 0.5560375 0.1438264 0.5560375 0.1438264 0.5893127 0.1996338 0.4450423 0.1420245 0.5893127 0.1996338 0.4451546 0.1996338 0.4450423 0.1420245 0.4456733 0.1996338 0.6043586 0.1996338 0.4114476 0.1420245 0.4114476 0.1420245 0.6043586 0.1996338 0.5827653 0.142557 0.4630862 0.1996338 0.4430605 0.1465171 0.5370959 0.1996338 0.4430605 0.1465171 0.5579257 0.142226 0.5370959 0.1996338 0.4172395 0.1420245 0.3941817 0.1996338 0.588842 0.1420245 0.3941817 0.1996338 0.5887727 0.1996338 0.588842 0.1420245 0.5827605 0.151952 0.5893104 0.1996338 0.5560375 0.1438264 0.5560375 0.1438264 0.5893104 0.1996338 0.4450423 0.1420245 0.5893104 0.1996338 0.4451546 0.1996338 0.4450423 0.1420245 0.4172395 0.151952 0.4456756 0.1996338 0.4114476 0.1420245 0.4456756 0.1996338 0.6043586 0.1996338 0.4114476 0.1420245 0.4114476 0.1420245 0.6043586 0.1996338 0.5827653 0.142557 0.4630862 0.1996338 0.4430605 0.1465171 0.5370959 0.1996338 0.4430605 0.1465171 0.5579257 0.142226 0.5370959 0.1996338 0.6621958 0.5722142 0.8841658 0.7217982 0.6198518 0.6307752 0.8841658 0.7217982 0.8519287 0.7700444 0.6198518 0.6307752 0.6775454 0.5 0.9398014 0.557901 0.6736656 0.5369138 0.9398014 0.557901 0.9191589 0.6422738 0.6736656 0.5369138 0.6736656 0.5369138 0.9191589 0.6422738 0.6621958 0.5722142 0.6621958 0.5722142 0.9191589 0.6422738 0.8841658 0.7217982 0.3224546 0.5 0.3263344 0.5369138 0.0601986 0.557901 0.6736656 0.4630862 0.9398422 0.4427211 0.6775454 0.5 0.6775454 0.5 0.9398422 0.4427211 0.9398014 0.557901 0.4814414 0.3234272 0.5 0.05640363 0.5533276 0.3308175 0.5 0.05640363 0.557901 0.0601986 0.5533276 0.3308175 0.4112273 0.3462411 0.330243 0.09017038 0.4451354 0.3311442 0.330243 0.09017038 0.4136462 0.06585818 0.4451354 0.3311442 0.4451354 0.3311442 0.4136462 0.06585818 0.4814414 0.3234272 0.4814414 0.3234272 0.4136462 0.06585818 0.5 0.05640363 0.0601986 0.557901 0.05830144 0.4710438 0.3224546 0.5 0.3224546 0.5 0.05830144 0.4710438 0.3373559 0.4291657 0.05830144 0.4710438 0.07151877 0.3851888 0.3373559 0.4291657 0.3563627 0.6043586 0.1158342 0.7217982 0.3378042 0.5722142 0.1158342 0.7217982 0.08084517 0.642286 0.3378042 0.5722142 0.3378042 0.5722142 0.08084517 0.642286 0.3263344 0.5369138 0.3263344 0.5369138 0.08084517 0.642286 0.0601986 0.557901 0.4112273 0.6537589 0.2299556 0.8519287 0.3811989 0.631942 0.2299556 0.8519287 0.1671991 0.7918555 0.3811989 0.631942 0.3811989 0.631942 0.1671991 0.7918555 0.3563627 0.6043586 0.3563627 0.6043586 0.1671991 0.7918555 0.1158342 0.7217982 0.4451354 0.6688558 0.3296838 0.9095539 0.4112273 0.6537589 0.4112273 0.6537589 0.3296838 0.9095539 0.2299556 0.8519287 0.5887727 0.6537589 0.669757 0.9098296 0.5199762 0.6762715 0.669757 0.9098296 0.6148112 0.9284812 0.5199762 0.6762715 0.6436373 0.3956414 0.8841658 0.2782018 0.6621958 0.4277858 0.8841658 0.2782018 0.919156 0.3577177 0.6621958 0.4277858 0.6621958 0.4277858 0.919156 0.3577177 0.6736656 0.4630862 0.6736656 0.4630862 0.919156 0.3577177 0.9398014 0.442099 0.5887727 0.3462411 0.7700444 0.1480713 0.6188011 0.368058 0.7700444 0.1480713 0.8327979 0.2081412 0.6188011 0.368058 0.6188011 0.368058 0.8327979 0.2081412 0.6436373 0.3956414 0.6436373 0.3956414 0.8327979 0.2081412 0.8841658 0.2782018 0.3811989 0.368058 0.2304738 0.147725 0.4112273 0.3462411 0.4112273 0.3462411 0.2304738 0.147725 0.330243 0.09017038 0.6148112 0.9284812 0.557901 0.9398014 0.5185586 0.6765728 0.557901 0.9398014 0.4710478 0.9416988 0.5185586 0.6765728 0.5185586 0.6765728 0.4710478 0.9416988 0.4814414 0.6765728 0.4814414 0.6765728 0.4710478 0.9416988 0.4451354 0.6688558 0.4710478 0.9416988 0.3306015 0.9099513 0.4451354 0.6688558 0.8519287 0.7700444 0.81367 0.81367 0.6188011 0.631942 0.81367 0.81367 0.7459345 0.8680384 0.6188011 0.631942 0.6188011 0.631942 0.7459345 0.8680384 0.5887727 0.6537589 0.5887727 0.6537589 0.7459345 0.8680384 0.669757 0.9098296 0.557901 0.0601986 0.6422857 0.08084511 0.5548646 0.3311442 0.5548646 0.3311442 0.6422857 0.08084511 0.5887727 0.3462411 0.6422857 0.08084511 0.7217982 0.1158342 0.5887727 0.3462411 0.5887727 0.3462411 0.7217982 0.1158342 0.7700444 0.1480713 0.07151877 0.3851888 0.1030036 0.3042197 0.3378042 0.4277858 0.3378042 0.4277858 0.1030036 0.3042197 0.3563627 0.3956414 0.1030036 0.3042197 0.167203 0.2081401 0.3563627 0.3956414 0.3563627 0.3956414 0.167203 0.2081401 0.3811989 0.368058 0.3811989 0.368058 0.167203 0.2081401 0.2299556 0.1480713 0.5 0.5058478 0.557901 0.1996338 0.6488741 0.5058478 0.557901 0.1996338 0.5327401 0.1996338 0.6488741 0.5058478 0.6488741 0.5058478 0.5327401 0.1996338 0.3556779 0.5058478 0.5327401 0.1996338 0.3785421 0.1996338 0.3556779 0.5058478 0.3556779 0.5058478 0.3785421 0.1996338 0.5653778 0.5058478 0.3785421 0.1996338 0.6071975 0.1996338 0.5653778 0.5058478 0.6071975 0.1996338 0.662253 0.1996338 0.5653778 0.5058478 0.5653778 0.5058478 0.662253 0.1996338 0.7743175 0.5058478 0.7743175 0.5058478 0.662253 0.1996338 0.3414115 0.5058478 0.662253 0.1996338 0.3244792 0.1996338 0.3414115 0.5058478 0.3244792 0.1996338 0.5479581 0.1996338 0.3414115 0.5058478 0.3414115 0.5058478 0.5479581 0.1996338 0.593708 0.5058478 0.5479581 0.1996338 0.4875386 0.1996338 0.593708 0.5058478 0.593708 0.5058478 0.4875386 0.1996338 0.4665212 0.5058478 0.4875386 0.1996338 0.3244777 0.1996338 0.4665212 0.5058478 0.4665212 0.5058478 0.3244777 0.1996338 0.4244157 0.5058478 0.3244777 0.1996338 0.520465 0.1996338 0.4244157 0.5058478 0.4244157 0.5058478 0.520465 0.1996338 0.701493 0.5058478 0.520465 0.1996338 0.7369365 0.1996338 0.701493 0.5058478 0.701493 0.5058478 0.7369365 0.1996338 0.3849745 0.5058478 0.7369365 0.1996338 0.3525276 0.1996338 0.3849745 0.5058478 0.3849745 0.5058478 0.3525276 0.1996338 0.5007565 0.5058478 0.3525276 0.1996338 0.557901 0.1996338 0.5007565 0.5058478 0.8886492 0.5546091 0.9398014 0.557901 0.9284812 0.6148112 0.9098296 0.669757 0.8770713 0.6081853 0.9284812 0.6148112 0.9284812 0.6148112 0.8770713 0.6081853 0.8886492 0.5546091 0.8841658 0.7217982 0.8581975 0.6595736 0.9098296 0.669757 0.9098296 0.669757 0.8581975 0.6595736 0.8770964 0.6081113 0.8519287 0.7700444 0.83239 0.7078278 0.8841658 0.7217982 0.8841658 0.7217982 0.83239 0.7078278 0.8582447 0.6594777 0.81367 0.81367 0.8001517 0.752021 0.8519287 0.7700444 0.8519287 0.7700444 0.8001517 0.752021 0.8324612 0.7077211 0.7700444 0.8519287 0.7621086 0.7913054 0.81367 0.81367 0.81367 0.81367 0.7621086 0.7913054 0.8002453 0.7519144 0.7217982 0.8841658 0.7189966 0.8249273 0.7700444 0.8519287 0.7700444 0.8519287 0.7189966 0.8249273 0.7622193 0.7912082 0.669757 0.9098296 0.6717676 0.8521841 0.7217982 0.8841658 0.6717676 0.8521841 0.7186532 0.8251568 0.7217982 0.8841658 0.6148112 0.9284812 0.6210841 0.8726927 0.669757 0.9098296 0.6210841 0.8726927 0.6713678 0.8523812 0.669757 0.9098296 0.557901 0.9398014 0.5680417 0.8859773 0.6148112 0.9284812 0.5680417 0.8859773 0.6207551 0.8728044 0.6148112 0.9284812 0.5 0.9435964 0.5136612 0.8917804 0.557901 0.9398014 0.5136612 0.8917804 0.567786 0.8860282 0.557901 0.9398014 0.442099 0.9398014 0.4589894 0.8899879 0.5 0.9435964 0.4589894 0.8899879 0.5134757 0.8917925 0.5 0.9435964 0.3851888 0.9284812 0.4050789 0.8806306 0.442099 0.9398014 0.4050789 0.8806306 0.4588668 0.8899798 0.442099 0.9398014 0.2299556 0.8519287 0.3036621 0.8400673 0.3043048 0.8970384 0.3036621 0.8400673 0.4044 0.8804202 0.3043048 0.8970384 0.3043048 0.8970384 0.4044 0.8804202 0.3851888 0.9284812 0.18633 0.81367 0.2583506 0.8092476 0.2299556 0.8519287 0.2299556 0.8519287 0.2583506 0.8092476 0.3036621 0.8400673 0.1480713 0.7700444 0.2177733 0.7724607 0.18633 0.81367 0.18633 0.81367 0.2177733 0.7724607 0.2583825 0.8092755 0.1158342 0.7217982 0.1827065 0.7304213 0.1480713 0.7700444 0.1480713 0.7700444 0.1827065 0.7304213 0.2178248 0.7725194 0.09017032 0.669757 0.1538209 0.6839444 0.1158342 0.7217982 0.1158342 0.7217982 0.1538209 0.6839444 0.1827659 0.7305102 0.07151877 0.6148112 0.1316674 0.6339285 0.09017032 0.669757 0.09017032 0.669757 0.1316674 0.6339285 0.1538776 0.6840593 0.0601986 0.557901 0.1166679 0.5813398 0.07151877 0.6148112 0.07151877 0.6148112 0.1166679 0.5813398 0.131713 0.6340628 0.05640357 0.5 0.1091064 0.5271931 0.0601986 0.557901 0.0601986 0.557901 0.1091064 0.5271931 0.1166967 0.5814844 0.0601986 0.442099 0.1091158 0.472663 0.05640357 0.5 0.1091158 0.472663 0.1090795 0.5267817 0.05640357 0.5 0.07151877 0.3851888 0.1166967 0.4185156 0.0601986 0.442099 0.1166967 0.4185156 0.1091451 0.472218 0.0601986 0.442099 0.09017032 0.330243 0.131713 0.3659372 0.07151877 0.3851888 0.131713 0.3659372 0.1167645 0.4181748 0.07151877 0.3851888 0.1158342 0.2782018 0.1538776 0.3159407 0.09017032 0.330243 0.1538776 0.3159407 0.1317968 0.3656902 0.09017032 0.330243 0.1480713 0.2299556 0.1827659 0.2694898 0.1158342 0.2782018 0.1827659 0.2694898 0.1539598 0.315774 0.1158342 0.2782018 0.18633 0.18633 0.2178248 0.2274806 0.1480713 0.2299556 0.2178248 0.2274806 0.1828342 0.2693876 0.1480713 0.2299556 0.330243 0.09017038 0.3036621 0.1599327 0.2540153 0.1319951 0.3036621 0.1599327 0.2183471 0.2269973 0.2540153 0.1319951 0.2540153 0.1319951 0.2183471 0.2269973 0.18633 0.18633 0.3851888 0.07151877 0.3530084 0.1361018 0.330243 0.09017038 0.330243 0.09017038 0.3530084 0.1361018 0.3036621 0.1599327 0.442099 0.0601986 0.4051555 0.1193541 0.3851888 0.07151877 0.3851888 0.07151877 0.4051555 0.1193541 0.3529683 0.1361154 0.5 0.05640363 0.459096 0.1100051 0.442099 0.0601986 0.442099 0.0601986 0.459096 0.1100051 0.4050789 0.1193694 0.557901 0.0601986 0.5137891 0.108228 0.5 0.05640363 0.5 0.05640363 0.5137891 0.108228 0.4589894 0.1100121 0.6148112 0.07151877 0.5681808 0.1140503 0.557901 0.0601986 0.557901 0.0601986 0.5681808 0.1140503 0.5136612 0.1082196 0.669757 0.09017038 0.6212236 0.1273546 0.6148112 0.07151877 0.6148112 0.07151877 0.6212236 0.1273546 0.5680417 0.1140227 0.7217982 0.1158342 0.671897 0.1478797 0.669757 0.09017038 0.669757 0.09017038 0.671897 0.1478797 0.6210841 0.1273072 0.7700444 0.1480713 0.7191165 0.1751528 0.7217982 0.1158342 0.7191165 0.1751528 0.6722674 0.1480624 0.7217982 0.1158342 0.81367 0.18633 0.7622193 0.2087918 0.7700444 0.1480713 0.7622193 0.2087918 0.7194874 0.1754007 0.7700444 0.1480713 0.8519287 0.2299556 0.8002453 0.2480856 0.81367 0.18633 0.8002453 0.2480856 0.7624804 0.2090207 0.81367 0.18633 0.8841658 0.2782018 0.8324612 0.2922789 0.8519287 0.2299556 0.8324612 0.2922789 0.8004172 0.2482815 0.8519287 0.2299556 0.9098296 0.330243 0.8582447 0.3405223 0.8841658 0.2782018 0.8582447 0.3405223 0.8325646 0.2924336 0.8841658 0.2782018 0.9284812 0.3851888 0.8770964 0.3918887 0.9098296 0.330243 0.8770964 0.3918887 0.8582991 0.3406325 0.9098296 0.330243 0.8886551 0.5545794 0.8906609 0.4692624 0.9398014 0.557901 0.9398014 0.557901 0.8906609 0.4692624 0.9416934 0.4709661 0.9416934 0.4709661 0.8906609 0.4692624 0.9284812 0.3851888 0.8906609 0.4692624 0.8771193 0.391956 0.9284812 0.3851888 0.8893164 0.5512545 0.7020449 0.5283955 0.7040305 0.5 0.8893164 0.5512545 0.8792957 0.601632 0.7020449 0.5283955 0.8792958 0.601632 0.8627852 0.6502706 0.6961267 0.5562384 0.6961267 0.5562384 0.8627852 0.6502706 0.6863911 0.5829867 0.8627852 0.6502706 0.8400673 0.6963379 0.6863911 0.5829867 0.6863911 0.5829867 0.8400673 0.6963379 0.6730277 0.6081197 0.8400673 0.6963379 0.8115307 0.7390459 0.6730277 0.6081197 0.6730277 0.6081197 0.8115307 0.7390459 0.6562964 0.6311483 0.8115307 0.7390459 0.7776638 0.7776638 0.6562964 0.6311483 0.7776638 0.7776639 0.7390459 0.8115307 0.6365231 0.6516242 0.6365231 0.6516242 0.7390459 0.8115307 0.6140924 0.6691489 0.7390459 0.8115308 0.6963379 0.8400673 0.6140924 0.6691489 0.6140924 0.6691489 0.6963379 0.8400673 0.5894411 0.6833814 0.6963379 0.8400673 0.6502706 0.8627852 0.5894411 0.6833814 0.6502706 0.8627852 0.601632 0.8792957 0.5630489 0.6940445 0.5630489 0.6940445 0.601632 0.8792957 0.5354295 0.7009308 0.601632 0.8792957 0.5512545 0.8893164 0.5354295 0.7009308 0.5512545 0.8893164 0.5 0.8926759 0.5071205 0.7039062 0.5071205 0.7039062 0.5 0.8926759 0.478673 0.7029128 0.5 0.8926759 0.4487455 0.8893164 0.478673 0.7029128 0.4487455 0.8893164 0.3983681 0.8792957 0.4506406 0.6979699 0.4506406 0.6979699 0.3983681 0.8792957 0.4235688 0.6891738 0.398368 0.8792957 0.3497294 0.8627852 0.4235688 0.6891738 0.4235688 0.6891738 0.3497294 0.8627852 0.3979847 0.6766956 0.3497294 0.8627852 0.2613236 0.8117776 0.3979847 0.6766956 0.2609542 0.8115308 0.2223362 0.7776638 0.3743863 0.6607782 0.3743863 0.6607782 0.2223362 0.7776638 0.3532327 0.6417315 0.2223362 0.7776639 0.1884693 0.7390459 0.3532327 0.6417315 0.1884692 0.7390459 0.1599327 0.6963379 0.3349358 0.6199261 0.3349358 0.6199261 0.1599327 0.6963379 0.3198518 0.5957865 0.1599326 0.6963378 0.1372148 0.6502706 0.3198518 0.5957865 0.1372148 0.6502706 0.1207043 0.601632 0.308274 0.5697826 0.308274 0.5697826 0.1207043 0.601632 0.300428 0.5424203 0.1207042 0.6016319 0.1073687 0.5006799 0.300428 0.5424203 0.2964665 0.4857675 0.1106835 0.4487455 0.300428 0.4575797 0.1106835 0.4487455 0.1207043 0.398368 0.300428 0.4575797 0.1207043 0.398368 0.1372148 0.3497294 0.308274 0.4302174 0.308274 0.4302174 0.1372148 0.3497294 0.3198518 0.4042135 0.1372148 0.3497294 0.1599327 0.3036621 0.3198518 0.4042135 0.1599327 0.3036621 0.1884693 0.2609541 0.3349358 0.3800739 0.3349358 0.3800739 0.1884693 0.2609541 0.3532327 0.3582685 0.1884693 0.2609541 0.2223362 0.2223362 0.3532327 0.3582685 0.2223362 0.2223362 0.2609541 0.1884693 0.3743863 0.3392218 0.3743863 0.3392218 0.2609541 0.1884693 0.3979847 0.3233044 0.2609541 0.1884693 0.3493311 0.1374112 0.3979847 0.3233044 0.3979847 0.3233044 0.3493311 0.1374112 0.4235688 0.3108262 0.3497294 0.1372148 0.398368 0.1207043 0.4235688 0.3108262 0.398368 0.1207043 0.4487455 0.1106836 0.4506406 0.3020301 0.4506406 0.3020301 0.4487455 0.1106836 0.478673 0.2970872 0.4487455 0.1106836 0.5 0.1073241 0.478673 0.2970872 0.5 0.1073241 0.5512545 0.1106836 0.5071205 0.2960938 0.5071205 0.2960938 0.5512545 0.1106836 0.5354295 0.2990692 0.5512546 0.1106836 0.601632 0.1207043 0.5354295 0.2990692 0.5354295 0.2990692 0.601632 0.1207043 0.5630489 0.3059555 0.6016321 0.1207043 0.6502706 0.1372148 0.5630489 0.3059555 0.6502707 0.1372148 0.6963379 0.1599327 0.5894411 0.3166186 0.5894411 0.3166186 0.6963379 0.1599327 0.6140924 0.3308511 0.6963379 0.1599327 0.7390459 0.1884693 0.6140924 0.3308511 0.6365231 0.3483758 0.7776638 0.2223362 0.6562964 0.3688517 0.7776638 0.2223362 0.8115307 0.2609541 0.6562964 0.3688517 0.6562964 0.3688517 0.8115307 0.2609541 0.6730277 0.3918803 0.8115307 0.2609541 0.8400673 0.3036621 0.6730277 0.3918803 0.8400673 0.3036621 0.8627852 0.3497294 0.6863911 0.4170133 0.8627852 0.3497294 0.8792957 0.398368 0.6961267 0.4437616 0.6961267 0.4437616 0.8792957 0.398368 0.7020449 0.4716045 0.8792957 0.398368 0.8906584 0.4692256 0.7020449 0.4716045 0.7040305 0.5 0.8906584 0.4692256 0.8893164 0.5512545 0.4200595 0.47858 0.4172395 0.5 0.2964665 0.4857675 0.4200595 0.52142 0.2964638 0.5141555 0.4172395 0.5 0.7020449 0.5283955 0.5799406 0.52142 0.5827605 0.5 0.478673 0.2970872 0.5 0.4172395 0.47858 0.4200594 0.4200595 0.52142 0.3081566 0.5693733 0.2964665 0.5142325 0.4283273 0.5413803 0.3347181 0.6195776 0.308274 0.5697826 0.4586197 0.5716727 0.3740916 0.6605129 0.4414795 0.5585206 0.4414795 0.5585206 0.3740916 0.6605129 0.3349358 0.6199261 0.47858 0.5799406 0.5 0.5827605 0.478673 0.7029128 0.5799406 0.47858 0.7020715 0.4719853 0.5827605 0.5 0.5827605 0.5 0.7020715 0.4719853 0.7020449 0.5283955 0.5799406 0.47858 0.6865167 0.4173581 0.7020449 0.4716045 0.5585206 0.4414794 0.6565027 0.3691357 0.5716727 0.4586197 0.5716727 0.4586197 0.6565027 0.3691357 0.6863911 0.4170133 0.2964665 0.4857675 0.3081567 0.4306265 0.4200595 0.47858 0.478673 0.7029128 0.4371094 0.6935734 0.47858 0.5799406 0.4371094 0.6935734 0.3745259 0.6608723 0.4586197 0.5716727 0.7020449 0.5283955 0.6912567 0.5696187 0.5799406 0.52142 0.5799406 0.52142 0.6912567 0.5696187 0.5716727 0.5413803 0.6912567 0.5696187 0.6563797 0.6310335 0.5716727 0.5413803 0.5413803 0.4283273 0.6143584 0.3310589 0.5585206 0.4414794 0.5585206 0.4414794 0.6143584 0.3310589 0.6562964 0.3688517 0.4788679 0.2970804 0.5492528 0.3025158 0.5 0.4172395 0.5 0.4172395 0.5492528 0.3025158 0.5408158 0.4280934 0.5492528 0.3025158 0.6139002 0.3307401 0.5408158 0.4280934 0.47858 0.4200594 0.4239454 0.3107038 0.478673 0.2970872 0.308274 0.4302174 0.3347181 0.3804223 0.4283273 0.4586197 0.4283273 0.4586197 0.3347181 0.3804223 0.4414795 0.4414794 0.5 0.5827605 0.5350795 0.7009676 0.478673 0.7029128 0.6562964 0.6311483 0.6253125 0.6603829 0.5580598 0.5588743 0.6253125 0.6603829 0.5762549 0.6887089 0.5580598 0.5588743 0.5580598 0.5588743 0.5762549 0.6887089 0.52142 0.5799406 0.52142 0.5799406 0.5762549 0.6887089 0.5354295 0.7009308 0.3349358 0.3800739 0.3638075 0.348747 0.4414795 0.4414794 0.3638075 0.348747 0.4234178 0.3108999 0.4586197 0.4283273 0.5297375 0.6714713 0.5579324 0.6641054 0.5579324 0.7177089 0.5579769 0.7176991 0.5112257 0.7250051 0.5297375 0.6714713 0.4422426 0.7177473 0.4426733 0.6642637 0.5111792 0.7250053 0.4426733 0.6642637 0.5 0.6740308 0.5111792 0.7250053 0.2823008 0.5579769 0.2749948 0.5112257 0.3285287 0.5297375 0.3285287 0.5297375 0.2749948 0.5112257 0.3259692 0.5 0.2822527 0.4422428 0.3357362 0.442674 0.2749946 0.5111793 0.3357362 0.442674 0.3259692 0.5 0.2749946 0.5111793 0.4702626 0.3285287 0.4420676 0.3358946 0.4420676 0.2822911 0.4420231 0.2823009 0.4887743 0.2749949 0.4702626 0.3285287 0.5577574 0.2822527 0.5573259 0.3357362 0.4888209 0.2749947 0.5573259 0.3357362 0.5 0.3259692 0.4888209 0.2749947 0.6152302 0.6935855 0.5827605 0.7095329 0.5827605 0.6530929 0.5828075 0.6530662 0.6226142 0.6226589 0.6155877 0.6933304 0.6155877 0.6933304 0.6226142 0.6226589 0.6826372 0.6305742 0.6226142 0.6226589 0.6495432 0.5890144 0.6826372 0.6305742 0.6495432 0.5890144 0.7095329 0.5827605 0.6826372 0.6305742 0.3064145 0.6152302 0.2904671 0.5827605 0.3469071 0.5827605 0.3469337 0.5828074 0.3773295 0.6226025 0.3066694 0.6155875 0.3066694 0.6155875 0.3773295 0.6226025 0.3694193 0.6826326 0.3773295 0.6226025 0.4109856 0.6495432 0.3694193 0.6826326 0.4109856 0.6495432 0.4172395 0.7095329 0.3694193 0.6826326 0.3847698 0.3064145 0.4172395 0.2904671 0.4172395 0.3469071 0.4171923 0.3469339 0.3773859 0.3773412 0.3844122 0.3066696 0.3844122 0.3066696 0.3773859 0.3773412 0.317362 0.3694269 0.3773859 0.3773412 0.3504568 0.4109856 0.317362 0.3694269 0.3504568 0.4109856 0.2904671 0.4172395 0.317362 0.3694269 0.6714713 0.4702625 0.6641054 0.4420676 0.7177089 0.4420676 0.7176991 0.442023 0.7250051 0.4887743 0.6714713 0.4702625 0.7177473 0.5577574 0.6642637 0.5573267 0.7250053 0.4888207 0.6642637 0.5573267 0.6740308 0.5 0.7250053 0.4888207 0.6935855 0.3847698 0.7095329 0.4172395 0.6530929 0.4172395 0.6530661 0.4171922 0.6226536 0.3773807 0.6933302 0.3844119 0.6933302 0.3844119 0.6226536 0.3773807 0.6305733 0.3173621 0.6226536 0.3773807 0.5890144 0.3504568 0.6305733 0.3173621 0.5890144 0.3504568 0.5827605 0.2904671 0.6305733 0.3173621 0.7252851 0.09931266 0.7252851 0 0.7648337 0 0.7648337 0 0.7648337 0.09931266 0.7252851 0.09931266 0.7648337 0.09931266 0.6570767 0.151952 0.7252851 0.09931266 0.2351663 0 0.274715 0 0.2351663 0.09931266 0.274715 0 0.274715 0.09931266 0.2351663 0.09931266 0.2343904 0.09931266 0.2904672 0.09931266 0.3429233 0.151952 0.7252851 0.09931266 0.7252851 0 0.7648337 0 0.7648337 0 0.7648337 0.09931266 0.7252851 0.09931266 0.7648337 0.09931266 0.6570767 0.151952 0.7252851 0.09931266 0.2351663 0 0.274715 0 0.2351663 0.09931266 0.274715 0 0.274715 0.09931266 0.2351663 0.09931266 0.2343904 0.09931266 0.2904672 0.09931266 0.3429233 0.151952 0.7252851 0.09931266 0.7252851 0 0.7648337 0 0.7648337 0 0.7648337 0.09931266 0.7252851 0.09931266 0.7648337 0.09931266 0.6570767 0.151952 0.7252851 0.09931266 0.7252851 0.09931266 0.6570767 0.151952 0.7095329 0.09931266 0.2351663 0 0.274715 0 0.2351663 0.09931266 0.2343905 0.09931266 0.2904671 0.09931266 0.3429233 0.151952 0.7252851 0.09931266 0.7252851 0 0.7648337 0 0.7648337 0 0.7648337 0.09931266 0.7252851 0.09931266 0.7648337 0.09931266 0.6570767 0.151952 0.7252851 0.09931266 0.2351663 0 0.274715 0 0.2351663 0.09931266 0.274715 0 0.274715 0.09931266 0.2351663 0.09931266 0.2343904 0.09931266 0.2904671 0.09931266 0.3429233 0.151952 0.4709321 0.6444432 0.4608185 0.6946778 0.4069844 0.6133916 0.4608185 0.6946778 0.3745644 0.6527706 0.4069844 0.6133916 0.4069844 0.6133916 0.3745644 0.6527706 0.3706737 0.5691686 0.3745644 0.6527706 0.325651 0.5931418 0.3706737 0.5691686 0.3706737 0.5691686 0.325651 0.5931418 0.3545137 0.4999992 0.325651 0.5931418 0.3051913 0.5387499 0.3545137 0.4999992 0.3051913 0.5387499 0.3032882 0.4805723 0.3545137 0.4999992 0.3545137 0.4999992 0.3032882 0.4805723 0.3790329 0.4191714 0.3032882 0.4805723 0.3256945 0.4067768 0.3790329 0.4191714 0.3256945 0.4067768 0.3595507 0.3595507 0.3790329 0.4191714 0.3790329 0.4191714 0.3595507 0.3595507 0.418125 0.3774655 0.3595507 0.3595507 0.4068678 0.3256458 0.418125 0.3774655 0.418125 0.3774655 0.4068678 0.3256458 0.4715112 0.3573325 0.4068678 0.3256458 0.4806727 0.3032783 0.4715112 0.3573325 0.4715112 0.3573325 0.4806727 0.3032783 0.5555746 0.3655491 0.4806727 0.3032783 0.5387499 0.3051913 0.5555746 0.3655491 0.5387499 0.3051913 0.5932237 0.3256947 0.5555746 0.3655491 0.5555746 0.3655491 0.5932237 0.3256947 0.6133491 0.4069327 0.5932237 0.3256947 0.6528301 0.3746368 0.6133491 0.4069327 0.6133491 0.4069327 0.6528301 0.3746368 0.642691 0.4716171 0.6528301 0.3746368 0.6891705 0.4426634 0.642691 0.4716171 0.6891705 0.4426634 0.6986253 0.5 0.642691 0.4716171 0.6403566 0.5425396 0.6891447 0.5574216 0.6133942 0.5930125 0.6891447 0.5574216 0.6527785 0.6254261 0.6133942 0.5930125 0.6133942 0.5930125 0.6527785 0.6254261 0.5691698 0.6293256 0.6527785 0.6254261 0.6103503 0.6651509 0.5691698 0.6293256 0.5691698 0.6293256 0.5573319 0.6891719 0.5144144 0.6459514 0.5573319 0.6891719 0.4616947 0.6948525 0.5144144 0.6459514 0.5144144 0.6459514 0.4616947 0.6948525 0.4712493 0.6445394 0.7656095 0.09931266 0.6671749 0.1431299 0.7177089 0.09931266 0.7656095 0.09931266 0.6671749 0.1431299 0.7177089 0.09931266 0.7656095 0.09931266 0.6671748 0.1431299 0.7177089 0.09931266 0.7656095 0.09931266 0.6671748 0.1431298 0.7177089 0.09931266 0.2343904 0.09931266 0.2822911 0.09931266 0.3328252 0.1431299 0.2343904 0.09931266 0.2822911 0.09931266 0.3328251 0.1431299 0.4420676 0.7656095 0.5 0.8475942 0.4609774 0.8374831 0.4586197 0.8365064 0.4349088 0.8147911 0.4420676 0.7656095 0.4420676 0.7656095 0.4349088 0.8147911 0.4200595 0.7862537 0.5579324 0.7656095 0.5401595 0.7712383 0.5579324 0.7177089 0.5401595 0.7712383 0.5325539 0.7398658 0.5579324 0.7177089 0.4824596 0.7283578 0.4620976 0.7491313 0.4423631 0.7177737 0.4910231 0.8050321 0.5219467 0.798756 0.5228053 0.8442004 0.5228053 0.8442004 0.5219467 0.798756 0.5650972 0.8147833 0.1552258 0.52142 0.1538155 0.489292 0.2343904 0.4420676 0.1634936 0.4586197 0.1852179 0.4349019 0.2343904 0.4420676 0.2343904 0.5579324 0.2508689 0.5379022 0.2822625 0.557802 0.2508689 0.5379022 0.2703213 0.5215782 0.2822625 0.557802 0.2822262 0.4423635 0.2710156 0.4817878 0.2343904 0.4420676 0.1949681 0.4910219 0.2012431 0.5219443 0.1552258 0.52142 0.1700742 0.5499564 0.2012431 0.5219443 0.213351 0.5797769 0.2343904 0.4420676 0.2101905 0.4674522 0.1552258 0.52142 0.5579324 0.2343904 0.47858 0.1552258 0.5191185 0.1549227 0.4420676 0.2343904 0.4172431 0.2343904 0.4707692 0.2058675 0.4707692 0.2058675 0.4172431 0.2343904 0.4200595 0.2137463 0.5054075 0.1949635 0.471793 0.2050978 0.4771938 0.1557999 0.4771938 0.1557999 0.471793 0.2050978 0.4349038 0.1852153 0.4620959 0.2508645 0.4784211 0.2703207 0.4421981 0.2822625 0.5576369 0.2822263 0.5182139 0.2710148 0.5579324 0.2343904 0.5397642 0.2239587 0.5184043 0.1991993 0.5579324 0.2343904 0.5579324 0.2343904 0.5184043 0.1991993 0.47858 0.1552258 0.7252887 0.582753 0.6690738 0.6690713 0.6826364 0.6305754 0.6826364 0.6305754 0.6690738 0.6690713 0.6305723 0.6826385 0.6690738 0.6690713 0.5827532 0.7252886 0.6305723 0.6826385 0.4172395 0.7252851 0.3626171 0.6956962 0.3694183 0.6826319 0.3694183 0.6826319 0.3626171 0.6956962 0.3173539 0.6305618 0.3626171 0.6956962 0.3043079 0.6373888 0.3173539 0.6305618 0.3173539 0.6305618 0.3043079 0.6373888 0.2904671 0.5827605 0.3043079 0.6373888 0.274715 0.5827605 0.2904671 0.5827605 0.2904671 0.4172395 0.274715 0.4172395 0.3173628 0.3694258 0.274715 0.4172395 0.3043009 0.3626213 0.3173628 0.3694258 0.3173628 0.3694258 0.3043009 0.3626213 0.3694253 0.3173632 0.8475942 0.5 0.8406401 0.5314007 0.7656095 0.5579324 0.7656095 0.5579324 0.7963681 0.5757511 0.7656095 0.5827569 0.8442003 0.4771943 0.798757 0.4780555 0.8147855 0.4349044 0.7656095 0.4420676 0.7712337 0.4598408 0.7177089 0.4420676 0.7712337 0.4598408 0.7398584 0.4674517 0.7177089 0.4420676 0.7177089 0.4420676 0.7398584 0.4674517 0.7290369 0.4794103 0.7656095 0.5579324 0.8007992 0.5184074 0.8447742 0.47858 0.7283578 0.5175399 0.7491278 0.5379008 0.7177737 0.5576369 0.5827605 0.09931266 0.5827605 0 0.6203754 0 0.5827745 0.09931266 0.6218434 0 0.4165637 0.09931266 0.6218434 0 0.4172259 0 0.4165637 0.09931266 0.7643041 0 0.5692881 0 0.764132 0.09931266 0.764132 0.09931266 0.5692881 0 0.5407709 0.09931266 0.5692881 0 0.213968 0 0.5407709 0.09931266 0.5407709 0.09931266 0.213968 0 0.2138209 0.09931266 0.2137463 0 0.2351663 0 0.2351661 0.09931266 0.5827605 0.09931266 0.5827605 0 0.6203754 0 0.5827605 0.09931266 0.6253792 0 0.6543738 0.09931266 0.6543825 0.09931266 0.6287395 0 0.417304 0.09931266 0.6287395 0 0.4172259 0 0.417304 0.09931266 0.7648337 0 0.6310994 0 0.7648339 0.09931266 0.7648339 0.09931266 0.6310994 0 0.6146499 0.09931266 0.6310994 0 0.5072494 0 0.6146499 0.09931266 0.6146499 0.09931266 0.5072494 0 0.5227622 0.09931266 0.5072494 0 0.2123036 0 0.5227622 0.09931266 0.5227622 0.09931266 0.2123036 0 0.2137361 0.09931266 0.2137463 0 0.2351663 0 0.2351661 0.09931266 0.5827605 0.09931266 0.5827605 0 0.6203754 0 0.5827605 0.09931266 0.6253788 0 0.6543738 0.09931266 0.6543825 0.09931266 0.6287398 0 0.3796169 0.09931266 0.6287398 0 0.3717212 0 0.3796169 0.09931266 0.3717228 0 0.4172395 0 0.3796246 0.09931266 0.3796246 0.09931266 0.4172395 0 0.4172395 0.09931266 0.7648339 0.09931266 0.7635878 0 0.6410096 0.09931266 0.7635878 0 0.4134697 0 0.6410096 0.09931266 0.6410096 0.09931266 0.4134697 0 0.3500646 0.09931266 0.4134697 0 0.2137463 0 0.3500646 0.09931266 0.3500646 0.09931266 0.2137463 0 0.2137463 0.09931266 0.2137463 0.09931266 0.2137463 0 0.2351661 0.09931266 0.5827605 0.09931266 0.5827605 0 0.6203754 0 0.5825307 0.09931266 0.6218426 0 0.3796169 0.09931266 0.6218426 0 0.3717212 0 0.3796169 0.09931266 0.3717228 0 0.4172395 0 0.3796246 0.09931266 0.3796246 0.09931266 0.4172395 0 0.4172395 0.09931266 0.7648337 0 0.6078798 0 0.7684395 0.0993126 0.7684395 0.0993126 0.6078798 0 0.4927523 0.09931266 0.6078798 0 0.5183686 0 0.4927523 0.09931266 0.4927523 0.09931266 0.5183686 0 0.2050094 0.09931266 0.5183686 0 0.2123044 0 0.2050094 0.09931266 0.6404493 0.09931266 0.3717212 0 0.4384001 0.09931266 0.3717212 0 0.468014 0 0.4384001 0.09931266 0.4384001 0.09931266 0.468014 0 0.4951331 0.09931266 0.468014 0 0.5064221 0 0.4951331 0.09931266 0.5064221 0 0.4490691 0 0.4951331 0.09931266 0.4951331 0.09931266 0.4490691 0 0.4569734 0.09931266 0.4569734 0.09931266 0.4490691 0 0.6106395 0.09931266 0.4490691 0 0.576269 0 0.6106395 0.09931266 0.6103503 0.09931266 0.5756858 0 0.4911586 0.09931266 0.5756858 0 0.4490657 0 0.4911586 0.09931266 0.4911586 0.09931266 0.4490657 0 0.6113412 0.09931266 0.4490657 0 0.576269 0 0.6113412 0.09931266 0.5760106 0 0.6282735 0 0.6103503 0.09931266 0.3593776 0.09931266 0.6299611 0 0.4754568 0.09931266 0.6299611 0 0.5242262 0 0.4754568 0.09931266 0.4754568 0.09931266 0.5242262 0 0.6417688 0.09931266 0.5242262 0 0.3717926 0 0.6417688 0.09931266 0.5827536 0.2747116 0.6690774 0.3309322 0.6305744 0.3173629 0.6305744 0.3173629 0.6690774 0.3309322 0.6826327 0.3694195 0.6690774 0.3309322 0.7252886 0.4172468 0.6826327 0.3694195 0.4239894 0.6835058 0.4612501 0.6948087 0.4172395 0.7252851 0.3164942 0.4239894 0.3051913 0.4612501 0.274715 0.4172395 0.3013747 0.5 0.3108408 0.5573737 0.274715 0.5827605 0.274715 0.5827605 0.3108408 0.5573737 0.2975398 0.6277474 0.3108408 0.5573737 0.3482322 0.6266576 0.2975398 0.6277474 0.2641325 0.5501709 0.2761307 0.5409644 0.274715 0.5827605 0.3164942 0.4239894 0.274715 0.4172395 0.3556377 0.3643188 0.274715 0.4172395 0.2923647 0.3796246 0.3556377 0.3643188 0.4925052 0.292112 0.4612501 0.3051913 0.4710338 0.2853372 0.2761307 0.4590356 0.274715 0.4172395 0.2904176 0.4832988 0.274715 0.4172395 0.2571437 0.4469343 0.2193554 0.419321 0.2571437 0.4469343 0.2276685 0.4430547 0.2193554 0.419321 0.2001952 0.4544368 0.1820986 0.4780272 0.159359 0.4686015 0.2131857 0.5530645 0.2426609 0.5569457 0.2193481 0.5806781 0.2193481 0.5806781 0.2426609 0.5569457 0.274715 0.5827605 0.274715 0.5827605 0.2882322 0.5219771 0.3051913 0.4612501 0.5409644 0.2761307 0.5530652 0.2571451 0.5827605 0.2747149 0.5827605 0.2747149 0.5530652 0.2571451 0.5806788 0.2193534 0.4469322 0.2131937 0.443055 0.242666 0.4193223 0.2193461 0.4193223 0.2193461 0.443055 0.242666 0.4172395 0.2747149 0.2923647 0.3796246 0.3309227 0.3309322 0.3595507 0.3595507 0.3595507 0.3595507 0.3309227 0.3309322 0.4068261 0.3256681 0.3309227 0.3309322 0.4104033 0.2779226 0.4068261 0.3256681 0.4068261 0.3256681 0.4104033 0.2779226 0.4612501 0.3051913 0.4104033 0.2779226 0.4590356 0.2761307 0.4612501 0.3051913 0.5387499 0.3051913 0.5827605 0.2747149 0.5931828 0.3256729 0.5827605 0.2747149 0.6275206 0.2973806 0.5931828 0.3256729 0.5931828 0.3256729 0.6275206 0.2973806 0.6404494 0.3595508 0.7252851 0.5827605 0.70246 0.6277477 0.6938164 0.5420212 0.6938164 0.5420212 0.70246 0.6277477 0.6517681 0.6266573 0.7252851 0.4172395 0.7358675 0.4498291 0.7238693 0.4590356 0.6280847 0.2977766 0.6956991 0.3626213 0.6404493 0.3595507 0.6404493 0.3595507 0.6956991 0.3626213 0.6743285 0.4068197 0.6956991 0.3626213 0.7252851 0.4172395 0.6743285 0.4068197 0.6743285 0.4068197 0.7252851 0.4172395 0.6948087 0.4612501 0.7238693 0.5409644 0.742854 0.5530648 0.7252851 0.5827605 0.7252851 0.5827605 0.742854 0.5530648 0.7806526 0.580678 0.742854 0.5530648 0.772333 0.5569451 0.7806526 0.580678 0.7806526 0.580678 0.772333 0.5569451 0.8147888 0.565093 0.8147888 0.565093 0.7998043 0.5455636 0.8406415 0.5313974 0.8217789 0.4925013 0.8104003 0.4650334 0.8406401 0.4685994 0.8406401 0.4685994 0.8104003 0.4650334 0.8147822 0.4349019 0.8104003 0.4650334 0.786812 0.4469347 0.8147822 0.4349019 0.7806429 0.4193208 0.7573363 0.4430547 0.7252851 0.4172395 0.5501709 0.7358675 0.5409644 0.7238693 0.5827605 0.7252851 0.5387499 0.6948087 0.5132657 0.7086477 0.480044 0.6966598 0.4239894 0.6835058 0.4170064 0.7251757 0.3896497 0.6651509 0.3896497 0.6651509 0.4170064 0.7251757 0.3495484 0.6282614 0.4170064 0.7251757 0.3309261 0.6690712 0.3495484 0.6282614 0.3495484 0.6282614 0.3309261 0.6690712 0.2979128 0.6282788 0.6837626 0.6543825 0.6373836 0.6956958 0.6282788 0.6504373 0.5931879 0.6743243 0.5827605 0.7252851 0.5387499 0.6948087 0.4590356 0.7238693 0.4172395 0.7252851 0.4886038 0.7094251 0.4172395 0.7252851 0.446932 0.7428619 0.4193212 0.7806457 0.5489964 0.7932097 0.556945 0.7573336 0.5806795 0.7806413 0.5806795 0.7806413 0.556945 0.7573336 0.5827605 0.7252851 0.7656095 0.5579324 0.7656095 0.5827587 0.6570768 0.5827605 0.5579324 0.332172 0.5579324 0.2343904 0.5827605 0.3429233 0.332172 0.4420676 0.2343904 0.4420676 0.3429233 0.4172394 0.2343904 0.4420676 0.2343904 0.4172413 0.3429233 0.4172394 0.4420676 0.667828 0.4420676 0.7656095 0.4172395 0.6570767 0.4420676 0.7656095 0.4172413 0.7656095 0.4172395 0.6570767 0.4420676 0.332172 0.4172413 0.2343904 0.4420676 0.2343904 0.3382692 0.5720128 0.2343904 0.5827587 0.332172 0.5579324 0.6473711 0.5 0.6445394 0.5287507 0.5 0.5 0.604207 0.395793 0.6293439 0.4308643 0.5 0.5 0.5 0.5 0.6293439 0.4308643 0.6445394 0.4712493 0.5287507 0.3554606 0.5691381 0.3706575 0.5 0.5 0.5 0.5 0.5691381 0.3706575 0.604207 0.395793 0.4436035 0.3638469 0.4856253 0.3540447 0.5 0.5 0.5 0.5 0.4856253 0.3540447 0.5287507 0.3554606 0.3774655 0.418125 0.4069614 0.3866273 0.5 0.5 0.5 0.5 0.4069614 0.3866273 0.4436035 0.3638469 0.3526289 0.5 0.3596537 0.4574267 0.5 0.5 0.5 0.5 0.3596537 0.4574267 0.3774655 0.418125 0.3774655 0.581875 0.3596529 0.5425707 0.5 0.5 0.5 0.5 0.3596529 0.5425707 0.3526289 0.5 0.4436035 0.6361531 0.4069573 0.6133694 0.5 0.5 0.5 0.5 0.4069573 0.6133694 0.3774655 0.581875 0.5287507 0.6445394 0.4856191 0.6459547 0.5 0.5 0.5 0.5 0.4856191 0.6459547 0.4436035 0.6361531 0.604207 0.604207 0.5691389 0.6293421 0.5 0.5 0.5 0.5 0.5691389 0.6293421 0.5287507 0.6445394 0.6445394 0.5287507 0.6293435 0.5691363 0.5 0.5 0.4999851 0.5928181 0.4788199 0.9834479 0.5181044 0.5928181 0.4788199 0.9834479 0.5039184 0.9834477 0.5181044 0.5928181 0.5181044 0.5928181 0.5039184 0.9834477 0.457194 0.5928181 0.5039184 0.9834477 0.5028449 0.9834478 0.457194 0.5928181 0.457194 0.5928181 0.5028449 0.9834478 0.4963474 0.5928181 0.5028449 0.9834478 0.5332046 0.9834478 0.4963474 0.5928181 0.4963474 0.5928181 0.5332046 0.9834478 0.5378618 0.5928181 0.5378618 0.5928181 0.5332046 0.9834478 0.4863548 0.5928181 0.5332046 0.9834478 0.4879485 0.9834478 0.4863548 0.5928181 0.4863548 0.5928181 0.4879485 0.9834478 0.4997427 0.5928181 0.4879485 0.9834478 0.47858 0.9834478 0.4997427 0.5928181 0.4426618 0.5331042 0.4349213 0.5085804 0.5 0.5 0.5 0.5 0.4600399 0.5520775 0.4426618 0.5331042 0.5 0.5 0.5085717 0.5650799 0.482864 0.5639524 0.5639524 0.517136 0.5520771 0.5399606 0.5 0.5 0.5 0.5 0.5520771 0.5399606 0.5331042 0.5573382 0.5573382 0.4668958 0.5650803 0.4914312 0.5 0.5 0.517136 0.4360476 0.5399612 0.4479234 0.5 0.5 0.4668958 0.4426618 0.4914348 0.4349192 0.5 0.5 0.5 0.5 0.4914348 0.4349192 0.517136 0.4360476 0.4360476 0.482864 0.4479221 0.4600406 0.5 0.5 0.5 0.5 0.4479221 0.4600406 0.4668958 0.4426618 0.4219043 0.5210415 0.4541847 0.5456912 0.45966 0.570102 0.4541847 0.5456912 0.491396 0.7810602 0.45966 0.570102 0.45966 0.570102 0.491396 0.7810602 0.5209611 0.7110899 0.485006 0.8207921 0.4650092 0.8103818 0.489118 0.8047329 0.489118 0.8047329 0.4650092 0.8103818 0.4674643 0.7898254 0.4650092 0.8103818 0.4452914 0.7794095 0.4674643 0.7898254 0.4452914 0.7794095 0.456026 0.7310069 0.4606977 0.7597243 0.245578 0.3124783 0.2424735 0.3343377 0.2677018 0.4750081 0.485006 0.2911247 0.4599519 0.2751899 0.489118 0.2750654 0.4599519 0.2751899 0.4450023 0.2278642 0.4606977 0.2300571 0.4606977 0.2300571 0.4450023 0.2278642 0.4797347 0.2001703 0.4450023 0.2278642 0.4650529 0.1895847 0.4797347 0.2001703 0.5073071 0.1358004 0.551281 0.2139937 0.5314124 0.2110059 0.5314124 0.2110059 0.551281 0.2139937 0.5390685 0.2456175 0.732299 0.524993 0.7101259 0.5145763 0.7255316 0.494892 0 0.9975 0 1 0 0.9975001 0 1 0 1 0 0.9975001 0 0.9975001 0 1 0 0.9975 0 1 0 1 0 0.9975 0 0.9975 0 1 0 0.9975 0 1 0 1 0 0.9975 0 0.9975 0 1 0 0.9975001 0 0.9975 0 1 0 0.9975001 0 1 0 1 0 0.9975001 0 0.9975001 0 1 0 0.9975001 0 1 0 1 0 0.9975001 0 1 0 1 0 0.9975001 0 0.9975001 0 1 0 0.9975 0 1 0 1 0 0.9975001 0 0.9975001 0 1 0 0.9975 0 0.9975001 0 1 0 0.9975 0 1 0 1 0 0.9975001 0 0.9975001 0 1 0 0.9975 0 0.9975 0 1 0 0.9975001 0 1 0 1 0 0.9975001 0 0.9975001 0 1 0 0.9975001 0 1 0 1 0 0.9975001 0 0.9975001 0 1 0 0.9975 0 0.9975 0 1 0 0.9975 0 1 0 1 0 0.9975 0 0.9975 0 1 0 0.9975 0 1 0 1 0 0.9975 0 0.9975 0 1 0 0.9975 0 1 0 1 0 0.9975 0 0.9975 0 1 0 0.9975 0 1 0 1 0 0.9975 0 0.9975 0 1 0 0.9975 0 0.9975 0 1 0 1 0.3250708 0.4201125 0.3722702 0.3566381 0.3968876 0.459627 0.3968876 0.459627 0.3722702 0.3566381 0.4437911 0.4043334 0.3250708 0.5798875 0.3106201 0.5135733 0.3915259 0.5094827 0.3106201 0.5135733 0.3250134 0.4202663 0.3958269 0.4615892 0.461776 0.6041944 0.3657443 0.6342532 0.404805 0.5567288 0.4336484 0.3221055 0.5267373 0.3096046 0.4905684 0.3897764 0.4905684 0.3897764 0.5267373 0.3096046 0.5373281 0.3955136 0.5550134 0.5963869 0.5794749 0.6750831 0.5095438 0.6102141 0.5794749 0.6750831 0.4864506 0.6893811 0.5095438 0.6102141 0.4623616 0.6044433 0.4864506 0.6893811 0.4201125 0.6749292 0.6747338 0.5802453 0.6356244 0.6356467 0.6031119 0.5403729 0.5909919 0.3333584 0.6453364 0.3740653 0.5941792 0.4419806 0.6453409 0.3740714 0.6864723 0.4730363 0.5961539 0.4444855 0.5961539 0.4444855 0.6864723 0.4730363 0.6084733 0.4905074 0.6084733 0.4905074 0.6864723 0.4730363 0.6041731 0.5384108 0.6864723 0.4730363 0.6749866 0.5797336 0.6041731 0.5384108 0.4505693 0.6371551 0.5351874 0.6418684 0.4850987 0.7083192 0.4850987 0.7083192 0.5351874 0.6418684 0.5880082 0.692373 0.29168 0.4850804 0.3554347 0.4912608 0.3076269 0.5880079 0.3554347 0.4912608 0.3580931 0.5349769 0.3076269 0.5880079 0.3588418 0.537077 0.3911409 0.5964556 0.3080041 0.5886571 0.5878763 0.3075778 0.5518269 0.3633438 0.5148999 0.2916795 0.4650231 0.3580931 0.425063 0.3760705 0.4121237 0.3075778 0.4121237 0.3075778 0.425063 0.3760705 0.3523191 0.3523156 0.425063 0.3760705 0.3650441 0.4451494 0.3523191 0.3523156 0.3523191 0.3523156 0.3650441 0.4451494 0.3075778 0.4121237 0.6924222 0.4121237 0.6294041 0.4320645 0.6476899 0.3523311 0.6927205 0.5870765 0.6440304 0.500047 0.7083209 0.4850907 0.6440304 0.500047 0.6295169 0.4323105 0.6924222 0.4121237 0.01923072 0.4945098 0.01923072 0.472797 0.7384615 0.494521 0.7384615 0.494521 0.01923072 0.472797 0.7384615 0.4723867 0.7384616 0.553622 0.4232261 0.2612825 0.01923072 0.5576465 0.4860919 0.2615385 0.5276381 0.2615385 0.4889853 0.9807693 0.9807693 0.5576923 0.9807693 0.5755608 0.2615385 0.5575963 0.2615385 0.540916 0.2615385 0.4999774 0.9807693 0.5377862 0.9807692 0.4945684 0.2615385 0.4590736 0.9807693 0.4520675 0.4204849 0.2615552 0.9807693 0.4330704 0.2615385 0.4344542 0.4344541 0.2615385 0.4724062 0.2615385 0.4375733 0.9807693 0.4375733 0.9807693 0.4724062 0.2615385 0.4781633 0.9807693 0.4723867 0.2615385 0.5139381 0.2615385 0.4879969 0.9807693 0.5 0.5 0.4663264 0.4102677 0.5181972 0.4055838 0.5 0.5 0.4043884 0.4933527 0.4216754 0.4442253 0.4559398 0.585465 0.4180619 0.5497188 0.5 0.5 0.5594383 0.575582 0.5111862 0.5951878 0.5 0.5 0.5 0.5 0.5936112 0.479435 0.5908654 0.5314488 0.5 0.5 0.5201831 0.4063063 0.5663537 0.4304102 0.4700065 0.2307693 0.2808934 0.3735059 0.5009744 0.01923078 0.5009744 0.01923078 0.2808934 0.3735059 0.04246145 0.4573568 0.2808934 0.3735059 0.3435498 0.494344 0.04246145 0.4573568 0.04246145 0.4573568 0.3435498 0.494344 0.5145447 0.09639918 0.3435498 0.494344 0.519674 0.2307693 0.5145447 0.09639918 0.5145447 0.09639918 0.519674 0.2307693 0.5731772 0.1802491 0.519674 0.2307693 0.632513 0.4503114 0.5731772 0.1802491 0.5731772 0.1802491 0.632513 0.4503114 0.9807692 0.4955914 0.632513 0.4503114 0.7010832 0.3404439 0.9807692 0.4955914 0.9807692 0.4955914 0.7010832 0.3404439 0.75195 0.1537925 0.75195 0.1537925 0.7010832 0.3404439 0.4995336 0.01923078 0.7010832 0.3404439 0.4697579 0.2307693 0.4995336 0.01923078 0.4850191 0.2916853 0.4462767 0.3167087 0.3642501 0.3433896 0.4818028 0.4055838 0.4419514 0.4260771 0.500244 0.3845921 0.5961539 0.5555102 0.5961539 0.4437614 0.6076299 0.4998809 0.5961539 0.4601718 0.5 0.5 0.5928996 0.4426067 0.5924788 0.0925675 0.5631187 0.007679462 0.5961539 0 0.09141188 0.4444855 0.09890329 0.480817 0.007706046 0.4828066 0.4296105 0.09804165 0.4371414 0.007715582 0.4792198 0.09699898 0.4369997 0.007700204 0.403846 0.09141188 0.4038461 0 0.533524 0.007743835 0.5 0.09141194 0.5 0 0.9918724 0.5090088 0.9010769 0.5189382 0.9010876 0.4808738 1 0.5555145 0.9085881 0.5555145 0.9922939 0.5171934 0.4296105 0.09804165 0.4371414 0.007715582 0.4792194 0.09699904 0.5186817 0.3556637 0.5784966 0.2483564 0.5016868 0.3546603 0.5839164 0.3816313 0.736171 0.4663605 0.5693857 0.3729059 0.4863767 0.252647 0.5843697 0.6181541 0.4999355 0.2539186 0.3250708 0.4201125 0.3722695 0.3566388 0.3968869 0.4596287 0.4038461 0.5555145 0.3250708 0.5798875 0.3915259 0.5094856 0.3250708 0.5798875 0.3106182 0.5135443 0.3915259 0.5094856 0.3106182 0.5135443 0.3250137 0.4202656 0.3958269 0.4615892 0.4197466 0.6747294 0.3643631 0.6356342 0.4048067 0.5567308 0.3643631 0.6356342 0.3251354 0.5800057 0.4048067 0.5567308 0.4444382 0.4038681 0.4206358 0.3262662 0.4905565 0.3897774 0.4206358 0.3262662 0.5246198 0.309584 0.4905565 0.3897774 0.5555145 0.5961539 0.5794729 0.6750838 0.5095776 0.6085395 0.5794729 0.6750838 0.4864517 0.6893857 0.5095776 0.6085395 0.5095776 0.6085395 0.4864517 0.6893857 0.4622445 0.6044123 0.5556001 0.5960938 0.6342604 0.6342496 0.5798875 0.6749292 0.5273682 0.3096497 0.5909947 0.3333578 0.5381228 0.3957139 0.6453405 0.3740708 0.6864696 0.4730311 0.5961539 0.4444855 0.6084732 0.4905152 0.6864696 0.4730311 0.6041731 0.5384108 0.6864696 0.4730311 0.6749864 0.5797343 0.6041731 0.5384108 0.4481731 0.6366562 0.4912467 0.6445578 0.4136349 0.6929053 0.5299345 0.7079616 0.5349769 0.6419069 0.5878763 0.6924222 0.2916806 0.4851035 0.3581317 0.5351876 0.307627 0.5880083 0.3911437 0.5964587 0.447053 0.6360967 0.3523169 0.6476798 0.3523169 0.6476798 0.447053 0.6360967 0.4121237 0.6924222 0.3508055 0.3507962 0.4106864 0.3859953 0.307822 0.4116764 0.6294128 0.432079 0.6024125 0.3976004 0.6476808 0.3523182 0.6476808 0.3523182 0.6024125 0.3976004 0.5878763 0.3075778 0.6226382 0.5783089 0.6454443 0.5000134 0.7083192 0.5149008 0.7083192 0.5149008 0.6454443 0.5000134 0.6925882 0.4125686 0.5765141 0.2615385 0.7384615 0.4463933 0.5810056 0.9821192 0.5810056 0.9821192 0.7384615 0.4463933 0.01923072 0.4520675 0.01923072 0.4945098 0.7384615 0.5050569 0.01923072 0.516421 0.7384616 0.5536219 0.4232335 0.2612897 0.01923072 0.5576475 0.01923072 0.5576475 0.4232335 0.2612897 0.428674 0.9807693 0.4860919 0.2615385 0.5276379 0.2615385 0.4889857 0.9807693 0.4889857 0.9807693 0.5276379 0.2615385 0.5325076 0.9807693 0.9807693 0.5576923 0.9807693 0.5755608 0.2615385 0.5575964 0.2615385 0.540916 0.2615385 0.4999772 0.9807692 0.5377866 0.9807693 0.4945691 0.2615385 0.4590736 0.9807693 0.4520675 0.4375731 0.9807693 0.4724059 0.2615385 0.4781633 0.9807693 0.4723867 0.2615385 0.513938 0.2615385 0.4879975 0.9807692 0.4216754 0.4442253 0.4624522 0.4118178 0.5 0.5 0.4039551 0.4954248 0.420737 0.4461183 0.5 0.5 0.5 0.5 0.4542375 0.5842119 0.4167283 0.5480769 0.5 0.5 0.507028 0.5955846 0.4559398 0.585465 0.5908654 0.5314488 0.5608743 0.5740281 0.5 0.5 0.5 0.5 0.593611 0.4794368 0.5908654 0.5314488 0.5 0.5 0.5676336 0.4320916 0.5934434 0.4773309 0.4999936 0.01923078 0.4709414 0.2307693 0.2212601 0.1916491 0.4709414 0.2307693 0.2497792 0.4234921 0.2212601 0.1916491 0.2212601 0.1916491 0.2497792 0.4234921 0.1530748 0.4291744 0.2497792 0.4234921 0.4540883 0.3407844 0.1530748 0.4291744 0.1530748 0.4291744 0.4540883 0.3407844 0.4817909 0.01923078 0.4540883 0.3407844 0.5903821 0.4274754 0.4817909 0.01923078 0.4817909 0.01923078 0.5903821 0.4274754 0.9013356 0.5125141 0.5903821 0.4274754 0.7692307 0.4608432 0.9013356 0.5125141 0.9013356 0.5125141 0.7692307 0.4608432 0.8861359 0.318156 0.7692307 0.4608432 0.6063503 0.2522676 0.8861359 0.318156 0.8861359 0.318156 0.6063503 0.2522676 0.4989174 0.01923078 0.6832784 0.4462242 0.6234906 0.357702 0.6565278 0.3641601 0.6565278 0.3641601 0.6234906 0.357702 0.5443006 0.2959014 0.3879372 0.6743466 0.4335693 0.6778634 0.4987734 0.7114507 0.5961539 0.5555104 0.5961539 0.4437614 0.6076286 0.4998797 0.5331692 0.007702946 0.5 0.09141194 0.5 0 0.5552564 0.008164346 0.5882609 0.09379196 0.537114 0.09952098 0.09890335 0.5191825 0.09141188 0.5555145 0.007706046 0.5171934 0.007706046 0.5171934 0.09141188 0.5555145 0 0.5555145 0.4296105 0.09804165 0.4371414 0.007715582 0.4792193 0.09699904 0.4371414 0.007715582 0.466786 0.007710814 0.4792193 0.09699904 0.5924779 0.09256774 0.5632948 0.00765872 0.5961539 0 0.5554998 0.008152663 0.5882585 0.09379243 0.537114 0.09952098 0.9918724 0.5090087 0.9010769 0.5189383 0.9010876 0.4808738 1 0.5555145 0.9085881 0.5555145 0.9922939 0.5171933 0.4296105 0.09804165 0.4371414 0.007715582 0.4792199 0.09699898 0.4371414 0.007715582 0.466786 0.007710814 0.4792199 0.09699898 0.5476483 0.2665814 0.5491275 0.6362163 0.5329603 0.6413069 0.3250708 0.4201125 0.372272 0.3566362 0.3968888 0.4596256 0.3968888 0.4596256 0.372272 0.3566362 0.4437925 0.4043324 0.4038461 0.5555145 0.3250708 0.5798875 0.3915246 0.5094767 0.3109457 0.5272228 0.3245998 0.4215857 0.3915246 0.5094767 0.4197445 0.6747283 0.3643623 0.6356334 0.4048055 0.5567294 0.3643623 0.6356334 0.3251352 0.5800055 0.4048055 0.5567294 0.433651 0.3221031 0.5267378 0.3096046 0.4906092 0.3897729 0.5794726 0.6750839 0.4864333 0.6893848 0.5095598 0.6102127 0.5095598 0.6102127 0.4864333 0.6893848 0.4623625 0.6044435 0.6749292 0.5798875 0.6342524 0.6342571 0.6031122 0.540373 0.555599 0.5960946 0.6342524 0.6342571 0.5798875 0.6749292 0.5381232 0.3957141 0.5919205 0.3316413 0.5941804 0.4419821 0.5919205 0.3316413 0.64491 0.373639 0.5941804 0.4419821 0.5961539 0.4444855 0.673731 0.4206275 0.6084741 0.4905185 0.673731 0.4206275 0.689382 0.5135509 0.6084741 0.4905185 0.6084741 0.4905185 0.689382 0.5135509 0.6041731 0.5384108 0.4481731 0.6366562 0.4912759 0.6445621 0.4850818 0.708321 0.5878763 0.6924222 0.5893203 0.6139989 0.647681 0.6476802 0.3582739 0.5355569 0.3860061 0.5893266 0.3080033 0.5886555 0.5863651 0.3070947 0.5087554 0.3554411 0.4700649 0.2920375 0.4121237 0.3075778 0.4599573 0.3601311 0.352319 0.3523201 0.6294128 0.432079 0.6024187 0.3976065 0.6476801 0.3523186 0.6476801 0.3523186 0.6024187 0.3976065 0.5878763 0.3075778 0.6024187 0.3976065 0.552082 0.3634586 0.5878763 0.3075778 0.5623816 0.9807693 0.5428841 0.9807693 0.5622943 0.2615385 0.5765141 0.2615385 0.7384615 0.4463934 0.5809976 0.9821113 0.5809976 0.9821113 0.7384615 0.4463934 0.01923072 0.4520675 0.7384615 0.5139081 0.7384615 0.5536473 0.01923072 0.5163782 0.01923072 0.5576469 0.4232352 0.2612914 0.428674 0.9807693 0.4860919 0.2615385 0.527638 0.2615385 0.4889851 0.9807692 0.4889851 0.9807692 0.527638 0.2615385 0.5325076 0.9807693 0.9807693 0.5377865 0.2615385 0.4999773 0.9807693 0.4945098 0.2615385 0.5000001 0.2615385 0.4590739 0.9807693 0.4945688 0.4203755 0.9807693 0.9807693 0.4330704 0.4204843 0.2615559 0.4344541 0.2615385 0.4724063 0.2615385 0.4375726 0.9807693 0.4216754 0.4442253 0.4624516 0.4118181 0.5 0.5 0.4167283 0.5480769 0.404189 0.4975242 0.5 0.5 0.50914 0.5957184 0.457949 0.5861251 0.5 0.5 0.5 0.5 0.5898689 0.53331 0.5594383 0.575582 0.5 0.5 0.5676351 0.4320936 0.5934434 0.4773309 0.5181972 0.4055838 0.5646121 0.4292108 0.5 0.5 0.4717814 0.2307693 0.2307692 0.4099045 0.5068771 0.0162664 0.5068771 0.0162664 0.2307692 0.4099045 0.01923078 0.4903909 0.2307692 0.4099045 0.3455315 0.4694799 0.01923078 0.4903909 0.01923078 0.4903909 0.3455315 0.4694799 0.4111071 0.2260672 0.3455315 0.4694799 0.46201 0.2307693 0.4111071 0.2260672 0.4111071 0.2260672 0.46201 0.2307693 0.4662094 0.01923078 0.4662094 0.01923078 0.46201 0.2307693 0.9268263 0.4957314 0.46201 0.2307693 0.7692307 0.5613796 0.9268263 0.4957314 0.7692307 0.5613796 0.6873407 0.3180612 0.9268263 0.4957314 0.9268263 0.4957314 0.6873407 0.3180612 0.7917736 0.1974422 0.7917736 0.1974422 0.6873407 0.3180612 0.4995339 0.01923078 0.6873407 0.3180612 0.469758 0.2307693 0.4995339 0.01923078 0.6910054 0.5000335 0.6585769 0.3982528 0.6956558 0.426938 0.6120311 0.3256304 0.5532605 0.3192765 0.4850413 0.2916849 0.3576168 0.3766 0.3115893 0.5000156 0.3114626 0.4139291 0.5843261 0.461485 0.5353297 0.411817 0.5786072 0.4174418 0.5961539 0.555509 0.5961539 0.4437605 0.6076288 0.4998852 0.5331692 0.007702946 0.5 0.09141194 0.5 0 0.09890335 0.5191827 0.09141188 0.5555145 0.007706046 0.5171934 0.007706046 0.5171934 0.09141188 0.5555145 0 0.5555145 0.4295988 0.0980392 0.4038462 0.09141194 0.4369997 0.007700204 0.4369997 0.007700204 0.4038462 0.09141194 0.4038461 0 0.5554998 0.008152663 0.5882587 0.09379243 0.537114 0.09952098 1 0.5555145 0.9085881 0.5555145 0.9922939 0.5171934 0.9010967 0.480817 0.9085881 0.4444855 0.9922939 0.4828065 0.4296105 0.09804165 0.4371414 0.007715582 0.4792197 0.09699898 0.5476468 0.2665892 0.5491239 0.6362154 0.5329445 0.6413028 0.3250708 0.4201125 0.372271 0.3566372 0.3968877 0.4596273 0.4038461 0.5555145 0.3249169 0.579475 0.391527 0.5094817 0.3249169 0.579475 0.3106186 0.4864509 0.391527 0.5094817 0.4617776 0.6041952 0.365737 0.6342461 0.4048071 0.5567313 0.4048071 0.5567313 0.365737 0.6342461 0.3250708 0.5798875 0.3750913 0.353969 0.4728315 0.3109396 0.4444386 0.4038679 0.4444386 0.4038679 0.4728315 0.3109396 0.4905646 0.3897767 0.4905646 0.3897767 0.4728315 0.3109396 0.5373265 0.3955132 0.4728315 0.3109396 0.5273682 0.3096497 0.5373265 0.3955132 0.5555145 0.5961539 0.5794745 0.6750832 0.5095997 0.6085359 0.5794745 0.6750832 0.4864527 0.6893811 0.5095997 0.6085359 0.4622445 0.6044123 0.4864527 0.6893811 0.4201125 0.6749292 0.5556015 0.5960929 0.6342635 0.6342471 0.5798875 0.6749292 0.5919349 0.3316492 0.6449104 0.3736394 0.5941811 0.4419829 0.6453403 0.3740705 0.6864694 0.4730254 0.5961539 0.4444855 0.5961539 0.4444855 0.6864694 0.4730254 0.6084738 0.4905172 0.6864694 0.4730254 0.6749864 0.5797343 0.6041731 0.5384108 0.5749287 0.6239368 0.620404 0.5828695 0.6491949 0.6492034 0.3911355 0.5964494 0.4470499 0.6360953 0.3523215 0.6476833 0.5878763 0.3075778 0.5518269 0.3633438 0.5149167 0.2916796 0.5087686 0.3554407 0.4650231 0.3580931 0.4119929 0.3076266 0.4644405 0.3582746 0.4045484 0.3921396 0.4113441 0.3080035 0.4113441 0.3080035 0.4045484 0.3921396 0.3508008 0.3508009 0.6278727 0.4299408 0.5529497 0.3639045 0.6476855 0.3523245 0.7083197 0.5148958 0.64456 0.508746 0.6925883 0.4125689 0.5218367 0.9807693 0.532182 0.2615385 0.5428841 0.9807693 0.5765142 0.2615385 0.7384615 0.4463933 0.5809907 0.9821046 0.01923072 0.4520675 0.7384615 0.4723867 0.01923072 0.472797 0.7384616 0.4945209 0.01923072 0.472797 0.7384615 0.4723867 0.7384614 0.5536218 0.4232316 0.2612878 0.01923072 0.5576468 0.01923072 0.5576468 0.4232316 0.2612878 0.428674 0.9807693 0.4860919 0.2615385 0.5276386 0.2615385 0.4889858 0.9807693 0.5276133 0.2615385 0.5655574 0.2615385 0.532454 0.9807693 0.2615385 0.540916 0.2615385 0.4999774 0.9807693 0.5377863 0.4375727 0.9807693 0.4724059 0.2615385 0.4781633 0.9807693 0.4723867 0.2615385 0.5139383 0.2615385 0.4879829 0.9807693 0.4216754 0.4442253 0.4624487 0.41182 0.5 0.5 0.5 0.5 0.4159733 0.5461013 0.4039551 0.4954248 0.5 0.5 0.5575933 0.576609 0.50914 0.5957184 0.5 0.5 0.589868 0.5333106 0.5594383 0.575582 0.5 0.5 0.5676344 0.4320924 0.5934434 0.4773309 0.4700066 0.2307693 0.2860612 0.3574496 0.5001359 0.01923078 0.5001359 0.01923078 0.2860612 0.3574496 0.1074306 0.3536398 0.2860612 0.3574496 0.2307692 0.5821773 0.1074306 0.3536398 0.1074306 0.3536398 0.2307692 0.5821773 0.3209407 0.3117612 0.2307692 0.5821773 0.5332497 0.2307693 0.3209407 0.3117612 0.3209407 0.3117612 0.5332497 0.2307693 0.6018515 0.1857116 0.5332497 0.2307693 0.666702 0.4730951 0.6018515 0.1857116 0.6018515 0.1857116 0.666702 0.4730951 0.9807693 0.4667478 0.666702 0.4730951 0.6912812 0.3223815 0.9807693 0.4667478 0.9807693 0.4667478 0.6912812 0.3223815 0.491716 0.01631319 0.6912812 0.3223815 0.469758 0.2307693 0.491716 0.01631319 0.5961539 0.4601718 0.5 0.5 0.5928986 0.442606 0.5552564 0.008164346 0.5882613 0.0937919 0.537114 0.09952098 0.00812757 0.4909911 0.09892308 0.4810618 0.09891241 0.5191262 0.4295987 0.0980392 0.4038462 0.09141194 0.4369998 0.007700204 0.5283765 0.09846508 0.5 0.09141194 0.5335239 0.007743835 0.5335239 0.007743835 0.5 0.09141194 0.5 0 0.992294 0.4828065 0.9085881 0.4444855 1 0.4444855 0.4296105 0.09804165 0.4371414 0.007715582 0.4792198 0.09699898 0.4371414 0.007715582 0.466786 0.007710814 0.4792198 0.09699898 0.5079467 0.9283589 0.5015739 0.9205839 0.509443 0.9144146 0.5361274 0.4262739 0.5498681 0.4180201 0.5548089 0.4444931 0.5170547 0.4315866 0.5319619 0.4283447 0.529533 0.4482499 0.4871225 0.4265742 0.5042201 0.4310559 0.484688 0.4722348 0.464808 0.476133 0.4683176 0.4387465 0.484688 0.4722348 0.4730055 0.4181888 0.4870949 0.4265656 0.4683176 0.4387465 0.4683176 0.4387465 0.4870949 0.4265656 0.484688 0.4722348 0.4601838 0.5529554 0.4647943 0.4762786 0.4842649 0.5351223 0.4842649 0.5351223 0.4647943 0.4762786 0.484688 0.4722348 0.4845906 0.6049687 0.4588616 0.5923379 0.4588544 0.5812467 0.4589105 0.6677626 0.4588616 0.5923379 0.4845906 0.6049687 0.4724867 0.6804929 0.4741362 0.7239566 0.4591164 0.6722662 0.4591164 0.6722662 0.4741362 0.7239566 0.4615343 0.7251547 0.4615343 0.7251547 0.4741362 0.7239566 0.46322 0.7620268 0.4741362 0.7239566 0.4768491 0.772752 0.46322 0.7620268 0.4807118 0.8221643 0.4691663 0.829217 0.4768491 0.772752 0.4691663 0.829217 0.4632199 0.762026 0.4768491 0.772752 0.4857128 0.8659397 0.4737401 0.8632907 0.4807118 0.8221643 0.4737401 0.8632907 0.4691663 0.8292171 0.4807118 0.8221643 0.4796141 0.8922322 0.4737399 0.86329 0.4887303 0.884079 0.4887303 0.884079 0.4737399 0.86329 0.485716 0.8659644 0.4836641 0.9042351 0.4796141 0.8922322 0.4922349 0.8990844 0.4964271 0.9110459 0.4871285 0.912814 0.485716 0.9103163 0.4922675 0.9215981 0.4871284 0.912814 0.4964271 0.9110459 0.5015739 0.9205839 0.5079467 0.9283589 0.4969501 0.9267228 0.4969501 0.9267228 0.5079467 0.9283589 0.5024912 0.9309667 0.5125946 0.9371466 0.5024912 0.9309667 0.5079467 0.9283589 0.5480456 0.9107092 0.5451331 0.9327625 0.5430744 0.9268265 0.5529206 0.8483691 0.5600405 0.8531964 0.550425 0.879486 0.5664406 0.8104326 0.5600346 0.8532317 0.55525 0.8160245 0.55525 0.8160245 0.5600346 0.8532317 0.5529206 0.8483691 0.5587546 0.7485725 0.5727669 0.7457811 0.55525 0.8160245 0.5727669 0.7457811 0.5664438 0.8104094 0.55525 0.8160245 0.5727657 0.7458052 0.5587522 0.7486269 0.574289 0.7131787 0.5587522 0.7486269 0.5596946 0.714483 0.574289 0.7131787 0.574289 0.7131787 0.5596946 0.714483 0.5752107 0.6806288 0.5596946 0.714483 0.5599699 0.6806077 0.5752107 0.6806288 0.5437793 0.6460815 0.5750322 0.6548117 0.5599699 0.6806077 0.5750322 0.6548117 0.5752105 0.6806012 0.5599699 0.6806077 0.5745568 0.6291427 0.5750322 0.6548117 0.5437793 0.6460815 0.5718403 0.5806772 0.5737748 0.615191 0.540959 0.5781764 0.5657268 0.5191302 0.5717028 0.5782241 0.5388175 0.5449377 0.5596213 0.4759809 0.5653692 0.5166037 0.5331025 0.4799886 0.5331025 0.4799886 0.5653692 0.5166037 0.536198 0.5122131 0.5596213 0.4759809 0.5331025 0.4799886 0.555895 0.4508702 0.5331025 0.4799886 0.529533 0.4482499 0.555895 0.4508702 0.529533 0.4482499 0.5319617 0.4283447 0.555895 0.4508702 0.555895 0.4508702 0.5319617 0.4283447 0.5361274 0.4262739 0.5145848 0.9232013 0.509443 0.9144146 0.5174268 0.9074808 0.4992807 0.8766198 0.4887412 0.8841446 0.4917196 0.7931054 0.4887412 0.8841446 0.479151 0.7970237 0.4917196 0.7931054 0.4917196 0.7931054 0.479151 0.7970237 0.4861158 0.6805107 0.479151 0.7970237 0.4724867 0.6804929 0.4861158 0.6805107 0.4590703 0.6712583 0.4845906 0.6049687 0.4724867 0.6804929 0.4724867 0.6804929 0.4845906 0.6049687 0.4861158 0.6805107 0.4845906 0.6049687 0.5000972 0.6802798 0.4861158 0.6805107 0.4861158 0.6805107 0.5000972 0.6802798 0.4918096 0.7944844 0.5000972 0.6802798 0.5082053 0.8504787 0.4918096 0.7944844 0.4918096 0.7944844 0.5082053 0.8504787 0.4992989 0.8767569 0.5248919 0.9408475 0.5157285 0.934968 0.5209218 0.930993 0.5157285 0.934968 0.5145848 0.9232013 0.5209218 0.930993 0.5209218 0.930993 0.5145848 0.9232013 0.5213352 0.917521 0.5145848 0.9232013 0.5174268 0.9074808 0.5213352 0.917521 0.5213352 0.917521 0.5174268 0.9074808 0.5255225 0.9001518 0.5196135 0.8411826 0.520656 0.8584037 0.5099003 0.8678121 0.485716 0.9103163 0.4917814 0.8994364 0.4969251 0.910649 0.4917814 0.8994364 0.5219078 0.8739042 0.4969251 0.910649 0.4969251 0.910649 0.5219078 0.8739042 0.5234805 0.8877119 0.5421273 0.8998688 0.5424723 0.9135292 0.5315711 0.9222816 0.5424723 0.9135292 0.5356704 0.9325126 0.5315711 0.9222816 0.4951821 0.9247879 0.4961695 0.9112511 0.5059724 0.9170711 0.4961695 0.9112511 0.5234805 0.8877119 0.5059724 0.9170711 0.5059724 0.9170711 0.5234805 0.8877119 0.5255225 0.9001518 0.5001055 0.680526 0.5144782 0.6805449 0.5082041 0.8504618 0.5144782 0.6805449 0.5196145 0.8412064 0.5082041 0.8504618 0.5196145 0.8412064 0.5099003 0.8678121 0.5082041 0.8504618 0.5082041 0.8504618 0.5099003 0.8678121 0.4992744 0.8765724 0.5144783 0.6805506 0.5444316 0.6806327 0.5206609 0.8585111 0.5444316 0.6806327 0.5423997 0.8559468 0.5206609 0.8585111 0.542033 0.885785 0.5421273 0.8998688 0.528185 0.9115706 0.5421273 0.8998688 0.5315711 0.9222816 0.528185 0.9115706 0.5262074 0.9267155 0.5320241 0.9353807 0.5284281 0.9381803 0.5320241 0.9353807 0.5348273 0.9425925 0.5284281 0.9381803 0.4795717 0.8922702 0.5014275 0.8747972 0.4925346 0.8988516 0.5014275 0.8747972 0.520656 0.8584037 0.4925346 0.8988516 0.4925346 0.8988516 0.520656 0.8584037 0.5219078 0.8739042 0.520656 0.8584037 0.542399 0.8559799 0.5219078 0.8739042 0.5219078 0.8739042 0.542399 0.8559799 0.5255696 0.9004387 0.542399 0.8559799 0.542033 0.885785 0.5255696 0.9004387 0.542033 0.885785 0.528185 0.9115706 0.5255696 0.9004387 0.5255696 0.9004387 0.528185 0.9115706 0.5213352 0.917521 0.528185 0.9115706 0.5262074 0.9267155 0.5213352 0.917521 0.536198 0.5122131 0.5088689 0.5075604 0.5295782 0.4486517 0.5088689 0.5075604 0.5061379 0.4312334 0.5295782 0.4486517 0.5295782 0.4486517 0.5061379 0.4312334 0.5161468 0.4315491 0.5388175 0.5449377 0.5718028 0.5800083 0.5111331 0.5736159 0.5125772 0.6084388 0.5426172 0.6119159 0.5135755 0.644141 0.5426172 0.6119159 0.5437793 0.6460815 0.5135755 0.644141 0.5745589 0.6291809 0.5437793 0.6460815 0.5737748 0.615191 0.5437793 0.6460815 0.5426172 0.6119159 0.5737748 0.615191 0.5737748 0.615191 0.5426172 0.6119159 0.540959 0.5781764 0.5426172 0.6119159 0.5125772 0.6084388 0.540959 0.5781764 0.540959 0.5781764 0.5125772 0.6084388 0.5114709 0.5736675 0.5102425 0.5400252 0.4845906 0.6049687 0.4842649 0.5351223 0.4845906 0.6049687 0.4588544 0.5812467 0.4842649 0.5351223 0.4842649 0.5351223 0.4588544 0.5812467 0.4601838 0.5529554 0.536198 0.5122131 0.5102425 0.5400252 0.5088672 0.5075273 0.5102425 0.5400252 0.4842649 0.5351223 0.5088672 0.5075273 0.5088672 0.5075273 0.4842649 0.5351223 0.5055052 0.4448043 0.4842649 0.5351223 0.484688 0.4722348 0.5055052 0.4448043 0.484688 0.4722348 0.5055131 0.4311093 0.5055052 0.4448043 0.536198 0.5122131 0.5659014 0.5189628 0.5102425 0.5400252 0.5659014 0.5189628 0.5114675 0.5735563 0.5102425 0.5400252 0.5102425 0.5400252 0.5114675 0.5735563 0.4845906 0.6049687 0.4845906 0.6049687 0.5114675 0.5735563 0.5000954 0.68053 0.5114675 0.5735563 0.5135755 0.644141 0.5000954 0.68053 0.5135755 0.644141 0.5437793 0.6460815 0.5000954 0.68053 0.5000954 0.68053 0.5437793 0.6460815 0.5444316 0.6805922 0.5437793 0.6460815 0.5599699 0.6806077 0.5444316 0.6805922 0.5599699 0.6806077 0.5580256 0.7586728 0.5444316 0.6805922 0.5444316 0.6805922 0.5580256 0.7586728 0.5437489 0.7876213 0.5580256 0.7586728 0.548094 0.9080293 0.5437489 0.7876213 0.5437489 0.7876213 0.548094 0.9080293 0.5424805 0.9139603 0.548094 0.9080293 0.5430744 0.9268265 0.5424805 0.9139603 0.5424805 0.9139603 0.5430744 0.9268265 0.5356704 0.9325126 0.6046942 0.637021 0.6039496 0.7147781 0.8145394 0.5209551 0.8216791 0.5214088 0.8349237 0.5221574 0.8716551 0.5253755 0.5130923 0.91275 0.5162501 0.9054615 0.5187733 0.8980587 0.5229553 0.5364821 0.5173295 0.5369995 0.5094182 0.5369458 0.5468347 0.9290586 0.3923047 0.8423075 0.462234 0.8874633 0.462234 0.8874633 0.3923047 0.8423075 0.4560081 0.9358515 0.5665924 0.8104549 0.5604031 0.8533186 0.5636268 0.8319736 0.02648645 0.08887034 0.03639256 0.08722311 0.03780305 0.09712541 0.09243071 0.08926057 0.09165018 0.1008252 0.07447189 0.0943917 0.4472051 0.3643123 0.4474829 0.3803395 0.422083 0.3713944 0.4521408 0.3451375 0.4474947 0.3596688 0.4314733 0.3476119 0.4799607 0.3168328 0.4714683 0.3217034 0.4331053 0.2967986 0.4714474 0.3217227 0.4590176 0.3342885 0.4331053 0.2967986 0.4887892 0.3125991 0.4799607 0.3168328 0.4425212 0.2796308 0.4799607 0.3168328 0.4331053 0.2967986 0.4425212 0.2796308 0.3785039 0.2371511 0.4424629 0.2795894 0.378867 0.264982 0.378867 0.264982 0.4424629 0.2795894 0.4331053 0.2967986 0.2766785 0.1766963 0.3452278 0.2162141 0.3182313 0.2303339 0.2495115 0.1626248 0.2743974 0.1755148 0.2588751 0.1821019 0.2495115 0.1626248 0.2587068 0.182013 0.1823366 0.1283887 0.2587068 0.182013 0.1768085 0.1397549 0.1823366 0.1283887 0.1320917 0.1183982 0.1317264 0.1048505 0.1768085 0.1397549 0.1317264 0.1048505 0.1823323 0.1283867 0.1768085 0.1397549 0.0916233 0.1008139 0.09241795 0.08925628 0.1320917 0.1183982 0.09241795 0.08925628 0.1317266 0.1048506 0.1320917 0.1183982 0.05317145 0.07862544 0.06893211 0.08178877 0.05970442 0.08991229 0.07447189 0.0943917 0.06886667 0.0817756 0.09243071 0.08926057 0.03594964 0.07958889 0.03995656 0.07870364 0.04720258 0.08752775 0.03321301 0.08019351 0.02648645 0.08887034 0.02663749 0.08297812 0.04791551 0.1571069 0.04757624 0.1500974 0.07329076 0.177923 0.04757624 0.1500974 0.07327687 0.1678177 0.07329076 0.177923 0.0733754 0.1779924 0.07339155 0.1678954 0.1257221 0.2175234 0.07339155 0.1678954 0.1280443 0.2044196 0.1257221 0.2175234 0.1255829 0.217423 0.1280443 0.2044196 0.1472683 0.2330693 0.1280443 0.2044196 0.1567386 0.2227362 0.1472683 0.2330693 0.1858357 0.2406234 0.1792331 0.2536281 0.1567386 0.2227362 0.1792331 0.2536281 0.1472682 0.2330693 0.1567386 0.2227362 0.2150346 0.2577974 0.2073675 0.2710191 0.1858357 0.2406234 0.2073675 0.2710191 0.179233 0.2536281 0.1858357 0.2406234 0.2530288 0.2610392 0.2298344 0.2837322 0.2150346 0.2577974 0.2298344 0.2837322 0.2073939 0.2710341 0.2150346 0.2577974 0.2522765 0.2961808 0.2298344 0.2837322 0.2530288 0.2610392 0.2956482 0.3180087 0.2647752 0.302471 0.3132429 0.29255 0.3536253 0.3442128 0.2993589 0.3198761 0.3430995 0.3073101 0.3924137 0.3597934 0.3543543 0.3445055 0.4022042 0.3348312 0.4022042 0.3348312 0.3543543 0.3445055 0.3727501 0.3213995 0.3924137 0.3597934 0.4022042 0.3348312 0.4160659 0.3691679 0.4022042 0.3348312 0.4314733 0.3476119 0.4160659 0.3691679 0.4314733 0.3476119 0.4474947 0.3596688 0.4160659 0.3691679 0.02763485 0.09719896 0.03780305 0.09712541 0.03981924 0.1075097 0.07565253 0.1072555 0.074409 0.09436815 0.1519544 0.1425625 0.074409 0.09436815 0.1548388 0.1297134 0.1519544 0.1425625 0.1519544 0.1425625 0.1548388 0.1297134 0.2520452 0.1938948 0.1548388 0.1297134 0.2588751 0.1821019 0.2520452 0.1938948 0.2749694 0.1758111 0.3182313 0.2303339 0.2588751 0.1821019 0.2588751 0.1821019 0.3182313 0.2303339 0.2520452 0.1938948 0.3182313 0.2303339 0.2452638 0.2061215 0.2520452 0.1938948 0.2520452 0.1938948 0.2452638 0.2061215 0.1506984 0.1419425 0.2452638 0.2061215 0.09381347 0.1280421 0.1506984 0.1419425 0.1506984 0.1419425 0.09381347 0.1280421 0.07552319 0.1072021 0.007147729 0.09727859 0.01680815 0.0922873 0.01766228 0.09877538 0.01680815 0.0922873 0.02763485 0.09719896 0.01766228 0.09877538 0.01766228 0.09877538 0.02763485 0.09719896 0.02917999 0.1058859 0.02763485 0.09719896 0.03981924 0.1075097 0.02917999 0.1058859 0.02917999 0.1058859 0.03981924 0.1075097 0.04212224 0.1181889 0.09615808 0.1425682 0.08073186 0.1348678 0.07796674 0.1208529 0.05317145 0.07862544 0.05962651 0.08934408 0.04729819 0.08816123 0.05962651 0.08934408 0.0666719 0.1281958 0.04729819 0.08816123 0.04729819 0.08816123 0.0666719 0.1281958 0.05390357 0.1226361 0.03407394 0.1327202 0.02206039 0.1261857 0.01990705 0.1123611 0.02206039 0.1261857 0.009005069 0.1107937 0.01990705 0.1123611 0.01990705 0.1123611 0.009005069 0.1107937 0.008333265 0.1061971 0.04715335 0.08720099 0.05390357 0.1226361 0.03723591 0.09278392 0.03723591 0.09278392 0.05390357 0.1226361 0.04212224 0.1181889 0.2450371 0.2060007 0.2378348 0.2184365 0.09382879 0.1280494 0.2378348 0.2184365 0.09613776 0.1425576 0.09382879 0.1280494 0.09613776 0.1425576 0.07796674 0.1208529 0.09382879 0.1280494 0.09382879 0.1280494 0.07796674 0.1208529 0.07569736 0.107274 0.2378297 0.2184337 0.2227822 0.2443295 0.08063638 0.1348184 0.2227822 0.2443295 0.0719754 0.154918 0.08063638 0.1348184 0.04631531 0.1396774 0.03407394 0.1327202 0.03090953 0.1147938 0.03407394 0.1327202 0.01990705 0.1123611 0.03090953 0.1147938 0.06893211 0.08178877 0.07444494 0.09414201 0.05977767 0.09044533 0.07444494 0.09414201 0.08073186 0.1348678 0.05977767 0.09044533 0.05977767 0.09044533 0.08073186 0.1348678 0.0666719 0.1281958 0.08073186 0.1348678 0.07194727 0.154901 0.0666719 0.1281958 0.0666719 0.1281958 0.07194727 0.154901 0.04184961 0.118086 0.07194727 0.154901 0.04631531 0.1396774 0.04184961 0.118086 0.04631531 0.1396774 0.03090953 0.1147938 0.04184961 0.118086 0.04184961 0.118086 0.03090953 0.1147938 0.02917999 0.1058859 0.03090953 0.1147938 0.01873564 0.1054952 0.02917999 0.1058859 0.01766228 0.09877538 0.002737045 0.1002457 0.007147729 0.09727859 0.3727501 0.3213995 0.3904317 0.3000687 0.4311044 0.3474509 0.3904317 0.3000687 0.4579046 0.3358608 0.4311044 0.3474509 0.4311044 0.3474509 0.4579046 0.3358608 0.4526267 0.344371 0.3430995 0.3073101 0.2993588 0.3198761 0.3321087 0.2689975 0.3012299 0.2528378 0.2831959 0.2771167 0.2698101 0.2358547 0.2831959 0.2771167 0.2530288 0.2610392 0.2698101 0.2358547 0.2522516 0.2961683 0.2530288 0.2610392 0.2647752 0.302471 0.2530288 0.2610392 0.2831959 0.2771167 0.2647752 0.302471 0.2647752 0.302471 0.2831959 0.2771167 0.3132429 0.29255 0.2831959 0.2771167 0.3012299 0.2528378 0.3132429 0.29255 0.3132429 0.29255 0.3012299 0.2528378 0.3318954 0.2692637 0.3616369 0.2850236 0.3182313 0.2303339 0.378867 0.264982 0.3182313 0.2303339 0.3516313 0.2199056 0.378867 0.264982 0.378867 0.264982 0.3516313 0.2199056 0.3785039 0.2371511 0.3727501 0.3213995 0.3616369 0.2850236 0.3904614 0.300084 0.3616369 0.2850236 0.378867 0.264982 0.3904614 0.300084 0.3904614 0.300084 0.378867 0.264982 0.4464689 0.3285297 0.378867 0.264982 0.4331053 0.2967986 0.4464689 0.3285297 0.4331053 0.2967986 0.4583248 0.3353816 0.4464689 0.3285297 0.3540592 0.344387 0.3318972 0.2692699 0.3727501 0.3213995 0.3727501 0.3213995 0.3318972 0.2692699 0.3616369 0.2850236 0.3616369 0.2850236 0.3318972 0.2692699 0.3182313 0.2303339 0.3318972 0.2692699 0.2698019 0.2358502 0.3182313 0.2303339 0.3182313 0.2303339 0.2698019 0.2358502 0.2450389 0.2059901 0.2698019 0.2358502 0.2530288 0.2610392 0.2450389 0.2059901 0.2450389 0.2059901 0.2530288 0.2610392 0.2228172 0.2443496 0.2530288 0.2610392 0.2150346 0.2577974 0.2228172 0.2443496 0.2150346 0.2577974 0.1484181 0.2170944 0.2228172 0.2443496 0.2228172 0.2443496 0.1484181 0.2170944 0.13047 0.1902468 0.1484181 0.2170944 0.0240134 0.1338024 0.13047 0.1902468 0.02167868 0.125975 0.01024675 0.1200579 0.009005069 0.1107937 0.9942331 0.09165501 0.9906847 0.1010609 0.9814063 0.09733015 0.9609233 0.1485593 0.9513048 0.1421049 0.9654869 0.1304367 0.5453267 0.3182842 0.5313079 0.3105113 0.5517604 0.2929925 0.5594654 0.3321468 0.5492038 0.3208569 0.5676548 0.3130077 0.5700891 0.3605733 0.5654219 0.3435258 0.6108481 0.3398525 0.6361763 0.3496107 0.6019192 0.3653217 0.6108481 0.3398525 0.5698856 0.3769925 0.5700955 0.3606015 0.6019191 0.3653218 0.6019191 0.3653218 0.5700955 0.3606015 0.6108481 0.3398525 0.6655202 0.3087761 0.6698354 0.3326777 0.6108481 0.3398525 0.6698354 0.3326777 0.6362501 0.3495768 0.6108481 0.3398525 0.7258439 0.2735722 0.7327679 0.2992795 0.7181734 0.3077182 0.7930701 0.2644119 0.7327678 0.2992795 0.7258439 0.2735722 0.8161548 0.2496386 0.8032886 0.2578725 0.7972994 0.2462939 0.8161548 0.2496386 0.7974287 0.2462126 0.8799477 0.2083569 0.7974287 0.2462126 0.8750128 0.1963897 0.8799477 0.2083569 0.9158733 0.168339 0.9277663 0.1748026 0.8750128 0.1963897 0.9277663 0.1748026 0.8799623 0.2083467 0.8750128 0.1963897 0.9513279 0.1420873 0.9609335 0.1485504 0.9158733 0.168339 0.9609335 0.1485504 0.9277663 0.1748026 0.9158733 0.168339 0.9897491 0.1198918 0.9793682 0.1316873 0.9767316 0.1198984 0.9654869 0.1304367 0.9794196 0.1316289 0.9609233 0.1485593 0.9975271 0.1044977 0.9962781 0.1084472 0.9849963 0.1102869 0.9962764 0.1084526 0.9913217 0.1172213 0.9849963 0.1102869 0.9983626 0.1018556 0.9942331 0.09165501 0.9992455 0.09480804 0.9995355 0.08324271 0.9992455 0.09480804 0.9942331 0.09165501 0.8626804 0.1000091 0.9033033 0.08404195 0.873289 0.1068532 0.8626804 0.1000091 0.873289 0.1068532 0.808643 0.1243029 0.873289 0.1068532 0.8132008 0.1375032 0.808643 0.1243029 0.7831317 0.1537741 0.775169 0.1415581 0.8131714 0.1375185 0.775169 0.1415581 0.8086429 0.1243029 0.8131714 0.1375185 0.7536582 0.170473 0.7460483 0.1572403 0.7831317 0.1537741 0.7460483 0.1572403 0.775169 0.1415581 0.7831317 0.1537741 0.7318538 0.2017573 0.7237934 0.1703206 0.7536582 0.170473 0.7237934 0.1703206 0.7460228 0.1572552 0.7536582 0.170473 0.7017992 0.183557 0.7237934 0.1703206 0.7318538 0.2017573 0.6611943 0.2101659 0.6901034 0.1912214 0.6744581 0.2381514 0.6103973 0.2466329 0.6585935 0.2118703 0.6467443 0.2566248 0.5766305 0.2730879 0.6089229 0.247788 0.5933558 0.2940477 0.5933558 0.2940477 0.6089229 0.247788 0.6197146 0.2752551 0.5766306 0.2730879 0.5933558 0.2940477 0.5567226 0.2888762 0.5933558 0.2940477 0.5676548 0.3130077 0.5567226 0.2888762 0.5676548 0.3130077 0.5492038 0.320857 0.5567226 0.2888762 0.986446 0.08848452 0.9814063 0.09733015 0.9714084 0.09388256 0.9537518 0.1250289 0.9655382 0.1303944 0.8851982 0.1733385 0.9655382 0.1303944 0.8948707 0.182268 0.8851982 0.1733385 0.8851982 0.1733385 0.8948707 0.182268 0.7905005 0.2344819 0.8948707 0.182268 0.7972994 0.2462939 0.7905005 0.2344819 0.7930702 0.2644118 0.7258439 0.2735722 0.8032771 0.2578503 0.8032771 0.2578503 0.7258439 0.2735722 0.7905005 0.2344819 0.7258439 0.2735722 0.7833099 0.2224891 0.7905005 0.2344819 0.7905005 0.2344819 0.7833099 0.2224891 0.8863491 0.1725701 0.7833099 0.2224891 0.9266492 0.1303704 0.8863491 0.1725701 0.8863491 0.1725701 0.9266492 0.1303704 0.9538613 0.1249447 0.9965782 0.07073765 0.996067 0.08161205 0.9900265 0.07910138 0.996067 0.08161205 0.986446 0.08848452 0.9900265 0.07910138 0.9900265 0.07910138 0.986446 0.08848452 0.9781501 0.08547818 0.986446 0.08848452 0.9714084 0.09388256 0.9781501 0.08547818 0.9781501 0.08547818 0.9714084 0.09388256 0.961012 0.0905357 0.9128946 0.1251382 0.9272879 0.1156245 0.940814 0.1202356 0.9897491 0.1198918 0.9772641 0.1201156 0.9843989 0.1100522 0.9772641 0.1201156 0.9400867 0.1067899 0.9843989 0.1100522 0.9843989 0.1100522 0.9400867 0.1067899 0.951259 0.09852403 0.9524621 0.07629662 0.9641198 0.06916785 0.9771539 0.07423353 0.9641198 0.06916785 0.983965 0.0655685 0.9771539 0.07423353 0.9975271 0.1044977 0.9853031 0.1104075 0.9854412 0.09900724 0.9853031 0.1104075 0.951259 0.09852403 0.9854412 0.09900724 0.9854412 0.09900724 0.951259 0.09852403 0.961012 0.0905357 0.7835192 0.2223587 0.7763493 0.2099018 0.9266352 0.1303799 0.7763493 0.2099018 0.9129147 0.1251254 0.9266352 0.1303799 0.9129147 0.1251254 0.940814 0.1202356 0.9266352 0.1303799 0.9266352 0.1303799 0.940814 0.1202356 0.9537138 0.1250581 0.776354 0.2098988 0.7614488 0.1839173 0.9273784 0.1155664 0.7614488 0.1839173 0.914288 0.09802132 0.9273784 0.1155664 0.9403122 0.08341997 0.9524621 0.07629662 0.9695704 0.08252096 0.9524621 0.07629662 0.9771539 0.07423353 0.9695704 0.08252096 0.9695704 0.08252096 0.9771539 0.07423353 0.9836774 0.07666212 0.9771539 0.07423353 0.988274 0.06729292 0.9836774 0.07666212 0.9836774 0.07666212 0.988274 0.06729292 0.9924984 0.06900805 0.988274 0.06729292 0.9930995 0.06125932 0.9924984 0.06900805 0.9793682 0.1316873 0.9657905 0.1305708 0.9762114 0.1196864 0.9657905 0.1305708 0.9272879 0.1156245 0.9762114 0.1196864 0.9762114 0.1196864 0.9272879 0.1156245 0.9400867 0.1067899 0.9272879 0.1156245 0.914317 0.09800541 0.9400867 0.1067899 0.9400867 0.1067899 0.914317 0.09800541 0.961237 0.09035146 0.914317 0.09800541 0.9403122 0.08341997 0.961237 0.09035146 0.9403122 0.08341997 0.9695704 0.08252096 0.961237 0.09035146 0.961237 0.09035146 0.9695704 0.08252096 0.9781501 0.08547818 0.9695704 0.08252096 0.9836774 0.07666212 0.9781501 0.08547818 0.6197146 0.2752551 0.6293498 0.3012491 0.5679802 0.3127677 0.6293498 0.3012491 0.5646167 0.341776 0.5679802 0.3127677 0.5679802 0.3127677 0.5646167 0.341776 0.5598858 0.3329499 0.6467443 0.2566248 0.6604735 0.2106383 0.6854214 0.2662612 0.7148561 0.2476001 0.7028475 0.2198461 0.7452748 0.2288851 0.7028475 0.2198461 0.7318538 0.2017573 0.7452748 0.2288851 0.7018278 0.1835383 0.7318538 0.2017573 0.6901034 0.1912214 0.7318538 0.2017573 0.7028475 0.2198461 0.6901034 0.1912214 0.6901034 0.1912214 0.7028475 0.2198461 0.6744581 0.2381514 0.7028475 0.2198461 0.7148561 0.2476001 0.6744581 0.2381514 0.6744581 0.2381514 0.7148561 0.2476001 0.6852974 0.2659433 0.6567774 0.2838277 0.7258439 0.2735722 0.6730747 0.3309999 0.7258439 0.2735722 0.7181734 0.3077182 0.6730747 0.3309999 0.6197146 0.2752551 0.6567774 0.2838277 0.6293219 0.3012671 0.6567774 0.2838277 0.6655202 0.3087761 0.6293219 0.3012671 0.6293219 0.3012671 0.6655202 0.3087761 0.5766847 0.3355394 0.6655202 0.3087761 0.6108481 0.3398525 0.5766847 0.3355394 0.6108481 0.3398525 0.5648216 0.3423792 0.5766847 0.3355394 0.6197146 0.2752551 0.609717 0.2470615 0.6567774 0.2838277 0.609717 0.2470615 0.685203 0.2660019 0.6567774 0.2838277 0.6567774 0.2838277 0.685203 0.2660019 0.7258439 0.2735722 0.7258439 0.2735722 0.685203 0.2660019 0.7835274 0.2223654 0.685203 0.2660019 0.7452748 0.2288851 0.7835274 0.2223654 0.7452748 0.2288851 0.7318538 0.2017573 0.7835274 0.2223654 0.7835274 0.2223654 0.7318538 0.2017573 0.7614138 0.1839376 0.7318538 0.2017573 0.7536582 0.170473 0.7614138 0.1839376 0.7536582 0.170473 0.8222367 0.1331238 0.7614138 0.1839376 0.7614138 0.1839376 0.8222367 0.1331238 0.8544426 0.1310153 0.8222367 0.1331238 0.9565448 0.06704843 0.8544426 0.1310153 0.8544426 0.1310153 0.9565448 0.06704843 0.9644888 0.06894534 0.9565448 0.06704843 0.9753346 0.06199806 0.9644888 0.06894534 0.9644888 0.06894534 0.9753346 0.06199806 0.983965 0.0655685 0.9753346 0.06199806 0.9829346 0.05704522 0.983965 0.0655685 0.7015716 0.5173254 0.6861273 0.5172253 0.6699637 0.5172888 0.6700809 0.3331542 0.7016829 0.3166837 0.7329515 0.2995994 0.9602528 0.1495864 0.9701374 0.1409478 0.9814569 0.1299259 0.8097758 0.5177992 0.8165016 0.5178612 0.8801838 0.5194143 0.9284108 0.5364813 0.9224399 0.5370032 0.9135287 0.5369579 0.5037275 0.6423792 0.5023777 0.606453 0.5167038 0.6046557 0.450197 0.4141966 0.4651184 0.4243331 0.4445046 0.4473307 0.4445046 0.4473307 0.4651184 0.4243331 0.4651735 0.4450671 0.464699 0.5095777 0.4381509 0.4863937 0.4645896 0.4770843 0.4381509 0.4863937 0.4398477 0.4759616 0.4645896 0.4770843 0.4652782 0.5425607 0.4328072 0.529907 0.464699 0.5095777 0.464699 0.5095777 0.4328072 0.529907 0.4381509 0.4863937 0.4279893 0.5806533 0.4328052 0.5299234 0.4661034 0.5760471 0.4661034 0.5760471 0.4328052 0.5299234 0.4652782 0.5425607 0.4676147 0.6444216 0.4252886 0.6291 0.4669536 0.610025 0.4252886 0.6291 0.4260562 0.6047463 0.4669536 0.610025 0.4676147 0.6444216 0.42414 0.6655439 0.4252886 0.6291 0.4466541 0.6792174 0.4469441 0.7132785 0.4244355 0.679239 0.4244355 0.679239 0.4469441 0.7132785 0.4251438 0.7120701 0.4474641 0.7475851 0.4253499 0.7216229 0.4469441 0.7132785 0.4335674 0.8101494 0.4294657 0.7773279 0.4492194 0.8152729 0.4492194 0.8152729 0.4294657 0.7773279 0.4474641 0.7475851 0.4474641 0.7475851 0.4294657 0.7773279 0.4253499 0.7216229 0.4504341 0.8479724 0.4378809 0.8426554 0.4492218 0.8153555 0.4492218 0.8153555 0.4378809 0.8426554 0.4335674 0.8101494 0.4453207 0.8857034 0.451792 0.8794343 0.4504585 0.9095758 0.451792 0.8794343 0.4531959 0.9098444 0.4504585 0.9095758 0.451792 0.8794343 0.445336 0.8857745 0.4504341 0.8479724 0.445336 0.8857745 0.4378966 0.8427501 0.4504341 0.8479724 0.5108458 0.4284139 0.5154225 0.4267228 0.5149454 0.4402856 0.4916846 0.431106 0.5020764 0.4307812 0.502606 0.4414779 0.4651183 0.424333 0.4732803 0.4281017 0.4651735 0.4450671 0.4555017 0.9343369 0.4497029 0.8255733 0.4603785 0.9055134 0.4603785 0.9055134 0.4497029 0.8255733 0.4676147 0.6444458 0.4497029 0.8255733 0.4466542 0.6792243 0.4676147 0.6444458 0.4466542 0.6792243 0.4244355 0.679239 0.4676147 0.6444458 0.4676147 0.6444458 0.4244355 0.679239 0.42414 0.665544 0.528737 0.6788926 0.5268961 0.7209804 0.5178598 0.6789575 0.5227851 0.8185066 0.5291921 0.7485533 0.530144 0.7615023 0.5291921 0.7485533 0.5339064 0.678853 0.530144 0.7615023 0.523768 0.8407638 0.5301632 0.7824786 0.5284507 0.8158702 0.5301632 0.7824786 0.5364482 0.6788305 0.5284507 0.8158702 0.7479286 0.5200681 0.528298 0.8457142 0.5322112 0.7920892 0.7234921 0.5190632 0.7485473 0.5193169 0.5326802 0.7719549 0.7485473 0.5193169 0.5265773 0.844518 0.5326802 0.7719549 0.5326802 0.7719549 0.5265773 0.844518 0.5279965 0.8205778 0.5279965 0.8205778 0.5265773 0.844518 0.519906 0.8659511 0.5219634 0.7202255 0.5235431 0.7679008 0.5106565 0.7908882 0.5235431 0.7679008 0.5187417 0.8154694 0.5106565 0.7908882 0.5106565 0.7908882 0.5187417 0.8154694 0.5035325 0.8496088 0.5003988 0.8674002 0.4899953 0.8579024 0.5127373 0.764655 0.4899953 0.8579024 0.4984642 0.7816449 0.5127373 0.764655 0.4984642 0.7816449 0.502676 0.7178357 0.5127373 0.764655 0.5127373 0.764655 0.502676 0.7178357 0.5178598 0.6789575 0.5162647 0.8837508 0.5091363 0.8762825 0.5164666 0.8626083 0.5091363 0.8762825 0.5158661 0.8377489 0.5164666 0.8626083 0.5164666 0.8626083 0.5158661 0.8377489 0.5227851 0.8185066 0.5070854 0.9109688 0.4895705 0.8927128 0.5167062 0.9040455 0.5167062 0.9040455 0.4895705 0.8927128 0.4926232 0.8786577 0.4895705 0.8927128 0.4741291 0.8789319 0.4926232 0.8786577 0.4926232 0.8786577 0.4741291 0.8789319 0.4761818 0.864217 0.5199574 0.865625 0.5164325 0.8628208 0.5303694 0.7755709 0.5164325 0.8628208 0.530101 0.7621129 0.5303694 0.7755709 0.530101 0.7621129 0.5356366 0.6788374 0.5303694 0.7755709 0.4940272 0.9284287 0.468924 0.9055722 0.5011743 0.9205883 0.5011743 0.9205883 0.468924 0.9055722 0.4856658 0.9048627 0.4856658 0.9048627 0.468924 0.9055722 0.4717717 0.8926768 0.4756048 0.9410886 0.4660924 0.9328648 0.485435 0.9350655 0.485435 0.9350655 0.4660924 0.9328648 0.4658398 0.9180636 0.4660924 0.9328648 0.4596098 0.93949 0.4658398 0.9180636 0.4621462 0.8856851 0.4717717 0.8926768 0.4597158 0.9138177 0.4717717 0.8926768 0.4690308 0.9056627 0.4597158 0.9138177 0.4597158 0.9138177 0.4690308 0.9056627 0.4730358 0.9239154 0.4814426 0.9161944 0.4940272 0.9284287 0.4730358 0.9239154 0.4730358 0.9239154 0.4940272 0.9284287 0.4875644 0.9366995 0.5108458 0.4284139 0.5149454 0.4402856 0.5020794 0.4308416 0.5020794 0.4308416 0.5149454 0.4402856 0.5053467 0.4713825 0.502606 0.4414779 0.5053467 0.4713825 0.4891923 0.4312254 0.4891923 0.4312254 0.5053467 0.4713825 0.4974484 0.5376178 0.5167038 0.6046557 0.5023777 0.606453 0.5115997 0.5346846 0.5023777 0.606453 0.5001705 0.5714675 0.5115997 0.5346846 0.5228363 0.6037644 0.5144947 0.5691616 0.5282198 0.6027821 0.5144947 0.5691616 0.5116371 0.5351298 0.5282198 0.6027821 0.5282198 0.6027821 0.5116371 0.5351298 0.5178571 0.4694934 0.5001705 0.5714675 0.4974484 0.5376178 0.5116371 0.5351298 0.4974484 0.5376178 0.5053467 0.4713825 0.5116371 0.5351298 0.5116371 0.5351298 0.5053467 0.4713825 0.5204321 0.4398375 0.522493 0.4227504 0.531718 0.4851374 0.5316548 0.5102298 0.5288749 0.5011911 0.532233 0.5655258 0.5239918 0.4757184 0.5213536 0.4236018 0.5290722 0.4792246 0.529545 0.510173 0.5290722 0.4792246 0.5342447 0.5649855 0.529545 0.510173 0.5178571 0.4694934 0.5310147 0.5622873 0.5277913 0.5953589 0.5352996 0.5646867 0.5328266 0.6020115 0.531258 0.565777 0.531258 0.565777 0.5328266 0.6020115 0.5282223 0.6028823 0.5328266 0.6020115 0.5291131 0.6403352 0.5282223 0.6028823 0.5282223 0.6028823 0.5291131 0.6403352 0.5167038 0.6046557 0.5291131 0.6403352 0.5179347 0.6413532 0.5167038 0.6046557 0.5167038 0.6046557 0.5179347 0.6413532 0.5037275 0.6423792 0.5179347 0.6413532 0.5038788 0.6790233 0.5037275 0.6423792 0.5351547 0.5297392 0.5369645 0.6010614 0.5328052 0.4976126 0.5389817 0.6010678 0.5397959 0.6388649 0.5372431 0.5640658 0.6383857 0.5176935 0.6785226 0.5193966 0.5333272 0.6398584 0.6785226 0.5193966 0.5328762 0.6788619 0.5333272 0.6398584 0.5333272 0.6398584 0.5328762 0.6788619 0.5287379 0.6788926 0.5328762 0.6788619 0.5292683 0.7474837 0.5287379 0.6788926 0.5187417 0.8154694 0.5158661 0.8377489 0.5035325 0.8496088 0.5158661 0.8377489 0.5091397 0.876265 0.5035325 0.8496088 0.5035325 0.8496088 0.5091397 0.876265 0.5004177 0.8672931 0.5351547 0.5297386 0.5369991 0.5640699 0.5374206 0.6009425 0.5369991 0.5640699 0.5385243 0.6390942 0.5374206 0.6009425 0.5385243 0.6390942 0.5334597 0.6398385 0.5374206 0.6009425 0.5287379 0.6788926 0.5178479 0.6789576 0.5291004 0.6403364 0.5291004 0.6403364 0.5178479 0.6789576 0.5179347 0.6413532 0.5179347 0.6413532 0.5178479 0.6789576 0.5038788 0.6790233 0.5178479 0.6789576 0.502676 0.7178357 0.5038788 0.6790233 0.4856447 0.6082506 0.4661034 0.5760471 0.4781574 0.4744996 0.4661034 0.5760471 0.4645897 0.4770994 0.4781574 0.4744996 0.4781574 0.4744996 0.4645897 0.4770994 0.4651735 0.4450671 0.4645897 0.4770994 0.4398477 0.4759616 0.4651735 0.4450671 0.4651735 0.4450671 0.4398477 0.4759616 0.4445046 0.4473307 0.5070854 0.9109688 0.5013071 0.9207267 0.4892504 0.8923877 0.5013071 0.9207267 0.4754223 0.8957276 0.4892504 0.8923877 0.4892504 0.8923877 0.4754223 0.8957276 0.4741206 0.8789927 0.4754223 0.8957276 0.4621344 0.885976 0.4741206 0.8789927 0.4741206 0.8789927 0.4621344 0.885976 0.4833713 0.7716826 0.4833713 0.7716826 0.4621344 0.885976 0.4869403 0.6620681 0.4621344 0.885976 0.4669546 0.610091 0.4869403 0.6620681 0.4869403 0.6620681 0.4669546 0.610091 0.4856447 0.6082506 0.4856447 0.6082506 0.4669546 0.610091 0.4661034 0.5760471 0.4669546 0.610091 0.4260562 0.6047463 0.4661034 0.5760471 0.4661034 0.5760471 0.4260562 0.6047463 0.4279893 0.5806533 0.4733993 0.428129 0.482411 0.4301923 0.4651735 0.4450671 0.482411 0.4301923 0.4897035 0.4422377 0.4651735 0.4450671 0.4651735 0.4450671 0.4897035 0.4422377 0.4781619 0.4745844 0.4897035 0.4422377 0.5023955 0.6126529 0.4781619 0.4745844 0.4781619 0.4745844 0.5023955 0.6126529 0.4863294 0.6290887 0.4863294 0.6290887 0.5023955 0.6126529 0.4857991 0.7187693 0.5023955 0.6126529 0.5034601 0.6925347 0.4857991 0.7187693 0.5034601 0.6925347 0.4984965 0.7812519 0.4857991 0.7187693 0.4857991 0.7187693 0.4984965 0.7812519 0.4761701 0.8643277 0.4984965 0.7812519 0.4899989 0.8578773 0.4761701 0.8643277 0.4761701 0.8643277 0.4899989 0.8578773 0.493137 0.8791766 0.4899989 0.8578773 0.5051454 0.8721614 0.493137 0.8791766 0.493137 0.8791766 0.5051454 0.8721614 0.5149049 0.9020431 0.5051454 0.8721614 0.520937 0.8887888 0.5149049 0.9020431 0.4912584 0.4498832 0.5609642 0.4815387 0.4958937 0.4565878 0.5650245 0.481435 0.4955874 0.4548539 0.5777453 0.4870146 0.535458 0.4883604 0.5273524 0.4950407 0.4871428 0.4386271 0.509642 0.4259145 0.5006474 0.4287635 0.4915203 0.4304246 0.5335178 0.4624003 0.5822975 0.4802542 0.5884916 0.4741494 0.5437495 0.4188232 0.5354719 0.4249063 0.5281374 0.4270974 0.5417026 0.4700812 0.5383804 0.4460903 0.5333276 0.47512 0.517429 0.4295747 0.536017 0.4260129 0.5315167 0.4284005 0.2475939 0.2447457 0.2793833 0.2615452 0.273777 0.2748525 0.1710612 0.2216182 0.1679342 0.2255217 0.1289827 0.1991474 0.4719705 0.3124794 0.4557314 0.3203337 0.4461236 0.2909842 0.4461236 0.2909842 0.4557314 0.3203337 0.4377488 0.310014 0.3821145 0.2773505 0.415469 0.2659487 0.4103105 0.2935014 0.415469 0.2659487 0.4236551 0.2726343 0.4103105 0.2935014 0.3389186 0.2100188 0.366352 0.2289348 0.323853 0.2453291 0.323853 0.2453291 0.366352 0.2289348 0.3822103 0.2774036 0.3822103 0.2774036 0.366352 0.2289348 0.415469 0.2659487 0.2638806 0.2124524 0.2983129 0.1834565 0.2940014 0.229077 0.2983129 0.1834565 0.31902 0.196298 0.2940014 0.229077 0.2638806 0.2124524 0.2673258 0.1642398 0.2983129 0.1834565 0.2442263 0.1769028 0.2145846 0.1601217 0.2553179 0.1576481 0.2553179 0.1576481 0.2145846 0.1601217 0.226531 0.1418459 0.184614 0.143419 0.2181554 0.1372483 0.2145846 0.1601217 0.1373807 0.1001025 0.1678567 0.1129609 0.1251172 0.1110948 0.1251172 0.1110948 0.1678567 0.1129609 0.184614 0.143419 0.184614 0.143419 0.1678567 0.1129609 0.2181554 0.1372483 0.09619116 0.09579694 0.1070706 0.08758521 0.1250445 0.1110557 0.1250445 0.1110557 0.1070706 0.08758521 0.1373807 0.1001025 0.04264295 0.06492429 0.06582164 0.07240933 0.06826531 0.08124202 0.06826531 0.08124202 0.065746 0.07238489 0.09619116 0.09579694 0.065746 0.07238489 0.1069806 0.08755135 0.09619116 0.09579694 0.0173161 0.05679798 0.02202332 0.0571168 0.03452658 0.07091242 0.03452658 0.07091242 0.02776533 0.07410228 0.01301234 0.05764412 0.442011 0.33238 0.436676 0.3397806 0.4275419 0.3324752 0.4557314 0.3203337 0.4483866 0.3255181 0.4377488 0.310014 0.02203178 0.05711925 0.1107587 0.1036239 0.03661954 0.07235425 0.03661954 0.07235425 0.1107587 0.1036239 0.2638594 0.2124401 0.1107587 0.1036239 0.2442202 0.1768993 0.2638594 0.2124401 0.2442202 0.1768993 0.2553179 0.1576481 0.2638594 0.2124401 0.2638594 0.2124401 0.2553179 0.1576481 0.2673258 0.1642398 0.2034683 0.2481445 0.1679413 0.2255127 0.2088503 0.2386934 0.1679413 0.2255127 0.1745831 0.2170817 0.2088503 0.2386934 0.0855329 0.1731868 0.1429932 0.2137674 0.1312671 0.2080925 0.1429932 0.2137674 0.200918 0.2526403 0.1312671 0.2080925 0.06577342 0.1629141 0.1130311 0.1975796 0.08497637 0.1794063 0.1130311 0.1975796 0.1996669 0.2548524 0.08497637 0.1794063 0.8107963 0.5026811 0.05916643 0.1638188 0.103681 0.1945458 0.840242 0.519196 0.1014778 0.1929879 0.1209002 0.2050305 0.1209002 0.2050305 0.1014778 0.1929879 0.08113431 0.1766648 0.1014778 0.1929879 0.05896943 0.1618668 0.08113431 0.1766648 0.08113431 0.1766648 0.05896943 0.1618668 0.04588854 0.1469725 0.1710612 0.2216182 0.1289827 0.1991474 0.1154885 0.1764731 0.1289827 0.1991474 0.09018492 0.1712037 0.1154885 0.1764731 0.1154885 0.1764731 0.09018492 0.1712037 0.06822741 0.140964 0.05438566 0.1293543 0.06781238 0.1250934 0.1372359 0.1914395 0.06781238 0.1250934 0.1296035 0.1705463 0.1372359 0.1914395 0.1296035 0.1705463 0.1827737 0.2061092 0.1372359 0.1914395 0.1372359 0.1914395 0.1827737 0.2061092 0.2088503 0.2386934 0.03229367 0.1349195 0.04232537 0.1324803 0.05050355 0.1456657 0.04232537 0.1324803 0.07232981 0.1575744 0.05050355 0.1456657 0.05050355 0.1456657 0.07232981 0.1575744 0.0855329 0.1731868 0.01330953 0.1133601 0.03787714 0.1073199 0.01443076 0.1249935 0.01443076 0.1249935 0.03787714 0.1073199 0.04852175 0.1169916 0.03787714 0.1073199 0.05753213 0.1008376 0.04852175 0.1169916 0.04852175 0.1169916 0.05753213 0.1008376 0.06924945 0.1099729 0.02809453 0.1358995 0.03229367 0.1349195 0.0396412 0.1489105 0.04614555 0.1471804 0.05033576 0.1455293 0.1189649 0.2012494 0.05033576 0.1455293 0.1307554 0.207747 0.1189649 0.2012494 0.1307554 0.207747 0.2000666 0.2541462 0.1189649 0.2012494 0.004718422 0.09332174 0.03706365 0.08300995 0.007934808 0.1034315 0.007934808 0.1034315 0.03706365 0.08300995 0.02930974 0.09786295 0.02930974 0.09786295 0.03706365 0.08300995 0.04680746 0.09192377 0.002965033 0.07103717 0.01484286 0.0669111 0.003262937 0.08256304 0.003262937 0.08256304 0.01484286 0.0669111 0.02778857 0.07409268 0.01484286 0.0669111 0.01226913 0.05801415 0.02778857 0.07409268 0.05767512 0.08708357 0.04680746 0.09192377 0.03452658 0.07091242 0.04680746 0.09192377 0.03693193 0.08305716 0.03452658 0.07091242 0.03452658 0.07091242 0.03693193 0.08305716 0.01912665 0.07739734 0.02160829 0.08853942 0.004718422 0.09332174 0.01912665 0.07739734 0.01912665 0.07739734 0.004718422 0.09332174 7.26957e-4 0.08360207 0.4293336 0.3578942 0.417009 0.3555002 0.4316137 0.3490881 0.4316137 0.3490881 0.417009 0.3555002 0.3948796 0.33163 0.4365828 0.3399543 0.4320465 0.3483492 0.426359 0.3318979 0.4320465 0.3483492 0.3948796 0.33163 0.426359 0.3318979 0.426359 0.3318979 0.3948796 0.33163 0.3414593 0.2916856 0.273777 0.2748525 0.2793833 0.2615452 0.33693 0.3054075 0.2793833 0.2615452 0.3107857 0.2771276 0.33693 0.3054075 0.2714828 0.28061 0.3056206 0.2906885 0.2696434 0.2857652 0.3056206 0.2906885 0.3365197 0.3052146 0.2696434 0.2857652 0.2696434 0.2857652 0.3365197 0.3052146 0.3902635 0.3434025 0.3107857 0.2771276 0.3414593 0.2916856 0.3365197 0.3052146 0.3414593 0.2916856 0.3948796 0.33163 0.3365197 0.3052146 0.3365197 0.3052146 0.3948796 0.33163 0.4146851 0.3604956 0.4146851 0.3604956 0.4285001 0.3628363 0.4282227 0.3666889 0.4284145 0.3708109 0.3697467 0.3475562 0.3477044 0.3348112 0.3883314 0.3486143 0.3572609 0.3370703 0.3002641 0.3069478 0.3572609 0.3370703 0.2995807 0.3090215 0.3002641 0.3069478 0.4282467 0.3693975 0.3762459 0.3482512 0.3482201 0.3327348 0.3762459 0.3482512 0.2993624 0.3098856 0.3482201 0.3327348 0.3902635 0.3434025 0.303236 0.3083969 0.2763476 0.2891371 0.2668574 0.2938458 0.2680059 0.2901402 0.2990939 0.3109483 0.2990939 0.3109483 0.2680059 0.2901402 0.3001703 0.3069021 0.2695537 0.2857165 0.2366722 0.2677497 0.273777 0.2748525 0.2366722 0.2677497 0.2413793 0.2575611 0.273777 0.2748525 0.273777 0.2748525 0.2413793 0.2575611 0.2475939 0.2447457 0.2413793 0.2575611 0.2157832 0.226554 0.2475939 0.2447457 0.329433 0.3282728 0.2667599 0.2941999 0.3584343 0.3422768 0.2624775 0.2950767 0.2326046 0.2777355 0.2986599 0.3129427 0.8021501 0.5194508 0.2014253 0.2517439 0.2349783 0.2716371 0.1477932 0.2118842 0.0855329 0.1731868 0.09018492 0.1712037 0.0855329 0.1731868 0.07232981 0.1575744 0.09018492 0.1712037 0.09018492 0.1712037 0.07232981 0.1575744 0.06822741 0.140964 0.07232981 0.1575744 0.04233872 0.1324919 0.06822741 0.140964 0.06822741 0.140964 0.04233872 0.1324919 0.05446898 0.1294242 0.2666349 0.2946543 0.2349293 0.2717618 0.268009 0.2901306 0.268009 0.2901306 0.2349293 0.2717618 0.2366774 0.2677382 0.2349293 0.2717618 0.2034678 0.2481453 0.2366774 0.2677382 0.2034678 0.2481453 0.2088561 0.2386831 0.2366774 0.2677382 0.2366774 0.2677382 0.2088561 0.2386831 0.2413793 0.2575611 0.2413793 0.2575611 0.2088561 0.2386831 0.2157832 0.226554 0.2088561 0.2386831 0.1827737 0.2061092 0.2157832 0.226554 0.2861928 0.2461534 0.323853 0.2453291 0.4057677 0.3065361 0.323853 0.2453291 0.4102976 0.2934941 0.4057677 0.3065361 0.4057677 0.3065361 0.4102976 0.2934941 0.4377488 0.310014 0.4102976 0.2934941 0.4236551 0.2726343 0.4377488 0.310014 0.4377488 0.310014 0.4236551 0.2726343 0.4461236 0.2909842 0.006531178 0.1129576 0.007762432 0.1034739 0.03831899 0.1072052 0.007762432 0.1034739 0.04234099 0.0935595 0.03831899 0.1072052 0.03831899 0.1072052 0.04234099 0.0935595 0.05748367 0.1007998 0.04234099 0.0935595 0.05742931 0.086928 0.05748367 0.1007998 0.05748367 0.1007998 0.05742931 0.086928 0.1457945 0.1624685 0.1457945 0.1624685 0.05742931 0.086928 0.2389467 0.2203702 0.05742931 0.086928 0.2939431 0.2290445 0.2389467 0.2203702 0.2389467 0.2203702 0.2939431 0.2290445 0.2861928 0.2461534 0.2861928 0.2461534 0.2939431 0.2290445 0.323853 0.2453291 0.2939431 0.2290445 0.31902 0.196298 0.323853 0.2453291 0.323853 0.2453291 0.31902 0.196298 0.3389187 0.2100188 0.4483037 0.3256074 0.442011 0.33238 0.4377488 0.310014 0.442011 0.33238 0.4279389 0.332669 0.4377488 0.310014 0.4377488 0.310014 0.4279389 0.332669 0.4056918 0.3064976 0.4279389 0.332669 0.2741516 0.2585341 0.4056918 0.3064976 0.4056918 0.3064976 0.2741516 0.2585341 0.267798 0.2363232 0.267798 0.2363232 0.2741516 0.2585341 0.1903901 0.1910179 0.2741516 0.2585341 0.2042596 0.2194167 0.1903901 0.1910179 0.2042596 0.2194167 0.1299281 0.1707711 0.1903901 0.1910179 0.1903901 0.1910179 0.1299281 0.1707711 0.06915944 0.1099075 0.1299281 0.1707711 0.06805157 0.1250401 0.06915944 0.1099075 0.06915944 0.1099075 0.06805157 0.1250401 0.04781562 0.117177 0.06805157 0.1250401 0.02806472 0.1359064 0.04781562 0.117177 0.04781562 0.117177 0.02806472 0.1359064 0.01713269 0.1245944 0.3584508 0.4960733 0.3642178 0.4914085 0.3641782 0.5243543 0.3920272 0.5243543 0.3779002 0.5243543 0.3778756 0.4805638 0.3920272 0.4689334 0.3859055 0.4719644 0.3849012 0.4689334 0.3641787 0.5243543 0.3642923 0.4913482 0.3779002 0.5243543 0.3779002 0.5243543 0.3642923 0.4913482 0.3755454 0.4823981 0.3584508 0.4960733 0.3641782 0.5243543 0.350083 0.5028505 0.3641782 0.5243543 0.3532265 0.5243543 0.350083 0.5028505 0.3302372 0.5243543 0.5251306 0.5205118 0.3409837 0.5243543 0.5251306 0.5205118 0.3382046 0.5123988 0.3409837 0.5243543 0.3421893 0.5243543 0.3412819 0.5099954 0.3532296 0.5243543 0.3532296 0.5243543 0.3412819 0.5099954 0.3501019 0.5028352 0.3302372 0.5243543 0.5221834 0.5242631 0.5291842 0.5205558 0.4043034 0.4689334 0.4735455 0.4689334 0.4737324 0.5116157 0.4043034 0.5243543 0.4694703 0.519937 0.4736361 0.5245639 0.4851849 0.4689334 0.485217 0.5025555 0.4735455 0.4689334 0.485217 0.5025555 0.4737324 0.5116156 0.4735455 0.4689334 0.4975515 0.4689334 0.4975996 0.493695 0.4851854 0.4689334 0.4975996 0.493695 0.4852653 0.502521 0.4851854 0.4689334 0.5121743 0.4689334 0.5121802 0.4845102 0.4975515 0.4689334 0.4975515 0.4689334 0.5121802 0.4845102 0.4983666 0.4931461 0.5296118 0.4747812 0.5139372 0.4834118 0.5121746 0.4689334 0.4697712 0.5153855 0.4043034 0.5243543 0.4043034 0.4689334 0.4043034 0.4689334 0.4043034 0.5243543 0.3920272 0.4689334 0.4043034 0.5243543 0.3920272 0.5243543 0.3920272 0.4689334 0.3920272 0.5243543 0.3856985 0.4734255 0.3920272 0.4689334 0.6080161 0.4689334 0.6215964 0.4689334 0.6216066 0.5116158 0.6080161 0.5243543 0.6162642 0.5199382 0.6216974 0.5245637 0.6353037 0.4689334 0.6352334 0.5025557 0.6215964 0.4689334 0.6352334 0.5025557 0.6216067 0.5116158 0.6215964 0.4689334 0.6480905 0.4689334 0.6480845 0.4936953 0.6353043 0.4689334 0.6480845 0.4936953 0.6352834 0.5025212 0.6353043 0.4689334 0.661358 0.4689334 0.6612504 0.4845119 0.6480905 0.4689334 0.6480905 0.4689334 0.6612504 0.4845119 0.6488809 0.4931462 0.6696104 0.4689334 0.6661596 0.4809834 0.661358 0.4689334 0.6661596 0.4809834 0.6612758 0.4844941 0.661358 0.4689334 0.5499403 0.4756258 0.5957341 0.5243543 0.5448855 0.4805638 0.5957341 0.5243543 0.5451624 0.5243543 0.5448855 0.4805638 0.5250686 0.4984354 0.5430433 0.4823639 0.5334597 0.5243543 0.5334597 0.5243543 0.5430433 0.4823639 0.5451624 0.5243543 0.5062213 0.5123984 0.5100098 0.5099958 0.5104784 0.5243543 0.4963773 0.5243543 0.4967631 0.5183965 0.5095531 0.5243543 0.4967631 0.5183965 0.5062213 0.5123984 0.5095531 0.5243543 0.5110508 0.5243543 0.5100097 0.5099959 0.5251837 0.5243543 0.5100097 0.5099959 0.522716 0.5004488 0.5251837 0.5243543 0.487697 0.5228093 0.4967629 0.5183966 0.4963752 0.5243543 0.6166696 0.5153855 0.608016 0.5243543 0.6080161 0.4689334 0.6080161 0.4689334 0.608016 0.5243543 0.5957341 0.4689334 0.608016 0.5243543 0.5957341 0.5243543 0.5957341 0.4689334 0.5957341 0.5243543 0.5906201 0.4734249 0.5957341 0.4689334 0.4493513 0.3821041 0.466418 0.4815388 0.4431893 0.3960962 0.4664366 0.4815548 0.4494895 0.3959203 0.4575573 0.4870091 0.4587984 0.4883604 0.4518068 0.4950405 0.4438339 0.500092 0.4320994 0.3581014 0.43413 0.3488873 0.4372571 0.3401533 0.4568399 0.4216945 0.4652949 0.4802542 0.4741347 0.4741491 0.4400378 0.5058024 0.4517467 0.4949705 0.4456712 0.5016224 0.4650667 0.4700815 0.5007612 0.3931001 0.6773713 0.4751201 0.54757 0.3243694 0.6244875 0.4205181 0.653466 0.4764354 0.09428644 0.08953511 0.08163154 0.08521449 0.4546297 0.281502 0.09922361 0.1986489 0.06505507 0.1716583 0.08201617 0.1852025 0.7200092 0.2217509 0.6895504 0.2408879 0.6808199 0.2293826 0.7783206 0.1670288 0.776504 0.1623688 0.8188257 0.1418203 0.5491734 0.3821944 0.5504914 0.3642036 0.5807123 0.370558 0.5807123 0.370558 0.5504914 0.3642036 0.5684227 0.3537885 0.6245176 0.3219447 0.6177209 0.3565281 0.5964375 0.3382849 0.6177209 0.3565281 0.607838 0.3602747 0.5964375 0.3382849 0.6528017 0.3049492 0.6580764 0.3393992 0.6245176 0.3219447 0.6245176 0.3219447 0.6580764 0.3393992 0.6177209 0.3565281 0.7044329 0.3181986 0.6580908 0.3393931 0.681393 0.2874924 0.681393 0.2874924 0.6580908 0.3393931 0.6528017 0.3049492 0.7398382 0.2519999 0.7477394 0.296314 0.7103776 0.2697751 0.7477394 0.296314 0.7262647 0.3078261 0.7103776 0.2697751 0.7398382 0.2519999 0.7798751 0.2790867 0.7477394 0.296314 0.7804596 0.2527486 0.809813 0.2354699 0.7915845 0.2719852 0.7915845 0.2719852 0.809813 0.2354699 0.8196659 0.2549544 0.8392628 0.217866 0.8278354 0.2499998 0.809813 0.2354699 0.8278354 0.2499998 0.8196659 0.2549544 0.809813 0.2354699 0.9003916 0.1986196 0.8740181 0.2185835 0.8970047 0.1825027 0.8970047 0.1825027 0.8740181 0.2185835 0.8392628 0.217866 0.8392628 0.217866 0.8740181 0.2185835 0.8278354 0.2499998 0.9247158 0.1651011 0.9263872 0.1786285 0.8970746 0.1824595 0.8970746 0.1824595 0.9263872 0.1786285 0.9003916 0.1986197 0.9782785 0.1341295 0.9602199 0.1504411 0.9512835 0.1481941 0.9512835 0.1481941 0.9602805 0.1503863 0.9247158 0.1651011 0.9973615 0.1008047 0.9993631 0.1066091 0.991881 0.1005624 0.5469191 0.3462983 0.5431771 0.3379777 0.5540783 0.3337168 0.5504915 0.3642036 0.5496741 0.3552508 0.5684227 0.3537885 0.9952893 0.1202253 0.9056797 0.176936 0.9747766 0.1252447 0.9747766 0.1252447 0.9056797 0.176936 0.7398597 0.2519875 0.9056797 0.176936 0.7804656 0.2527451 0.7398597 0.2519875 0.7804656 0.2527451 0.7915845 0.2719852 0.7398597 0.2519875 0.7398597 0.2519875 0.7915845 0.2719852 0.779875 0.2790868 0.7391774 0.1818177 0.7765082 0.1623796 0.7446641 0.1912068 0.7765082 0.1623796 0.7804881 0.1723472 0.7446641 0.1912068 0.8630278 0.1171732 0.7991344 0.146656 0.8099212 0.139334 0.7991344 0.146656 0.7365624 0.1773601 0.8099212 0.139334 0.8818033 0.1051975 0.8281617 0.1287883 0.8579248 0.1135793 0.8281617 0.1287883 0.735274 0.1751699 0.8579248 0.1135793 0.794852 0.4068034 0.817768 0.1285855 0.8354719 0.1222041 0.817768 0.1285855 0.8874287 0.09735274 0.8354719 0.1222041 0.8354719 0.1222041 0.8874287 0.09735274 0.9062368 0.09203499 0.772747 0.519001 0.7846648 0.4872548 0.817772 0.1318791 0.7846648 0.4872548 0.8379238 0.1210743 0.817772 0.1318791 0.817772 0.1318791 0.8379238 0.1210743 0.8622161 0.1116243 0.8379238 0.1210743 0.8861119 0.09982895 0.8622161 0.1116243 0.8622161 0.1116243 0.8861119 0.09982895 0.9055503 0.09594857 0.7783206 0.1670288 0.8188257 0.1418203 0.8452314 0.1414604 0.8188257 0.1418203 0.8624185 0.1221938 0.8452314 0.1414604 0.8452314 0.1414604 0.8624185 0.1221938 0.8995837 0.1182992 0.9165585 0.1121172 0.9135347 0.1258755 0.8213503 0.1528334 0.9135347 0.1258755 0.8433067 0.1566473 0.8213503 0.1528334 0.8433067 0.1566473 0.7858955 0.1849265 0.8213503 0.1528334 0.8213503 0.1528334 0.7858955 0.1849265 0.7446641 0.1912068 0.9227856 0.09020191 0.9198819 0.1001094 0.9043743 0.1005988 0.9198819 0.1001094 0.8831478 0.1135463 0.9043743 0.1005988 0.9043743 0.1005988 0.8831478 0.1135463 0.8630278 0.1171732 0.9480486 0.07861214 0.9509476 0.08454132 0.9400358 0.0800963 0.9509476 0.08454132 0.9438964 0.1088299 0.9400358 0.0800963 0.9400358 0.0800963 0.9438964 0.1088299 0.9301972 0.1132167 0.9438964 0.1088299 0.9396803 0.1291007 0.9301972 0.1132167 0.9301972 0.1132167 0.9396803 0.1291007 0.9259105 0.1346806 0.9240365 0.0860753 0.9227856 0.09020191 0.9069703 0.08948272 0.905242 0.09606719 0.9045769 0.1005215 0.8219951 0.1321024 0.9045769 0.1005215 0.8104825 0.1390605 0.8219951 0.1321024 0.8104825 0.1390605 0.7356851 0.1758694 0.8219951 0.1321024 0.9701275 0.08142399 0.9725965 0.08712065 0.9622333 0.08485114 0.9725965 0.08712065 0.9653535 0.1202885 0.9622333 0.08485114 0.9622333 0.08485114 0.9653535 0.1202885 0.9563649 0.106159 0.9563649 0.106159 0.9653535 0.1202885 0.9527621 0.1242701 0.9927709 0.0967471 0.9904057 0.1090944 0.9826396 0.09124583 0.9826396 0.09124583 0.9904057 0.1090944 0.9777136 0.116715 0.9904057 0.1090944 0.9994006 0.111292 0.9777136 0.116715 0.9515198 0.1361019 0.9527621 0.1242701 0.9770871 0.1242582 0.9527621 0.1242701 0.9653785 0.1201509 0.9770871 0.1242582 0.9653785 0.1201509 0.9682942 0.1041339 0.9770871 0.1242582 0.9770871 0.1242582 0.9682942 0.1041339 0.9826865 0.09105241 0.5311611 0.3225617 0.5394084 0.3130809 0.5376476 0.3289389 0.5376476 0.3289389 0.5394084 0.3130809 0.571133 0.3058568 0.5430731 0.3378099 0.5380702 0.3296838 0.5551648 0.3329843 0.5380702 0.3296838 0.571133 0.3058568 0.5551648 0.3329843 0.5551648 0.3329843 0.571133 0.3058568 0.6324444 0.2795621 0.6808199 0.2293826 0.6895504 0.2408879 0.6228357 0.2687722 0.6895504 0.2408879 0.6604025 0.2602708 0.6228357 0.2687722 0.6512483 0.2490144 0.6231995 0.2685192 0.6734294 0.2203484 0.6734294 0.2203484 0.6231995 0.2685192 0.5632457 0.2959728 0.6604025 0.2602708 0.6324444 0.2795621 0.6231995 0.2685192 0.6324444 0.2795621 0.571133 0.3058568 0.6231995 0.2685192 0.6231995 0.2685192 0.571133 0.3058568 0.5362464 0.3085698 0.5362464 0.3085698 0.5272982 0.3193694 0.524101 0.3172034 0.5204349 0.3153081 0.5699666 0.2760793 0.5919534 0.2634209 0.5538081 0.2851578 0.5769555 0.2666051 0.5792593 0.2684387 0.585146 0.2706076 0.6392363 0.2354643 0.5655245 0.2875815 0.5661668 0.2813291 0.6377632 0.2339916 0.5932222 0.2650868 0.5632457 0.2959728 0.6370676 0.2381229 0.6672776 0.224393 0.6369776 0.2332274 0.6704537 0.2167452 0.6399413 0.2361837 0.6399413 0.2361837 0.6704537 0.2167452 0.6735146 0.2202963 0.6704537 0.2167452 0.7055432 0.2007927 0.6735146 0.2202963 0.7055432 0.2007927 0.7120159 0.2099621 0.6808199 0.2293826 0.6808199 0.2293826 0.7120159 0.2099621 0.7200092 0.2217509 0.7120159 0.2099621 0.7517024 0.2032835 0.7200092 0.2217509 0.5766389 0.2664659 0.6038439 0.248669 0.5800971 0.2689868 0.6067798 0.2508502 0.6675575 0.2136375 0.5800971 0.2689868 0.698617 0.3190993 0.6354808 0.2318462 0.6656294 0.2087381 0.7332624 0.5194221 0.7370843 0.1782478 0.6981518 0.5242072 0.6981518 0.5242072 0.7370843 0.1782478 0.7029238 0.1972592 0.7391769 0.1818169 0.7981457 0.1471367 0.7983443 0.1517647 0.7981457 0.1471367 0.8630278 0.1171732 0.7983443 0.1517647 0.7983443 0.1517647 0.8630278 0.1171732 0.8624185 0.1221938 0.8630278 0.1171732 0.8831478 0.1135463 0.8624185 0.1221938 0.8624185 0.1221938 0.8831478 0.1135463 0.8995837 0.1182992 0.8831478 0.1135463 0.9198651 0.1001152 0.8995837 0.1182992 0.8995837 0.1182992 0.9198651 0.1001152 0.9164563 0.1121544 0.6067793 0.2508504 0.6355929 0.2320643 0.6672261 0.2133023 0.6997585 0.1932654 0.7029381 0.1972777 0.6672261 0.2133023 0.7391769 0.1818169 0.74467 0.191217 0.7055506 0.200803 0.7055506 0.200803 0.74467 0.191217 0.7120159 0.2099621 0.7120159 0.2099621 0.74467 0.191217 0.7517024 0.2032835 0.74467 0.191217 0.7858955 0.1849265 0.7517024 0.2032835 0.6994847 0.2544777 0.681393 0.2874924 0.5874224 0.3278322 0.681393 0.2874924 0.5964502 0.3382775 0.5874224 0.3278322 0.5874224 0.3278322 0.5964502 0.3382775 0.5684227 0.3537885 0.5964502 0.3382775 0.607838 0.3602747 0.5684227 0.3537885 0.5684227 0.3537885 0.607838 0.3602747 0.5807123 0.370558 0.954708 0.0790233 0.9622839 0.08467674 0.9437749 0.1092695 0.9622839 0.08467674 0.9535802 0.1195769 0.9437749 0.1092695 0.9437749 0.1092695 0.9535802 0.1195769 0.9397372 0.1290777 0.9535802 0.1195769 0.9517773 0.1359668 0.9397372 0.1290777 0.9397372 0.1290777 0.9517773 0.1359668 0.8421749 0.1747229 0.8421749 0.1747229 0.9517773 0.1359668 0.7453648 0.2264974 0.9517773 0.1359668 0.7104349 0.2697408 0.7453648 0.2264974 0.7453648 0.2264974 0.7104349 0.2697408 0.6994847 0.2544777 0.6994847 0.2544777 0.7104349 0.2697408 0.681393 0.2874924 0.7104349 0.2697408 0.7262647 0.3078261 0.681393 0.2874924 0.681393 0.2874924 0.7262647 0.3078261 0.7044329 0.3181986 0.5496382 0.3551342 0.5469191 0.3462983 0.5684227 0.3537885 0.5469191 0.3462983 0.5537127 0.3339633 0.5684227 0.3537885 0.5684227 0.3537885 0.5537127 0.3339633 0.5874938 0.3277856 0.5537127 0.3339633 0.6950055 0.2377119 0.5874938 0.3277856 0.5874938 0.3277856 0.6950055 0.2377119 0.7171791 0.243473 0.7171791 0.243473 0.6950055 0.2377119 0.795262 0.1990116 0.6950055 0.2377119 0.7637461 0.1968176 0.795262 0.1990116 0.7637461 0.1968176 0.8429548 0.1568136 0.795262 0.1990116 0.795262 0.1990116 0.8429548 0.1568136 0.926012 0.1346354 0.8429548 0.1568136 0.9134613 0.1261094 0.926012 0.1346354 0.926012 0.1346354 0.9134613 0.1261094 0.9303898 0.1125124 0.9134613 0.1261094 0.9240467 0.08604162 0.9303898 0.1125124 0.9303898 0.1125124 0.9240467 0.08604162 0.9393073 0.08223503 0.4752176 0.4756258 0.4833809 0.5243543 0.4694075 0.4805638 0.4833809 0.5243543 0.4691733 0.5243543 0.4694075 0.4805638 0.4503574 0.5243543 0.4505219 0.4984356 0.4571194 0.5243543 0.4505219 0.4984356 0.4672889 0.4823639 0.4571304 0.5243543 0.4571304 0.5243543 0.4672889 0.4823639 0.4691733 0.5243543 0.6429085 0.5205113 0.6560241 0.5123985 0.6590469 0.5243543 0.6604049 0.5243543 0.6595069 0.5099981 0.4503785 0.5243543 0.6595069 0.5099981 0.6697577 0.5004482 0.4503785 0.5243543 0.4975596 0.4689334 0.5112469 0.4689334 0.5110778 0.5116158 0.5233493 0.4689334 0.5231953 0.5025556 0.5112469 0.4689334 0.5231953 0.5025556 0.5110778 0.5116158 0.5112469 0.4689334 0.3312115 0.4936951 0.5232337 0.5025211 0.5233498 0.4689334 0.3431827 0.4689334 0.3432962 0.4845118 0.3311223 0.4689334 0.3311223 0.4689334 0.3432962 0.4845118 0.3317441 0.4931462 0.3532526 0.4689334 0.3490735 0.4809833 0.3431827 0.4689334 0.370116 0.469385 0.3600695 0.4747814 0.356578 0.4689334 0.3532526 0.4689334 0.3600693 0.4747815 0.3490735 0.4809833 0.5064879 0.5153856 0.4975597 0.5243543 0.4975596 0.4689334 0.4975596 0.4689334 0.4975597 0.5243543 0.4833809 0.4689334 0.4975597 0.5243543 0.4833809 0.5243543 0.4833809 0.4689334 0.4833809 0.5243543 0.4767748 0.4734245 0.4833809 0.4689334 0.4843142 0.4019666 0.3749973 0.4815394 0.471383 0.4048677 0.3747776 0.4812595 0.469887 0.4123259 0.3645575 0.4874857 0.3663072 0.4883608 0.3575907 0.4950404 0.3474814 0.5000915 0.5295987 0.3248536 0.5365627 0.3312188 0.5425637 0.3382942 0.3582946 0.4958923 0.3452886 0.5052457 0.3493131 0.5018969 0.4371661 0.4393433 0.3735571 0.4806034 0.3832554 0.4741495 0.5265921 0.5038819 0.5411922 0.4887141 0.4738258 0.3760716 0.5376465 0.3620958 0.5660248 0.3663871 0.538142 0.3733877 0.5660248 0.3663871 0.5652597 0.3794461 0.538142 0.3733877 0.538142 0.3733877 0.5652597 0.3794461 0.534741 0.3841658 0.5095531 0.340539 0.51612 0.31344 0.5205882 0.3429829 0.51612 0.31344 0.5347688 0.3194164 0.5205882 0.3429829 0.5205882 0.3429829 0.5347688 0.3194164 0.5324297 0.3520691 0.5347688 0.3194164 0.5506976 0.3308055 0.5324297 0.3520691 0.5506976 0.3308055 0.5611419 0.347371 0.5324297 0.3520691 0.5324297 0.3520691 0.5611419 0.347371 0.5376465 0.3620958 0.5376465 0.3620958 0.5611419 0.347371 0.5660233 0.3663345 0.4576133 0.3920282 0.4534646 0.3728899 0.4809641 0.3733876 0.4809641 0.3733876 0.4534646 0.3728899 0.4829124 0.3585885 0.4534646 0.3728899 0.4579641 0.3473712 0.4829124 0.3585885 0.4829124 0.3585885 0.4579641 0.3473712 0.4919991 0.3467466 0.4579641 0.3473712 0.4734387 0.3265846 0.4919991 0.3467466 0.4919991 0.3467466 0.4734387 0.3265846 0.5093786 0.340562 0.4734387 0.3265846 0.4965949 0.3149547 0.5093786 0.340562 0.5652597 0.3794461 0.5614929 0.3920282 0.534741 0.3841658 0.5614929 0.3920282 0.5504189 0.4081795 0.534741 0.3841658 0.534741 0.3841658 0.5504189 0.4081795 0.5271069 0.3925005 0.5504189 0.4081795 0.5349398 0.4201727 0.5271069 0.3925005 0.5271069 0.3925005 0.5349398 0.4201727 0.5133153 0.3982127 0.5349398 0.4201727 0.5160755 0.4254271 0.5133153 0.3982127 0.5133153 0.3982127 0.5160755 0.4254271 0.4985177 0.3962641 0.5160755 0.4254271 0.490337 0.4224187 0.4985177 0.3962641 0.4985177 0.3962641 0.490337 0.4224187 0.4844724 0.3843056 0.490337 0.4224187 0.4686871 0.4081793 0.4844724 0.3843056 0.4613624 0.3696235 0.4339767 0.3663345 0.4638061 0.3585888 0.4339767 0.3663345 0.438858 0.347371 0.4638061 0.3585888 0.4638061 0.3585888 0.438858 0.347371 0.4728926 0.3467469 0.438858 0.347371 0.4493023 0.3308055 0.4728926 0.3467469 0.4493023 0.3308055 0.4593634 0.3223633 0.4728926 0.3467469 0.4728926 0.3467469 0.4593634 0.3223633 0.4829193 0.34153 0.4698811 0.3901893 0.4450741 0.4034023 0.4638063 0.3806585 0.4450741 0.4034023 0.4368135 0.3863708 0.4638063 0.3806585 0.4638063 0.3806585 0.4368135 0.3863708 0.4613624 0.3696235 0.4368135 0.3863708 0.4339762 0.366353 0.4613624 0.3696235 0.5185404 0.3771511 0.5423868 0.3920282 0.5133237 0.3871778 0.5423868 0.3920282 0.531313 0.4081793 0.5133237 0.3871778 0.5133237 0.3871778 0.531313 0.4081793 0.5014823 0.3962641 0.531313 0.4081793 0.5096629 0.4224187 0.5014823 0.3962641 0.5014823 0.3962641 0.5096629 0.4224187 0.490447 0.398708 0.5096629 0.4224187 0.4839245 0.4254271 0.490447 0.398708 0.4839245 0.4254271 0.4595738 0.4165642 0.4794119 0.3962642 0.4794119 0.3962642 0.4595738 0.4165642 0.4698811 0.3901893 0.4698811 0.3901893 0.4595738 0.4165642 0.4450741 0.4034023 0.4593634 0.3223633 0.4774923 0.3149539 0.4829193 0.34153 0.4829193 0.34153 0.4774923 0.3149539 0.494209 0.3410343 0.4774923 0.3149539 0.503405 0.3149547 0.494209 0.3410343 0.494209 0.3410343 0.503405 0.3149547 0.508001 0.3467465 0.503405 0.3149547 0.5265612 0.3265846 0.508001 0.3467465 0.508001 0.3467465 0.5265612 0.3265846 0.5156349 0.3550812 0.5265612 0.3265846 0.5420359 0.3473712 0.5156349 0.3550812 0.5156349 0.3550812 0.5420359 0.3473712 0.5190359 0.3658593 0.5420359 0.3473712 0.5465354 0.3728899 0.5190359 0.3658593 0.5190359 0.3658593 0.5465354 0.3728899 0.5185404 0.3771511 0.5185404 0.3771511 0.5465354 0.3728899 0.5423868 0.3920282 0.4945311 0.4689334 0.4854595 0.5243543 0.6136286 0.4689334 0.4854595 0.5243543 0.5961511 0.5243543 0.6136286 0.4689334 0.6136286 0.4689334 0.5961511 0.5243543 0.5842026 0.4689334 0.5842026 0.4689334 0.5961511 0.5243543 0.4955527 0.4689334 0.5961511 0.5243543 0.4872784 0.5243542 0.4955527 0.4689334 0.4955527 0.4689334 0.4872784 0.5243542 0.4374086 0.4689334 0.4872784 0.5243542 0.3828899 0.5243543 0.4374086 0.4689334 0.4374086 0.4689334 0.3828899 0.5243543 0.3767167 0.4689334 0.3767167 0.4689334 0.3830524 0.5243542 0.4023293 0.4689334 0.3830524 0.5243542 0.4249244 0.5243542 0.4023293 0.4689334 0.4023293 0.4689334 0.4249244 0.5243542 0.5096541 0.4689334 0.4249244 0.5243542 0.5062014 0.5243543 0.5096541 0.4689334 0.5096541 0.4689334 0.5062014 0.5243543 0.494531 0.4689334 0.494531 0.4689334 0.5062014 0.5243543 0.4896349 0.5243543</float_array>
          <technique_common>
            <accessor source="#rotor-mesh-map-0-array" count="14724" stride="2">
              <param name="S" type="float"/>
              <param name="T" type="float"/>
            </accessor>
          </technique_common>
        </source>
        <vertices id="rotor-mesh-vertices">
          <input semantic="POSITION" source="#rotor-mesh-positions"/>
        </vertices>
        <lines count="131">
          <input semantic="VERTEX" source="#rotor-mesh-vertices" offset="0"/>
          <p>1591 1590 1499 1498 439 438 2881 2880 1535 1534 1498 1497 410 409 390 389 1534 1533 3062 3061 1518 1517 429 428 1533 1532 2677 2676 2271 2270 2746 2745 2949 2948 2473 2475 410 348 435 436 1592 1591 1208 1207 1553 1548 1629 1630 2657 2096 2734 2736 2578 2525 1481 1535 1564 1582 3057 3059 2473 2477 2330 2337 351 376 2504 2572 2386 2392 447 446 1572 1581 1603 1602 374 373 2420 2399 1480 1539 2386 2393 329 301 1548 1554 1539 1537 2744 2677 2173 2206 420 421 2806 2797 2351 2372 2940 3054 2418 2420 508 1630 2806 2800 2332 2341 1601 1219 1244 1531 1460 1518 1544 1554 1507 1508 3017 3014 1640 1689 2487 2394 348 406 8 434 2440 2412 390 388 1569 1877 2921 2918 2598 2953 2957 3035 436 434 2797 2796 2431 2438 447 445 2669 2733 446 375 2431 2436 2657 2095 3062 3060 2336 2335 418 420 1496 1215 1629 508 2834 2922 441 442 2336 2338 2926 2940 1463 1523 2881 2877 2747 2898 1531 1530 134 194 373 369 2520 2524 2694 2855 348 404 2834 3073 1581 1569 2360 2359 2086 2834 2386 2390 2164 2160 2386 2385 1499 1214 286 345 2394 2356 2954 2953 2658 2944 428 430 413 411 1502 1504 1530 1195 1489 1499 1219 1222 2877 2885 3025 2992 433 8 1517 1180 432 433 1525 1528 2945 2942 3042 2644 2796 2832 2431 2434 2451 2454 2336 2342 2086 3073 2488 2451 2431 2433 1499 1212</p>
        </lines>
        <triangles material="dark_powdercoat-material" count="3012">
          <input semantic="VERTEX" source="#rotor-mesh-vertices" offset="0"/>
          <input semantic="NORMAL" source="#rotor-mesh-normals" offset="1"/>
          <input semantic="TEXCOORD" source="#rotor-mesh-map-0" offset="2" set="0"/>
          <p>397 0 0 350 1 1 1 2 2 0 3 3 350 1 4 399 4 5 409 5 6 186 6 7 399 4 8 186 6 9 221 7 10 399 4 11 399 4 12 221 7 13 0 3 14 0 3 15 217 8 16 350 1 17 350 1 18 217 8 19 1 2 20 397 0 21 1 2 22 395 9 23 257 10 24 2 11 25 5 12 26 218 13 27 5 12 28 395 14 29 395 14 30 5 12 31 394 15 32 5 12 33 2 11 34 394 15 35 394 15 36 2 11 37 241 16 38 3 17 39 393 18 40 241 16 41 241 16 42 393 18 43 394 15 44 4 19 45 390 20 46 3 17 47 390 20 48 393 18 49 3 17 50 4 19 51 451 21 52 390 20 53 390 20 54 451 21 55 450 22 56 5 12 57 6 23 58 257 10 59 257 10 60 6 23 61 248 24 62 6 23 63 452 25 64 248 24 65 26 26 66 210 27 67 443 28 68 443 28 69 210 27 70 307 29 71 210 27 72 259 30 73 307 29 74 432 31 75 430 32 76 50 33 77 50 33 78 430 32 79 7 34 80 8 35 81 432 31 82 9 36 83 9 36 84 432 31 85 50 33 86 9 36 87 52 37 88 8 35 89 8 35 90 52 37 91 436 38 92 439 39 93 436 38 94 47 40 95 47 40 96 436 38 97 52 37 98 440 41 99 439 39 100 10 42 101 10 42 102 439 39 103 47 40 104 363 43 105 442 44 106 28 45 107 440 41 108 10 42 109 442 44 110 10 42 111 28 45 112 442 44 113 29 46 114 284 47 115 28 45 116 284 47 117 11 48 118 28 45 119 28 45 120 11 48 121 13 49 122 363 43 123 28 45 124 12 50 125 28 45 126 13 49 127 12 50 128 415 51 129 14 52 130 15 53 131 416 54 132 414 55 133 16 56 134 21 57 135 366 58 136 32 59 137 293 60 138 32 59 139 17 61 140 17 61 141 32 59 142 18 62 143 32 59 144 366 58 145 18 62 146 413 63 147 19 64 148 20 65 149 20 65 150 19 64 151 32 59 152 19 64 153 21 57 154 32 59 155 16 56 156 414 55 157 20 65 158 20 65 159 414 55 160 413 63 161 15 53 162 14 52 163 16 56 164 16 56 165 14 52 166 416 54 167 419 66 168 22 67 169 418 68 170 22 67 171 23 69 172 418 68 173 22 67 174 419 66 175 15 53 176 15 53 177 419 66 178 415 51 179 24 70 180 422 71 181 23 69 182 422 71 183 418 68 184 23 69 185 24 70 186 423 72 187 422 71 188 192 73 189 26 74 190 368 75 191 375 76 192 371 77 193 26 74 194 371 77 195 373 78 196 26 74 197 26 74 198 373 78 199 27 79 200 368 75 201 26 74 202 27 79 203 32 59 204 293 60 205 2410 80 206 293 60 207 29 46 208 2410 80 209 2410 80 210 29 46 211 28 45 212 32 59 213 2343 81 214 33 82 215 30 83 216 2343 81 217 32 59 218 2310 84 219 2346 85 220 30 86 221 30 86 222 2346 85 223 31 87 224 32 59 225 33 82 226 20 65 227 33 82 228 2344 88 229 20 65 230 20 65 231 2344 88 232 16 56 233 2344 88 234 2345 89 235 16 56 236 16 56 237 2345 89 238 15 53 239 30 86 240 423 72 241 2310 84 242 2345 89 243 2312 90 244 15 53 245 15 53 246 2312 90 247 22 67 248 22 67 249 2312 90 250 23 69 251 23 69 252 2312 90 253 24 70 254 24 70 255 2312 90 256 423 72 257 423 72 258 2312 90 259 2310 84 260 2394 91 261 2367 92 262 2486 93 263 2486 93 264 2367 92 265 2355 94 266 40 95 267 35 96 268 39 97 269 36 98 270 425 99 271 2454 100 272 36 98 273 2454 100 274 429 101 275 2454 100 276 2489 102 277 429 101 278 429 101 279 2489 102 280 2456 103 281 48 104 282 2485 105 283 37 106 284 2355 94 285 39 97 286 2486 93 287 39 97 288 35 96 289 2486 93 290 35 107 291 37 106 292 2485 105 293 2454 100 294 425 99 295 2488 108 296 425 99 297 41 109 298 2488 108 299 38 110 300 40 95 301 39 97 302 39 97 303 2395 111 304 38 110 305 2361 112 306 2358 113 307 423 72 308 2487 114 309 2453 115 310 2364 116 311 2364 116 312 2453 115 313 2488 108 314 41 109 315 42 117 316 2488 108 317 2364 116 318 352 118 319 2358 113 320 2358 113 321 352 118 322 423 72 323 42 117 324 354 119 325 2488 108 326 354 119 327 43 120 328 2488 108 329 2395 111 330 44 121 331 38 110 332 43 120 333 46 122 334 2488 108 335 30 86 336 45 123 337 423 72 338 45 123 339 2361 112 340 423 72 341 2488 108 342 46 122 343 2364 116 344 46 122 345 352 118 346 2364 116 347 2410 80 348 2439 124 349 30 83 350 10 42 351 47 40 352 2405 125 353 2441 126 354 2410 80 355 28 45 356 32 59 357 2410 80 358 30 83 359 2405 125 360 2441 126 361 10 42 362 10 42 363 2441 126 364 28 45 365 2439 124 366 2485 105 367 30 83 368 30 83 369 2485 105 370 48 104 371 2440 127 372 2485 128 373 49 129 374 34 130 375 2456 131 376 7 34 377 2456 131 378 2440 132 379 7 34 380 7 34 381 2440 132 382 50 33 383 2440 132 384 51 133 385 50 33 386 50 33 387 51 133 388 9 36 389 9 36 390 51 133 391 52 37 392 52 37 393 51 133 394 47 40 395 47 40 396 51 133 397 2405 125 398 53 134 399 78 135 400 54 136 401 78 135 402 55 137 403 54 136 404 54 136 405 55 137 406 56 138 407 55 137 408 57 139 409 56 138 410 56 138 411 57 139 412 58 140 413 57 139 414 59 141 415 58 140 416 58 140 417 59 141 418 246 142 419 60 143 420 61 144 421 62 145 422 61 144 423 251 146 424 62 145 425 62 145 426 251 146 427 63 147 428 251 146 429 64 148 430 63 147 431 63 147 432 64 148 433 205 149 434 64 148 435 246 142 436 205 149 437 53 134 438 61 144 439 78 135 440 61 144 441 60 143 442 78 135 443 78 135 444 60 143 445 65 150 446 60 143 447 231 151 448 65 150 449 246 142 450 59 141 451 205 149 452 59 141 453 66 152 454 205 149 455 205 149 456 66 152 457 67 153 458 66 152 459 68 154 460 67 153 461 67 153 462 68 154 463 69 155 464 68 154 465 95 156 466 69 155 467 69 155 468 95 156 469 70 157 470 95 156 471 104 158 472 70 157 473 70 157 474 104 158 475 71 159 476 104 158 477 72 160 478 71 159 479 71 159 480 72 160 481 73 161 482 72 160 483 107 162 484 73 161 485 73 161 486 107 162 487 202 163 488 107 162 489 74 164 490 202 163 491 202 163 492 74 164 493 75 165 494 74 164 495 76 166 496 75 165 497 75 165 498 76 166 499 77 167 500 77 167 501 76 166 502 231 151 503 76 166 504 65 150 505 231 151 506 78 135 507 65 150 508 79 168 509 2282 169 510 79 168 511 65 150 512 2227 170 513 2284 171 514 80 172 515 83 173 516 2250 174 517 81 175 518 90 176 519 2280 177 520 82 178 521 79 168 522 2251 179 523 78 135 524 78 135 525 2251 179 526 83 173 527 2251 179 528 2250 174 529 83 173 530 87 180 531 2283 181 532 59 182 533 2283 181 534 239 183 535 59 182 536 59 182 537 239 183 538 80 172 539 80 172 540 239 183 541 2227 170 542 83 184 543 89 185 544 236 186 545 86 187 546 2283 181 547 87 180 548 80 172 549 2284 171 550 88 188 551 2284 171 552 2226 189 553 88 188 554 88 188 555 2226 189 556 85 190 557 88 188 558 237 191 559 80 172 560 80 172 561 237 191 562 99 192 563 2128 193 564 2279 194 565 83 184 566 83 184 567 2279 194 568 89 185 569 2279 194 570 2280 177 571 89 185 572 89 185 573 2280 177 574 90 176 575 83 184 576 236 186 577 84 195 578 84 195 579 236 186 580 85 190 581 84 195 582 91 196 583 83 184 584 83 184 585 91 196 586 92 197 587 92 197 588 91 196 589 93 198 590 91 196 591 2283 181 592 93 198 593 93 198 594 2283 181 595 86 187 596 2281 199 597 94 200 598 2280 201 599 237 191 600 94 202 601 99 192 602 2226 189 603 2285 203 604 85 190 605 2285 203 606 84 195 607 85 190 608 95 204 609 96 205 610 2231 206 611 2231 206 612 2230 207 613 95 204 614 95 204 615 2230 207 616 97 208 617 97 208 618 2230 207 619 104 209 620 104 209 621 2230 207 622 98 210 623 99 192 624 2287 211 625 2288 212 626 99 192 627 2288 212 628 80 172 629 2288 212 630 2224 213 631 80 172 632 80 172 633 2224 213 634 100 214 635 100 214 636 2224 213 637 101 215 638 2224 213 639 102 216 640 101 215 641 101 215 642 102 216 643 103 217 644 103 217 645 102 216 646 96 205 647 96 205 648 102 216 649 2231 206 650 2286 218 651 99 219 652 104 220 653 104 220 654 99 219 655 105 221 656 99 219 657 238 222 658 105 221 659 105 221 660 238 222 661 109 223 662 106 224 663 107 225 664 238 222 665 107 225 666 108 226 667 238 222 668 238 222 669 108 226 670 109 223 671 238 222 672 2292 227 673 110 228 674 106 224 675 238 222 676 110 228 677 2292 227 678 115 229 679 110 228 680 110 228 681 115 229 682 111 230 683 2290 231 684 2291 232 685 99 233 686 111 230 687 115 229 688 116 234 689 65 235 690 112 236 691 2281 237 692 2281 237 693 112 236 694 113 238 695 2237 239 696 2281 237 697 2289 240 698 2237 239 699 2290 231 700 99 233 701 2237 239 702 99 233 703 2281 237 704 113 238 705 76 241 706 2281 237 707 76 241 708 114 242 709 2281 237 710 114 242 711 2293 243 712 2281 237 713 2281 237 714 2293 243 715 2289 240 716 115 229 717 2293 243 718 116 234 719 116 234 720 2293 243 721 114 242 722 117 244 723 192 73 724 1493 245 725 192 73 726 118 246 727 1493 245 728 147 247 729 122 248 730 121 249 731 121 250 732 149 251 733 147 252 734 147 253 735 149 254 736 123 255 737 149 254 738 171 256 739 123 255 740 171 256 741 124 257 742 123 255 743 157 258 744 124 259 745 155 260 746 125 261 747 157 262 748 126 263 749 159 264 750 125 261 751 126 263 752 136 265 753 194 266 754 159 267 755 180 268 756 129 269 757 160 270 758 129 269 759 130 271 760 160 270 761 160 270 762 130 271 763 142 272 764 139 273 765 308 274 766 145 275 767 308 274 768 131 276 769 145 275 770 145 275 771 131 276 772 307 277 773 195 278 774 194 279 775 132 280 776 195 278 777 132 280 778 145 275 779 132 280 780 133 281 781 145 275 782 145 275 783 133 281 784 134 282 785 161 283 786 135 284 787 160 270 788 160 270 789 135 284 790 195 278 791 135 284 792 136 285 793 195 278 794 195 278 795 136 285 796 194 279 797 137 286 798 138 287 799 120 288 800 139 273 801 172 289 802 138 287 803 172 289 804 120 288 805 138 287 806 141 290 807 158 291 808 140 292 809 140 292 810 125 261 811 141 290 812 141 290 813 125 261 814 142 272 815 120 288 816 122 248 817 137 286 818 137 286 819 122 248 820 143 293 821 122 248 822 144 294 823 143 293 824 143 293 825 144 294 826 313 295 827 134 282 828 119 296 829 145 275 830 145 275 831 119 296 832 139 273 833 119 296 834 172 289 835 139 273 836 144 294 837 121 297 838 313 295 839 313 295 840 121 297 841 146 298 842 121 297 843 147 299 844 146 298 845 146 298 846 147 299 847 148 300 848 147 299 849 149 301 850 148 300 851 148 300 852 149 301 853 150 302 854 149 301 855 151 303 856 150 302 857 150 302 858 151 303 859 152 304 860 151 303 861 123 305 862 152 304 863 152 304 864 123 305 865 153 306 866 123 305 867 163 307 868 153 306 869 153 306 870 163 307 871 162 308 872 154 309 873 155 310 874 156 311 875 155 310 876 157 312 877 156 311 878 156 311 879 157 312 880 158 291 881 158 291 882 157 312 883 140 292 884 125 261 885 159 264 886 142 272 887 142 272 888 159 264 889 160 270 890 160 270 891 159 264 892 161 283 893 162 308 894 163 307 895 164 313 896 163 307 897 165 314 898 164 313 899 164 313 900 165 314 901 166 315 902 165 314 903 124 316 904 166 315 905 166 315 906 124 316 907 154 309 908 154 309 909 124 316 910 155 310 911 121 249 912 122 248 913 329 317 914 329 317 915 122 248 916 167 318 917 122 248 918 120 288 919 167 318 920 147 319 921 121 249 922 329 317 923 126 263 924 341 320 925 159 264 926 333 321 927 169 322 928 172 289 929 172 289 930 169 322 931 174 323 932 332 324 933 170 325 934 174 323 935 133 281 936 132 280 937 335 326 938 163 307 939 171 327 940 176 328 941 341 320 942 126 263 943 339 329 944 126 263 945 178 330 946 339 329 947 133 281 948 335 326 949 134 282 950 335 326 951 333 321 952 134 282 953 134 282 954 333 321 955 119 296 956 119 296 957 333 321 958 172 289 959 174 323 960 169 322 961 332 324 962 332 324 963 136 285 964 170 325 965 136 285 966 135 284 967 170 325 968 170 325 969 135 284 970 341 320 971 135 284 972 173 331 973 341 320 974 173 331 975 159 264 976 341 320 977 136 285 978 332 324 979 194 279 980 332 324 981 337 332 982 194 279 983 194 279 984 337 332 985 132 280 986 337 332 987 335 326 988 132 280 989 163 307 990 176 328 991 165 314 992 176 328 993 175 333 994 165 314 995 174 323 996 328 334 997 330 335 998 328 334 999 168 336 1000 330 335 1001 329 317 1002 168 337 1003 147 319 1004 147 319 1005 168 337 1006 149 301 1007 149 301 1008 168 337 1009 151 303 1010 151 303 1011 168 337 1012 171 327 1013 168 337 1014 176 328 1015 171 327 1016 174 323 1017 330 335 1018 172 289 1019 330 335 1020 167 318 1021 172 289 1022 172 289 1023 167 318 1024 120 288 1025 177 338 1026 157 339 1027 328 334 1028 157 339 1029 155 340 1030 328 334 1031 328 334 1032 155 340 1033 175 333 1034 155 340 1035 124 316 1036 175 333 1037 124 316 1038 165 314 1039 175 333 1040 157 339 1041 177 338 1042 178 330 1043 177 338 1044 339 329 1045 178 330 1046 177 338 1047 328 334 1048 174 323 1049 179 341 1050 330 335 1051 168 336 1052 180 342 1053 203 343 1054 326 344 1055 203 343 1056 235 345 1057 326 344 1058 326 344 1059 235 345 1060 184 346 1061 221 7 1062 186 6 1063 223 347 1064 223 347 1065 186 6 1066 181 348 1067 184 346 1068 182 349 1069 402 350 1070 402 350 1071 183 351 1072 184 346 1073 184 346 1074 183 351 1075 326 344 1076 407 352 1077 401 353 1078 184 354 1079 401 353 1080 405 355 1081 184 354 1082 407 352 1083 184 354 1084 185 356 1085 184 354 1086 186 6 1087 185 356 1088 185 356 1089 186 6 1090 409 5 1091 189 357 1092 382 358 1093 383 359 1094 189 357 1095 383 359 1096 187 360 1097 189 357 1098 247 361 1099 191 362 1100 191 362 1101 247 361 1102 214 363 1103 187 360 1104 383 359 1105 244 364 1106 383 359 1107 385 365 1108 244 364 1109 244 364 1110 385 365 1111 188 366 1112 188 366 1113 385 365 1114 384 367 1115 382 358 1116 189 357 1117 190 368 1118 189 357 1119 191 362 1120 190 368 1121 191 362 1122 1482 369 1123 190 368 1124 376 370 1125 197 371 1126 379 372 1127 197 371 1128 193 373 1129 379 372 1130 193 373 1131 118 246 1132 192 73 1133 368 75 1134 379 372 1135 192 73 1136 192 73 1137 379 372 1138 193 373 1139 247 361 1140 256 374 1141 214 363 1142 214 363 1143 256 374 1144 459 375 1145 70 376 1146 196 377 1147 1493 245 1148 196 377 1149 210 27 1150 1493 245 1151 198 208 1152 563 208 1153 211 208 1154 204 378 1155 197 371 1156 216 379 1157 197 371 1158 199 380 1159 216 379 1160 201 381 1161 203 343 1162 200 382 1163 203 343 1164 259 30 1165 200 382 1166 200 382 1167 259 30 1168 209 208 1169 201 381 1170 202 383 1171 203 343 1172 202 383 1173 212 384 1174 203 343 1175 203 343 1176 212 384 1177 235 345 1178 204 378 1179 1482 369 1180 205 208 1181 70 376 1182 1493 245 1183 206 208 1184 206 208 1185 1493 245 1186 207 208 1187 207 208 1188 1493 245 1189 208 208 1190 1493 245 1191 118 246 1192 208 208 1193 208 208 1194 118 246 1195 67 385 1196 118 246 1197 193 373 1198 67 385 1199 67 385 1200 193 373 1201 204 378 1202 193 373 1203 197 371 1204 204 378 1205 209 208 1206 259 30 1207 196 377 1208 259 30 1209 210 27 1210 196 377 1211 1493 245 1212 210 27 1213 563 386 1214 210 27 1215 211 387 1216 563 386 1217 224 388 1218 235 345 1219 212 384 1220 1482 369 1221 191 362 1222 205 208 1223 205 208 1224 191 362 1225 213 208 1226 191 362 1227 214 363 1228 213 208 1229 213 208 1230 214 363 1231 215 208 1232 216 379 1233 1536 389 1234 204 378 1235 1536 389 1236 1482 369 1237 204 378 1238 231 151 1239 217 8 1240 219 390 1241 217 8 1242 0 3 1243 219 390 1244 219 390 1245 0 3 1246 220 208 1247 0 3 1248 221 7 1249 220 208 1250 220 208 1251 221 7 1252 222 391 1253 221 7 1254 223 347 1255 222 391 1256 222 391 1257 223 347 1258 224 388 1259 227 392 1260 452 25 1261 62 393 1262 214 394 1263 226 395 1264 227 392 1265 226 395 1266 459 375 1267 227 392 1268 452 25 1269 228 396 1270 62 393 1271 62 393 1272 228 396 1273 229 397 1274 228 396 1275 230 398 1276 229 397 1277 229 397 1278 230 398 1279 60 143 1280 230 398 1281 5 12 1282 60 143 1283 60 143 1284 5 12 1285 231 151 1286 5 12 1287 218 13 1288 231 151 1289 231 151 1290 218 13 1291 225 399 1292 218 13 1293 566 400 1294 225 399 1295 224 388 1296 223 347 1297 232 401 1298 223 347 1299 568 402 1300 232 401 1301 234 403 1302 233 404 1303 227 392 1304 233 404 1305 452 25 1306 227 392 1307 227 392 1308 459 375 1309 234 403 1310 459 375 1311 565 405 1312 234 403 1313 1470 406 1314 235 345 1315 232 401 1316 232 401 1317 235 345 1318 224 388 1319 225 399 1320 1461 407 1321 231 151 1322 1461 407 1323 217 8 1324 231 151 1325 94 202 1326 48 104 1327 90 408 1328 48 104 1329 37 106 1330 90 408 1331 90 408 1332 37 106 1333 236 409 1334 37 106 1335 40 95 1336 236 409 1337 236 409 1338 40 95 1339 88 188 1340 40 95 1341 38 110 1342 88 188 1343 88 188 1344 38 110 1345 237 191 1346 38 110 1347 45 410 1348 237 191 1349 237 191 1350 45 410 1351 94 202 1352 45 410 1353 48 104 1354 94 202 1355 238 411 1356 2290 412 1357 2410 413 1358 2410 413 1359 2290 412 1360 2439 414 1361 2290 412 1362 2237 415 1363 2439 414 1364 2439 414 1365 2237 415 1366 2440 416 1367 2237 415 1368 2293 417 1369 2440 416 1370 2440 416 1371 2293 417 1372 2405 418 1373 2293 417 1374 2292 419 1375 2405 418 1376 2405 418 1377 2292 419 1378 2410 413 1379 2292 419 1380 238 411 1381 2410 413 1382 2281 420 1383 2485 421 1384 2456 422 1385 2485 423 1386 2281 424 1387 2487 425 1388 2281 424 1389 2279 426 1390 2487 425 1391 2487 425 1392 2279 426 1393 2488 427 1394 2279 426 1395 2250 428 1396 2488 427 1397 2488 427 1398 2250 428 1399 2454 429 1400 2250 428 1401 79 430 1402 2454 429 1403 2454 429 1404 79 430 1405 2485 431 1406 79 430 1407 2281 432 1408 2485 431 1409 39 433 1410 2367 434 1411 84 435 1412 84 435 1413 2367 434 1414 91 436 1415 2367 434 1416 2358 437 1417 91 436 1418 91 436 1419 2358 437 1420 239 438 1421 2358 437 1422 2362 439 1423 239 438 1424 239 438 1425 2362 439 1426 2284 440 1427 2284 440 1428 2362 439 1429 2226 441 1430 2362 439 1431 39 433 1432 2226 441 1433 2226 441 1434 39 433 1435 84 435 1436 2287 442 1437 2316 443 1438 2288 444 1439 2316 443 1440 2310 445 1441 2288 444 1442 2288 444 1443 2310 445 1444 2224 446 1445 2310 445 1446 2312 447 1447 2224 446 1448 2312 447 1449 2344 448 1450 2224 446 1451 2224 446 1452 2344 448 1453 2230 449 1454 2344 448 1455 2316 443 1456 2230 449 1457 2230 449 1458 2316 443 1459 2287 442 1460 58 140 1461 189 357 1462 240 450 1463 189 357 1464 187 360 1465 240 450 1466 240 450 1467 187 360 1468 56 208 1469 245 208 1470 451 21 1471 243 451 1472 245 208 1473 455 452 1474 451 21 1475 53 134 1476 242 453 1477 241 16 1478 241 16 1479 242 453 1480 4 19 1481 242 453 1482 243 451 1483 4 19 1484 4 19 1485 243 451 1486 451 21 1487 187 360 1488 244 364 1489 245 208 1490 244 364 1491 188 366 1492 245 208 1493 458 454 1494 455 452 1495 188 366 1496 455 452 1497 245 208 1498 188 366 1499 58 140 1500 246 142 1501 189 357 1502 246 142 1503 247 361 1504 189 357 1505 248 24 1506 255 455 1507 249 456 1508 61 144 1509 2 11 1510 250 457 1511 2 11 1512 257 10 1513 250 457 1514 250 457 1515 257 10 1516 251 458 1517 246 142 1518 252 459 1519 247 361 1520 247 361 1521 252 459 1522 253 460 1523 252 459 1524 254 460 1525 253 460 1526 253 460 1527 254 460 1528 256 374 1529 255 455 1530 457 461 1531 249 456 1532 457 461 1533 256 374 1534 249 456 1535 249 456 1536 256 374 1537 254 460 1538 257 460 1539 258 460 1540 249 456 1541 258 460 1542 248 24 1543 249 456 1544 61 144 1545 53 134 1546 2 11 1547 53 134 1548 241 16 1549 2 11 1550 259 30 1551 203 343 1552 145 462 1553 145 462 1554 203 343 1555 160 463 1556 17 61 1557 299 464 1558 293 60 1559 283 465 1560 448 466 1561 275 467 1562 260 468 1563 261 469 1564 400 470 1565 400 470 1566 261 469 1567 262 471 1568 262 471 1569 263 472 1570 400 470 1571 263 472 1572 264 473 1573 400 470 1574 400 470 1575 264 473 1576 326 474 1577 266 475 1578 316 476 1579 303 477 1580 316 476 1581 265 478 1582 303 477 1583 266 475 1584 303 477 1585 267 479 1586 303 477 1587 268 480 1588 267 479 1589 267 479 1590 268 480 1591 269 481 1592 268 480 1593 127 482 1594 269 481 1595 269 481 1596 127 482 1597 270 483 1598 271 484 1599 309 485 1600 274 486 1601 309 485 1602 272 487 1603 274 486 1604 344 488 1605 277 489 1606 345 490 1607 273 491 1608 338 492 1609 287 493 1610 334 494 1611 288 495 1612 294 496 1613 260 468 1614 400 470 1615 346 497 1616 448 466 1617 274 486 1618 275 467 1619 275 467 1620 274 486 1621 276 498 1622 274 486 1623 272 487 1624 276 498 1625 277 489 1626 340 499 1627 345 490 1628 289 500 1629 278 501 1630 346 497 1631 278 501 1632 260 468 1633 346 497 1634 265 478 1635 279 502 1636 303 477 1637 279 502 1638 280 503 1639 303 477 1640 303 477 1641 280 503 1642 278 501 1643 302 504 1644 361 505 1645 281 506 1646 361 505 1647 445 507 1648 281 506 1649 281 506 1650 445 507 1651 282 508 1652 282 508 1653 445 507 1654 283 465 1655 283 465 1656 445 507 1657 448 466 1658 11 48 1659 284 47 1660 285 509 1661 344 488 1662 286 510 1663 338 492 1664 338 492 1665 286 510 1666 287 493 1667 25 511 1668 128 512 1669 300 513 1670 11 48 1671 285 509 1672 13 514 1673 285 509 1674 342 515 1675 13 514 1676 342 515 1677 338 492 1678 13 514 1679 13 514 1680 338 492 1681 273 491 1682 288 495 1683 336 516 1684 294 496 1685 289 500 1686 295 517 1687 278 501 1688 306 518 1689 290 519 1690 345 490 1691 290 519 1692 289 520 1693 345 490 1694 345 490 1695 336 516 1696 291 521 1697 345 490 1698 291 521 1699 306 518 1700 291 521 1701 305 522 1702 306 518 1703 299 464 1704 292 523 1705 293 60 1706 293 60 1707 292 523 1708 29 46 1709 292 523 1710 294 496 1711 29 46 1712 29 46 1713 294 496 1714 284 47 1715 294 496 1716 336 516 1717 284 47 1718 295 517 1719 296 524 1720 278 501 1721 303 477 1722 278 501 1723 296 524 1724 128 512 1725 268 480 1726 300 513 1727 297 525 1728 298 526 1729 18 62 1730 18 62 1731 298 526 1732 17 61 1733 345 490 1734 340 499 1735 336 516 1736 336 516 1737 340 499 1738 284 47 1739 284 47 1740 340 499 1741 285 509 1742 365 527 1743 301 528 1744 364 529 1745 17 61 1746 298 526 1747 299 464 1748 298 526 1749 305 530 1750 299 464 1751 361 505 1752 300 531 1753 360 532 1754 360 532 1755 300 531 1756 365 527 1757 300 531 1758 301 528 1759 365 527 1760 364 529 1761 301 528 1762 367 533 1763 367 533 1764 301 528 1765 297 525 1766 297 525 1767 301 528 1768 298 526 1769 127 482 1770 25 534 1771 270 483 1772 270 483 1773 25 534 1774 302 535 1775 299 464 1776 305 530 1777 334 494 1778 303 477 1779 304 536 1780 268 480 1781 268 480 1782 304 536 1783 300 513 1784 294 496 1785 292 523 1786 334 494 1787 292 523 1788 299 464 1789 334 494 1790 331 537 1791 305 530 1792 298 526 1793 304 538 1794 327 539 1795 306 540 1796 309 485 1797 271 484 1798 307 29 1799 271 484 1800 443 28 1801 307 29 1802 307 29 1803 308 541 1804 309 485 1805 309 485 1806 308 541 1807 310 542 1808 308 541 1809 311 543 1810 310 542 1811 310 542 1812 311 543 1813 312 544 1814 311 543 1815 313 545 1816 312 544 1817 312 544 1818 313 545 1819 281 546 1820 313 545 1821 314 547 1822 281 546 1823 281 546 1824 314 547 1825 269 548 1826 314 547 1827 315 549 1828 269 548 1829 269 548 1830 315 549 1831 316 550 1832 315 549 1833 317 551 1834 316 550 1835 317 551 1836 318 552 1837 316 550 1838 316 550 1839 318 552 1840 319 553 1841 318 552 1842 320 554 1843 319 553 1844 319 553 1845 320 554 1846 321 555 1847 320 554 1848 322 556 1849 321 555 1850 321 555 1851 322 556 1852 323 557 1853 322 556 1854 324 558 1855 323 557 1856 323 557 1857 324 558 1858 325 559 1859 324 558 1860 180 342 1861 325 559 1862 325 559 1863 180 342 1864 326 344 1865 296 560 1866 175 333 1867 304 561 1868 175 333 1869 176 328 1870 304 561 1871 304 538 1872 168 336 1873 327 539 1874 327 539 1875 168 336 1876 289 500 1877 168 336 1878 328 334 1879 289 500 1880 295 517 1881 289 500 1882 175 333 1883 175 333 1884 289 500 1885 328 334 1886 306 562 1887 179 341 1888 365 563 1889 179 341 1890 329 564 1891 365 563 1892 301 565 1893 167 318 1894 331 566 1895 167 318 1896 330 335 1897 331 566 1898 306 562 1899 331 566 1900 179 341 1901 179 341 1902 331 566 1903 330 335 1904 291 521 1905 332 324 1906 305 522 1907 332 324 1908 333 567 1909 305 522 1910 305 530 1911 335 326 1912 334 494 1913 334 494 1914 335 326 1915 336 516 1916 335 326 1917 337 332 1918 336 516 1919 337 332 1920 332 324 1921 336 516 1922 291 521 1923 336 516 1924 332 324 1925 339 329 1926 338 492 1927 341 320 1928 338 492 1929 339 329 1930 340 568 1931 339 329 1932 174 569 1933 340 568 1934 340 568 1935 174 569 1936 342 515 1937 174 569 1938 341 320 1939 342 515 1940 338 492 1941 342 515 1942 341 320 1943 344 488 1944 345 490 1945 346 570 1946 363 43 1947 286 510 1948 402 571 1949 402 571 1950 286 510 1951 346 570 1952 286 510 1953 344 488 1954 346 570 1955 343 572 1956 440 41 1957 347 573 1958 347 573 1959 440 41 1960 401 574 1961 442 44 1962 405 575 1963 440 41 1964 440 41 1965 405 575 1966 401 574 1967 442 44 1968 363 43 1969 405 575 1970 405 575 1971 363 43 1972 402 571 1973 343 572 1974 347 573 1975 439 576 1976 347 573 1977 348 577 1978 439 576 1979 439 576 1980 348 577 1981 435 578 1982 435 578 1983 348 577 1984 434 579 1985 348 577 1986 349 580 1987 434 579 1988 349 581 1989 350 582 1990 432 583 1991 429 584 1992 430 585 1993 394 586 1994 430 587 1995 431 588 1996 350 582 1997 431 588 1998 432 583 1999 350 582 2000 351 589 2001 352 118 2002 382 590 2003 382 590 2004 352 118 2005 383 359 2006 352 118 2007 424 591 2008 383 359 2009 383 359 2010 424 591 2011 385 365 2012 385 365 2013 424 591 2014 353 592 2015 384 593 2016 354 594 2017 388 595 2018 354 594 2019 355 596 2020 388 595 2021 388 595 2022 355 596 2023 389 597 2024 389 597 2025 355 596 2026 391 598 2027 355 596 2028 393 599 2029 391 598 2030 391 598 2031 393 599 2032 392 600 2033 392 600 2034 393 599 2035 394 601 2036 393 602 2037 429 603 2038 394 604 2039 351 605 2040 357 606 2041 356 607 2042 357 608 2043 379 609 2044 356 610 2045 356 610 2046 379 609 2047 418 68 2048 379 609 2049 419 66 2050 418 68 2051 419 611 2052 368 612 2053 358 613 2054 375 76 2055 359 614 2056 412 615 2057 411 616 2058 416 617 2059 371 77 2060 371 77 2061 416 617 2062 368 612 2063 416 617 2064 415 618 2065 368 612 2066 415 618 2067 358 613 2068 368 612 2069 371 77 2070 375 76 2071 411 616 2072 411 616 2073 375 76 2074 412 615 2075 364 529 2076 21 57 2077 446 619 2078 21 57 2079 359 614 2080 446 619 2081 446 619 2082 359 614 2083 449 620 2084 359 614 2085 375 76 2086 449 620 2087 360 532 2088 445 507 2089 361 505 2090 360 532 2091 365 527 2092 445 507 2093 445 507 2094 365 527 2095 446 619 2096 446 619 2097 365 527 2098 364 529 2099 362 621 2100 363 43 2101 287 493 2102 273 491 2103 12 50 2104 13 514 2105 13 622 2106 12 623 2107 11 624 2108 287 493 2109 363 43 2110 273 491 2111 273 491 2112 363 43 2113 12 50 2114 287 493 2115 286 510 2116 362 621 2117 367 533 2118 21 57 2119 364 529 2120 17 625 2121 366 58 2122 367 533 2123 366 58 2124 21 57 2125 367 533 2126 368 626 2127 369 627 2128 370 628 2129 369 627 2130 371 629 2131 370 628 2132 370 628 2133 371 629 2134 372 630 2135 371 629 2136 449 631 2137 372 630 2138 372 630 2139 449 631 2140 447 632 2141 374 633 2142 375 634 2143 449 635 2144 375 636 2145 447 632 2146 449 631 2147 387 637 2148 388 595 2149 450 638 2150 190 639 2151 376 370 2152 379 372 2153 386 640 2154 383 641 2155 377 642 2156 386 643 2157 378 644 2158 377 645 2159 377 646 2160 378 647 2161 383 648 2162 378 647 2163 382 649 2164 383 648 2165 379 650 2166 380 651 2167 368 652 2168 381 653 2169 377 654 2170 378 655 2171 385 365 2172 353 592 2173 386 656 2174 353 592 2175 384 593 2176 386 656 2177 386 656 2178 384 593 2179 387 637 2180 384 593 2181 388 595 2182 387 637 2183 429 657 2184 430 658 2185 395 14 2186 430 658 2187 396 659 2188 395 14 2189 429 657 2190 395 14 2191 394 15 2192 430 658 2193 397 660 2194 396 659 2195 398 661 2196 399 662 2197 349 663 2198 402 571 2199 346 570 2200 400 664 2201 401 665 2202 402 666 2203 405 667 2204 407 668 2205 401 669 2206 347 670 2207 183 351 2208 402 350 2209 405 671 2210 402 672 2211 403 673 2212 405 674 2213 405 674 2214 403 673 2215 401 675 2216 403 673 2217 404 676 2218 401 675 2219 408 677 2220 405 678 2221 183 679 2222 400 680 2223 402 681 2224 405 682 2225 402 683 2226 347 684 2227 405 685 2228 406 686 2229 404 687 2230 407 688 2231 408 689 2232 346 690 2233 400 691 2234 14 52 2235 415 51 2236 417 692 2237 14 52 2238 417 692 2239 416 54 2240 356 693 2241 421 694 2242 422 71 2243 357 695 2244 356 693 2245 422 71 2246 351 696 2247 357 695 2248 423 72 2249 357 695 2250 422 71 2251 423 72 2252 352 118 2253 46 122 2254 424 591 2255 41 109 2256 425 99 2257 426 697 2258 426 697 2259 425 99 2260 427 698 2261 439 699 2262 437 700 2263 435 701 2264 438 702 2265 440 41 2266 343 572 2267 271 484 2268 274 486 2269 443 28 2270 274 486 2271 375 703 2272 443 28 2273 449 620 2274 444 704 2275 446 619 2276 446 619 2277 444 704 2278 448 705 2279 274 486 2280 444 704 2281 375 703 2282 444 704 2283 449 620 2284 375 703 2285 450 22 2286 451 21 2287 455 452 2288 248 24 2289 452 25 2290 255 455 2291 452 25 2292 233 404 2293 255 455 2294 255 455 2295 233 404 2296 455 452 2297 233 404 2298 1182 706 2299 455 452 2300 1182 706 2301 453 707 2302 455 452 2303 453 707 2304 1524 708 2305 455 452 2306 1524 708 2307 454 709 2308 455 452 2309 454 709 2310 1526 710 2311 455 452 2312 1526 710 2313 463 711 2314 455 452 2315 455 452 2316 463 711 2317 450 22 2318 458 454 2319 188 366 2320 456 712 2321 459 375 2322 256 374 2323 457 461 2324 458 454 2325 1196 713 2326 457 461 2327 1196 713 2328 565 405 2329 457 461 2330 457 461 2331 565 405 2332 459 375 2333 461 714 2334 1196 713 2335 458 454 2336 456 712 2337 462 715 2338 458 454 2339 458 454 2340 462 715 2341 460 716 2342 460 716 2343 1188 717 2344 458 454 2345 458 454 2346 1188 717 2347 1191 718 2348 1191 718 2349 461 714 2350 458 454 2351 1529 719 2352 1244 720 2353 463 711 2354 1244 720 2355 462 715 2356 463 711 2357 456 712 2358 450 22 2359 462 715 2360 450 22 2361 463 711 2362 462 715 2363 495 721 2364 464 722 2365 564 723 2366 464 722 2367 465 208 2368 564 723 2369 564 723 2370 465 208 2371 466 208 2372 465 208 2373 467 724 2374 466 208 2375 466 208 2376 467 724 2377 468 725 2378 467 724 2379 542 726 2380 468 725 2381 468 725 2382 542 726 2383 587 727 2384 542 726 2385 541 728 2386 587 727 2387 587 727 2388 541 728 2389 586 729 2390 541 728 2391 544 730 2392 586 729 2393 586 729 2394 544 730 2395 585 731 2396 544 730 2397 469 732 2398 585 731 2399 585 731 2400 469 732 2401 584 733 2402 469 732 2403 470 734 2404 584 733 2405 584 733 2406 470 734 2407 583 735 2408 470 734 2409 471 736 2410 583 735 2411 583 735 2412 471 736 2413 582 737 2414 471 736 2415 472 738 2416 582 737 2417 582 737 2418 472 738 2419 473 739 2420 472 738 2421 548 740 2422 473 739 2423 473 739 2424 548 740 2425 581 741 2426 548 740 2427 474 742 2428 581 741 2429 581 741 2430 474 742 2431 475 743 2432 474 742 2433 476 744 2434 475 743 2435 475 743 2436 476 744 2437 580 745 2438 476 744 2439 550 746 2440 580 745 2441 580 745 2442 550 746 2443 579 747 2444 550 746 2445 477 748 2446 579 747 2447 579 747 2448 477 748 2449 1883 749 2450 477 748 2451 478 750 2452 1883 749 2453 1883 749 2454 478 750 2455 578 751 2456 478 750 2457 553 752 2458 578 751 2459 578 751 2460 553 752 2461 577 753 2462 553 752 2463 479 754 2464 577 753 2465 577 753 2466 479 754 2467 1882 755 2468 479 754 2469 555 756 2470 1882 755 2471 1882 755 2472 555 756 2473 1881 757 2474 555 756 2475 559 758 2476 1881 757 2477 1881 757 2478 559 758 2479 1928 759 2480 559 758 2481 560 760 2482 1928 759 2483 1928 759 2484 560 760 2485 606 761 2486 560 760 2487 512 762 2488 606 761 2489 606 761 2490 512 762 2491 1873 763 2492 512 762 2493 480 764 2494 1873 763 2495 1873 763 2496 480 764 2497 481 765 2498 480 764 2499 504 766 2500 481 765 2501 481 765 2502 504 766 2503 482 767 2504 504 766 2505 505 768 2506 482 767 2507 482 767 2508 505 768 2509 571 769 2510 505 768 2511 483 770 2512 571 769 2513 571 769 2514 483 770 2515 484 771 2516 483 770 2517 485 772 2518 484 771 2519 484 771 2520 485 772 2521 574 773 2522 485 772 2523 499 774 2524 574 773 2525 574 773 2526 499 774 2527 575 775 2528 499 774 2529 497 776 2530 575 775 2531 575 775 2532 497 776 2533 486 777 2534 497 776 2535 498 778 2536 486 777 2537 486 777 2538 498 778 2539 487 779 2540 498 778 2541 488 780 2542 487 779 2543 487 779 2544 488 780 2545 576 781 2546 488 780 2547 513 782 2548 576 781 2549 576 781 2550 513 782 2551 603 783 2552 513 782 2553 514 784 2554 603 783 2555 603 783 2556 514 784 2557 562 785 2558 514 784 2559 515 786 2560 562 785 2561 562 785 2562 515 786 2563 489 787 2564 515 786 2565 517 788 2566 489 787 2567 489 787 2568 517 788 2569 602 789 2570 517 788 2571 520 790 2572 602 789 2573 602 789 2574 520 790 2575 601 791 2576 520 790 2577 523 792 2578 601 791 2579 601 791 2580 523 792 2581 490 793 2582 523 792 2583 522 794 2584 490 793 2585 490 793 2586 522 794 2587 600 795 2588 522 794 2589 525 796 2590 600 795 2591 600 795 2592 525 796 2593 598 797 2594 525 796 2595 528 798 2596 598 797 2597 598 797 2598 528 798 2599 597 799 2600 528 798 2601 529 800 2602 597 799 2603 597 799 2604 529 800 2605 491 801 2606 529 800 2607 530 802 2608 491 801 2609 491 801 2610 530 802 2611 492 803 2612 530 802 2613 532 804 2614 492 803 2615 492 803 2616 532 804 2617 595 805 2618 532 804 2619 531 806 2620 595 805 2621 595 805 2622 531 806 2623 1908 807 2624 531 806 2625 534 808 2626 1908 807 2627 1908 807 2628 534 808 2629 592 809 2630 534 808 2631 493 810 2632 592 809 2633 592 809 2634 493 810 2635 591 811 2636 493 810 2637 536 812 2638 591 811 2639 591 811 2640 536 812 2641 589 813 2642 536 812 2643 494 814 2644 589 813 2645 589 813 2646 494 814 2647 495 721 2648 494 814 2649 464 722 2650 495 721 2651 498 778 2652 496 815 2653 488 780 2654 496 815 2655 508 816 2656 488 780 2657 497 776 2658 500 817 2659 498 778 2660 500 817 2661 496 815 2662 498 778 2663 501 818 2664 500 817 2665 499 774 2666 499 774 2667 500 817 2668 497 776 2669 499 774 2670 485 772 2671 501 818 2672 501 818 2673 485 772 2674 1617 819 2675 1617 819 2676 485 772 2677 502 820 2678 485 772 2679 483 770 2680 502 820 2681 483 770 2682 505 768 2683 502 820 2684 502 820 2685 505 768 2686 503 821 2687 504 766 2688 1622 822 2689 505 768 2690 1622 822 2691 503 821 2692 505 768 2693 1596 823 2694 1622 822 2695 480 764 2696 480 764 2697 1622 822 2698 504 766 2699 506 824 2700 1565 825 2701 507 826 2702 512 762 2703 507 826 2704 480 764 2705 507 826 2706 1596 823 2707 480 764 2708 510 827 2709 513 782 2710 508 816 2711 488 780 2712 508 816 2713 513 782 2714 513 782 2715 510 827 2716 509 828 2717 509 828 2718 510 827 2719 511 829 2720 507 826 2721 512 762 2722 506 824 2723 512 762 2724 560 760 2725 506 824 2726 506 824 2727 560 760 2728 561 830 2729 509 828 2730 1082 831 2731 513 782 2732 513 782 2733 1082 831 2734 514 784 2735 515 786 2736 514 784 2737 516 832 2738 516 832 2739 514 784 2740 1082 831 2741 516 832 2742 518 833 2743 515 786 2744 515 786 2745 518 833 2746 517 788 2747 520 790 2748 517 788 2749 519 834 2750 519 834 2751 517 788 2752 518 833 2753 519 834 2754 521 835 2755 520 790 2756 520 790 2757 521 835 2758 523 792 2759 522 794 2760 523 792 2761 524 836 2762 524 836 2763 523 792 2764 521 835 2765 524 836 2766 526 837 2767 522 794 2768 522 794 2769 526 837 2770 525 796 2771 528 798 2772 525 796 2773 527 838 2774 527 838 2775 525 796 2776 526 837 2777 527 838 2778 805 839 2779 528 798 2780 528 798 2781 805 839 2782 529 800 2783 530 802 2784 529 800 2785 880 840 2786 880 840 2787 529 800 2788 805 839 2789 880 840 2790 1047 841 2791 530 802 2792 530 802 2793 1047 841 2794 532 804 2795 531 806 2796 532 804 2797 533 842 2798 533 842 2799 532 804 2800 1047 841 2801 533 842 2802 751 843 2803 531 806 2804 531 806 2805 751 843 2806 534 808 2807 493 810 2808 534 808 2809 535 844 2810 535 844 2811 534 808 2812 751 843 2813 535 844 2814 866 845 2815 493 810 2816 493 810 2817 866 845 2818 536 812 2819 494 814 2820 536 812 2821 537 846 2822 537 846 2823 536 812 2824 866 845 2825 537 846 2826 538 847 2827 494 814 2828 494 814 2829 538 847 2830 464 722 2831 539 848 2832 540 849 2833 467 724 2834 538 847 2835 539 848 2836 464 722 2837 464 722 2838 539 848 2839 467 724 2840 540 849 2841 628 850 2842 467 724 2843 467 724 2844 628 850 2845 542 726 2846 541 728 2847 542 726 2848 543 851 2849 543 851 2850 542 726 2851 628 850 2852 543 851 2853 631 852 2854 541 728 2855 541 728 2856 631 852 2857 544 730 2858 469 732 2859 544 730 2860 545 853 2861 545 853 2862 544 730 2863 631 852 2864 545 853 2865 634 854 2866 469 732 2867 469 732 2868 634 854 2869 470 734 2870 471 736 2871 470 734 2872 546 855 2873 546 855 2874 470 734 2875 634 854 2876 546 855 2877 547 856 2878 471 736 2879 471 736 2880 547 856 2881 472 738 2882 548 740 2883 472 738 2884 688 857 2885 688 857 2886 472 738 2887 547 856 2888 688 857 2889 639 858 2890 548 740 2891 548 740 2892 639 858 2893 474 742 2894 476 744 2895 474 742 2896 779 859 2897 779 859 2898 474 742 2899 639 858 2900 779 859 2901 551 860 2902 476 744 2903 476 744 2904 551 860 2905 550 746 2906 477 748 2907 550 746 2908 549 861 2909 549 861 2910 550 746 2911 551 860 2912 549 861 2913 552 862 2914 477 748 2915 477 748 2916 552 862 2917 478 750 2918 553 752 2919 478 750 2920 554 863 2921 554 863 2922 478 750 2923 552 862 2924 554 863 2925 556 864 2926 553 752 2927 553 752 2928 556 864 2929 479 754 2930 555 756 2931 479 754 2932 557 865 2933 557 865 2934 479 754 2935 556 864 2936 557 865 2937 558 866 2938 555 756 2939 555 756 2940 558 866 2941 559 758 2942 559 758 2943 558 866 2944 560 760 2945 558 866 2946 561 830 2947 560 760 2948 1494 867 2949 1441 868 2950 562 785 2951 1852 869 2952 1507 870 2953 563 871 2954 1494 867 2955 562 785 2956 211 387 2957 562 785 2958 602 789 2959 211 387 2960 211 387 2961 602 789 2962 563 871 2963 563 871 2964 602 789 2965 1852 869 2966 1407 872 2967 1122 873 2968 491 801 2969 594 874 2970 1813 875 2971 1536 876 2972 1407 872 2973 491 801 2974 199 877 2975 491 801 2976 595 805 2977 199 877 2978 199 877 2979 595 805 2980 1536 876 2981 1536 876 2982 595 805 2983 594 874 2984 1362 878 2985 1364 879 2986 564 723 2987 1358 880 2988 1182 706 2989 233 404 2990 1196 713 2991 1362 878 2992 565 405 2993 1362 878 2994 564 723 2995 565 405 2996 564 723 2997 468 725 2998 565 405 2999 565 405 3000 468 725 3001 233 404 3002 566 881 3003 1638 882 3004 582 737 3005 582 737 3006 1638 882 3007 1321 883 3008 1320 884 3009 1461 885 3010 567 886 3011 582 737 3012 581 741 3013 566 881 3014 566 881 3015 581 741 3016 1461 885 3017 1461 885 3018 581 741 3019 567 886 3020 568 887 3021 1509 888 3022 577 889 3023 577 889 3024 1509 888 3025 1639 890 3026 1689 891 3027 1470 892 3028 1294 893 3029 577 889 3030 1881 894 3031 568 887 3032 568 887 3033 1881 894 3034 1470 892 3035 1470 892 3036 1881 894 3037 1294 893 3038 1564 895 3039 1563 896 3040 606 897 3041 606 898 3042 1563 899 3043 1642 900 3044 1642 900 3045 1563 899 3046 1549 901 3047 481 765 3048 570 902 3049 1873 763 3050 570 902 3051 1564 903 3052 1873 763 3053 1564 904 3054 1563 905 3055 1873 906 3056 1873 906 3057 1563 905 3058 606 907 3059 482 767 3060 569 908 3061 481 765 3062 569 908 3063 570 902 3064 481 765 3065 572 909 3066 1578 910 3067 571 769 3068 571 769 3069 1578 910 3070 482 767 3071 572 909 3072 571 769 3073 573 911 3074 571 769 3075 484 771 3076 573 911 3077 484 771 3078 574 773 3079 573 911 3080 573 911 3081 574 773 3082 1590 912 3083 574 773 3084 575 775 3085 1590 912 3086 1590 912 3087 575 775 3088 1877 913 3089 486 777 3090 1580 914 3091 575 775 3092 1580 914 3093 1877 913 3094 575 775 3095 1606 915 3096 1580 914 3097 487 779 3098 487 779 3099 1580 914 3100 486 777 3101 605 916 3102 1606 915 3103 576 781 3104 576 781 3105 1606 915 3106 487 779 3107 1928 759 3108 1677 917 3109 1881 757 3110 1677 918 3111 1294 893 3112 1881 894 3113 1639 919 3114 1701 920 3115 577 753 3116 577 753 3117 1701 920 3118 578 751 3119 1883 921 3120 578 922 3121 1303 923 3122 1303 923 3123 578 922 3124 1701 924 3125 1303 923 3126 1304 925 3127 1883 921 3128 1883 749 3129 1304 926 3130 579 747 3131 580 745 3132 579 747 3133 1305 927 3134 1305 927 3135 579 747 3136 1304 926 3137 1305 927 3138 1313 928 3139 580 745 3140 580 745 3141 1313 928 3142 475 743 3143 1313 928 3144 567 886 3145 475 743 3146 475 743 3147 567 886 3148 581 741 3149 1321 883 3150 1328 929 3151 582 737 3152 582 737 3153 1328 929 3154 583 735 3155 584 733 3156 583 735 3157 1338 930 3158 1338 930 3159 583 735 3160 1328 929 3161 1338 930 3162 1337 931 3163 584 733 3164 584 733 3165 1337 931 3166 585 731 3167 586 729 3168 585 731 3169 1347 932 3170 1347 932 3171 585 731 3172 1337 931 3173 1347 932 3174 1348 933 3175 586 729 3176 586 729 3177 1348 933 3178 587 727 3179 1348 933 3180 1358 880 3181 587 727 3182 587 727 3183 1358 880 3184 468 725 3185 468 725 3186 1358 880 3187 233 404 3188 495 721 3189 564 723 3190 588 934 3191 588 934 3192 564 723 3193 1364 879 3194 588 934 3195 1378 935 3196 495 721 3197 495 721 3198 1378 935 3199 589 813 3200 591 811 3201 589 813 3202 590 936 3203 590 936 3204 589 813 3205 1378 935 3206 590 936 3207 1389 937 3208 591 811 3209 591 811 3210 1389 937 3211 592 809 3212 1908 807 3213 592 809 3214 593 938 3215 593 938 3216 592 809 3217 1389 937 3218 593 938 3219 594 874 3220 1908 807 3221 1908 807 3222 594 874 3223 595 805 3224 597 799 3225 491 801 3226 596 939 3227 596 939 3228 491 801 3229 1122 873 3230 596 939 3231 1826 940 3232 597 799 3233 597 799 3234 1826 940 3235 598 797 3236 600 795 3237 598 797 3238 599 941 3239 599 941 3240 598 797 3241 1826 940 3242 599 941 3243 1427 942 3244 600 795 3245 600 795 3246 1427 942 3247 490 793 3248 601 791 3249 490 793 3250 1119 943 3251 1119 943 3252 490 793 3253 1427 942 3254 1119 943 3255 1852 869 3256 601 791 3257 601 791 3258 1852 869 3259 602 789 3260 603 783 3261 562 785 3262 604 944 3263 604 944 3264 562 785 3265 1441 868 3266 603 783 3267 604 944 3268 576 781 3269 576 781 3270 604 944 3271 605 916 3272 604 944 3273 1628 945 3274 605 916 3275 1642 946 3276 1677 917 3277 606 761 3278 606 761 3279 1677 917 3280 1928 759 3281 1091 947 3282 1086 948 3283 1089 949 3284 1075 950 3285 607 951 3286 1073 952 3287 608 953 3288 1049 954 3289 609 955 3290 610 956 3291 1030 957 3292 1029 958 3293 611 959 3294 612 960 3295 613 961 3296 987 962 3297 975 963 3298 614 964 3299 615 965 3300 1105 966 3301 976 967 3302 955 968 3303 616 969 3304 957 970 3305 617 971 3306 1109 972 3307 945 973 3308 940 974 3309 1112 975 3310 618 976 3311 929 977 3312 921 978 3313 930 979 3314 907 980 3315 901 981 3316 619 982 3317 902 983 3318 896 984 3319 620 985 3320 621 986 3321 622 987 3322 700 988 3323 509 828 3324 623 989 3325 668 990 3326 624 991 3327 1082 992 3328 682 993 3329 516 994 3330 1078 995 3331 1070 996 3332 625 997 3333 518 998 3334 762 999 3335 524 836 3336 681 1000 3337 621 986 3338 526 837 3339 524 836 3340 1069 1001 3341 805 839 3342 527 838 3343 626 1002 3344 1047 841 3345 880 840 3346 881 1003 3347 751 843 3348 533 842 3349 719 1004 3350 866 845 3351 535 844 3352 1036 1005 3353 538 847 3354 537 846 3355 627 1006 3356 539 1007 3357 743 1008 3358 790 1009 3359 628 1010 3360 852 1011 3361 853 1012 3362 543 1013 3363 629 1014 3364 630 1015 3365 631 1016 3366 843 1017 3367 632 1018 3368 545 1019 3369 633 1020 3370 691 1021 3371 634 1022 3372 635 1023 3373 636 1024 3374 546 1025 3375 637 1026 3376 785 1027 3377 547 1028 3378 986 1029 3379 638 1030 3380 688 1031 3381 974 1032 3382 973 1033 3383 639 1034 3384 687 1035 3385 689 1036 3386 779 1037 3387 640 1038 3388 641 1039 3389 551 1040 3390 778 1041 3391 642 1042 3392 549 1043 3393 643 1044 3394 949 1045 3395 552 1046 3396 644 1047 3397 645 1048 3398 554 1049 3399 704 1050 3400 705 1051 3401 556 1052 3402 646 1053 3403 733 1054 3404 557 1055 3405 647 1056 3406 648 1057 3407 558 1058 3408 649 1059 3409 933 1060 3410 650 1061 3411 651 1062 3412 702 1063 3413 652 1064 3414 561 1065 3415 653 1066 3416 654 1067 3417 1565 825 3418 506 824 3419 1561 1068 3420 654 1067 3421 913 1069 3422 1560 1070 3423 1561 1071 3424 906 1072 3425 818 1073 3426 656 1074 3427 655 1075 3428 658 1076 3429 818 1077 3430 657 1078 3431 658 1076 3432 815 1079 3433 895 1080 3434 1625 1081 3435 1090 1082 3436 661 1083 3437 1090 1082 3438 660 1084 3439 661 1083 3440 663 1085 3441 659 1086 3442 660 1084 3443 659 1086 3444 661 1083 3445 660 1084 3446 1088 1087 3447 662 1088 3448 663 1085 3449 663 1085 3450 662 1088 3451 659 1086 3452 665 1089 3453 666 1090 3454 1088 1087 3455 666 1090 3456 662 1088 3457 1088 1087 3458 667 1091 3459 664 1092 3460 665 1089 3461 664 1092 3462 666 1090 3463 665 1089 3464 667 1091 3465 668 990 3466 664 1092 3467 664 1092 3468 668 990 3469 669 1093 3470 623 989 3471 511 1094 3472 668 990 3473 511 1094 3474 669 1093 3475 668 990 3476 506 1095 3477 728 1096 3478 670 1097 3479 744 1098 3480 715 1099 3481 671 1100 3482 1028 1101 3483 672 1102 3484 673 1103 3485 674 1104 3486 750 1105 3487 752 1106 3488 675 1107 3489 1048 1108 3490 676 1109 3491 677 1110 3492 804 1111 3493 678 1112 3494 679 1113 3495 697 1114 3496 680 1115 3497 621 986 3498 681 1000 3499 622 987 3500 681 1000 3501 521 1116 3502 622 987 3503 726 1117 3504 701 1118 3505 519 1119 3506 1071 1120 3507 814 1121 3508 516 994 3509 624 991 3510 682 993 3511 1078 1122 3512 1082 831 3513 509 828 3514 1083 1123 3515 651 1062 3516 928 1124 3517 702 1063 3518 928 1124 3519 683 1125 3520 702 1063 3521 702 1063 3522 683 1125 3523 684 1126 3524 683 1125 3525 685 1127 3526 684 1126 3527 552 1128 3528 939 1129 3529 706 1130 3530 706 1130 3531 939 1129 3532 686 1131 3533 687 1035 3534 688 1031 3535 689 1036 3536 688 1031 3537 973 1033 3538 689 1036 3539 689 1036 3540 973 1033 3541 690 1132 3542 973 1033 3543 961 1133 3544 690 1132 3545 633 1020 3546 631 1134 3547 691 1021 3548 631 1134 3549 692 1135 3550 691 1021 3551 691 1021 3552 692 1135 3553 693 1136 3554 692 1135 3555 694 1137 3556 693 1136 3557 537 846 3558 695 1138 3559 627 1006 3560 627 1006 3561 695 1138 3562 718 1139 3563 675 1140 3564 1037 1141 3565 533 1142 3566 533 1142 3567 1037 1141 3568 696 1143 3569 697 1114 3570 526 1144 3571 680 1115 3572 526 1144 3573 698 1145 3574 680 1115 3575 680 1115 3576 698 1145 3577 699 1146 3578 725 1147 3579 700 1148 3580 701 1149 3581 700 1148 3582 521 1150 3583 701 1149 3584 561 1065 3585 650 1061 3586 653 1066 3587 650 1061 3588 702 1063 3589 653 1066 3590 653 1066 3591 702 1063 3592 703 1151 3593 702 1063 3594 684 1126 3595 703 1151 3596 703 1151 3597 684 1126 3598 732 1152 3599 704 1050 3600 552 1128 3601 705 1051 3602 552 1128 3603 706 1130 3604 705 1051 3605 705 1051 3606 706 1130 3607 707 1153 3608 706 1130 3609 686 1131 3610 707 1153 3611 707 1153 3612 686 1131 3613 708 1154 3614 639 1155 3615 710 1156 3616 709 1157 3617 709 1157 3618 710 1156 3619 711 1158 3620 710 1156 3621 690 1159 3622 711 1158 3623 711 1158 3624 690 1159 3625 712 1160 3626 635 1023 3627 545 1019 3628 636 1024 3629 545 1019 3630 691 1021 3631 636 1024 3632 636 1024 3633 691 1021 3634 713 1161 3635 691 1021 3636 693 1136 3637 713 1161 3638 713 1161 3639 693 1136 3640 714 1162 3641 715 1099 3642 538 1163 3643 671 1100 3644 538 1163 3645 716 1164 3646 671 1100 3647 671 1100 3648 716 1164 3649 717 1165 3650 716 1164 3651 718 1166 3652 717 1165 3653 717 1165 3654 718 1166 3655 749 1167 3656 533 842 3657 720 1168 3658 719 1004 3659 719 1004 3660 720 1168 3661 721 1169 3662 720 1168 3663 696 1170 3664 721 1169 3665 721 1169 3666 696 1170 3667 756 1171 3668 527 838 3669 679 1172 3670 758 1173 3671 679 1172 3672 722 1174 3673 758 1173 3674 758 1173 3675 722 1174 3676 723 1175 3677 722 1174 3678 699 1176 3679 723 1175 3680 723 1175 3681 699 1176 3682 724 1177 3683 725 1178 3684 726 1117 3685 1211 1179 3686 1211 1179 3687 726 1117 3688 727 1180 3689 726 1117 3690 519 1119 3691 727 1180 3692 728 1096 3693 652 1181 3694 670 1097 3695 652 1181 3696 729 1182 3697 670 1097 3698 670 1097 3699 729 1182 3700 730 1183 3701 729 1182 3702 731 1184 3703 730 1183 3704 730 1183 3705 731 1184 3706 766 1185 3707 731 1184 3708 732 1186 3709 766 1185 3710 766 1185 3711 732 1186 3712 1158 1187 3713 646 1053 3714 554 1049 3715 733 1054 3716 554 1049 3717 705 1051 3718 733 1054 3719 733 1054 3720 705 1051 3721 734 1188 3722 705 1051 3723 707 1153 3724 734 1188 3725 734 1188 3726 707 1153 3727 773 1189 3728 707 1153 3729 708 1154 3730 773 1189 3731 773 1189 3732 708 1154 3733 735 1190 3734 640 1038 3735 639 1155 3736 641 1039 3737 639 1155 3738 709 1157 3739 641 1039 3740 641 1039 3741 709 1157 3742 736 1191 3743 709 1157 3744 711 1158 3745 736 1191 3746 736 1191 3747 711 1158 3748 782 1192 3749 711 1158 3750 712 1160 3751 782 1192 3752 782 1192 3753 712 1160 3754 737 1193 3755 634 1194 3756 738 1195 3757 786 1196 3758 786 1196 3759 738 1195 3760 739 1197 3761 738 1195 3762 740 1198 3763 739 1197 3764 739 1197 3765 740 1198 3766 741 1199 3767 740 1198 3768 714 1200 3769 741 1199 3770 741 1199 3771 714 1200 3772 742 1201 3773 744 1202 3774 745 1203 3775 743 1204 3776 743 1204 3777 745 1203 3778 746 1205 3779 745 1203 3780 747 1206 3781 746 1205 3782 746 1205 3783 747 1206 3784 748 1207 3785 747 1206 3786 749 1208 3787 748 1207 3788 748 1207 3789 749 1208 3790 794 1209 3791 750 1105 3792 751 1210 3793 752 1106 3794 751 1210 3795 753 1211 3796 752 1106 3797 752 1106 3798 753 1211 3799 754 1212 3800 753 1211 3801 755 1213 3802 754 1212 3803 754 1212 3804 755 1213 3805 798 1214 3806 755 1213 3807 756 1215 3808 798 1214 3809 798 1214 3810 756 1215 3811 757 1216 3812 527 838 3813 758 1173 3814 626 1002 3815 626 1002 3816 758 1173 3817 759 1217 3818 758 1173 3819 723 1175 3820 759 1217 3821 759 1217 3822 723 1175 3823 809 1218 3824 723 1175 3825 724 1177 3826 809 1218 3827 809 1218 3828 724 1177 3829 760 1219 3830 1212 1220 3831 761 1221 3832 762 999 3833 761 1221 3834 727 1222 3835 762 999 3836 762 999 3837 727 1222 3838 625 997 3839 654 1067 3840 506 824 3841 913 1069 3842 506 824 3843 763 1223 3844 913 1069 3845 913 1069 3846 763 1223 3847 764 1224 3848 763 1223 3849 765 1225 3850 764 1224 3851 764 1224 3852 765 1225 3853 909 1226 3854 765 1225 3855 766 1185 3856 909 1226 3857 909 1226 3858 766 1185 3859 908 1227 3860 766 1185 3861 1158 1187 3862 908 1227 3863 908 1227 3864 1158 1187 3865 767 1228 3866 821 1229 3867 820 1230 3868 768 1231 3869 769 1232 3870 556 1233 3871 938 1234 3872 556 1233 3873 770 1235 3874 938 1234 3875 938 1234 3876 770 1235 3877 936 1236 3878 770 1235 3879 771 1237 3880 936 1236 3881 936 1236 3882 771 1237 3883 772 1238 3884 771 1237 3885 773 1189 3886 772 1238 3887 772 1238 3888 773 1189 3889 774 1239 3890 773 1189 3891 735 1190 3892 774 1239 3893 774 1239 3894 735 1190 3895 775 1240 3896 829 1241 3897 776 1242 3898 777 1243 3899 778 1041 3900 779 1037 3901 642 1042 3902 779 1037 3903 641 1039 3904 642 1042 3905 642 1042 3906 641 1039 3907 780 1244 3908 641 1039 3909 736 1191 3910 780 1244 3911 780 1244 3912 736 1191 3913 781 1245 3914 736 1191 3915 782 1192 3916 781 1245 3917 781 1245 3918 782 1192 3919 783 1246 3920 782 1192 3921 737 1193 3922 783 1246 3923 783 1246 3924 737 1193 3925 956 1247 3926 837 1248 3927 833 1249 3928 784 1250 3929 637 1026 3930 634 1194 3931 785 1027 3932 634 1194 3933 786 1196 3934 785 1027 3935 785 1027 3936 786 1196 3937 787 1251 3938 786 1196 3939 739 1197 3940 787 1251 3941 787 1251 3942 739 1197 3943 983 1252 3944 739 1197 3945 741 1199 3946 983 1252 3947 983 1252 3948 741 1199 3949 981 1253 3950 741 1199 3951 742 1201 3952 981 1253 3953 981 1253 3954 742 1201 3955 980 1254 3956 788 1255 3957 839 1256 3958 789 1257 3959 743 1008 3960 791 1258 3961 790 1009 3962 790 1009 3963 791 1258 3964 792 1259 3965 791 1258 3966 793 1260 3967 792 1259 3968 792 1259 3969 793 1260 3970 1016 1261 3971 793 1260 3972 748 1207 3973 1016 1261 3974 1016 1261 3975 748 1207 3976 1015 1262 3977 748 1207 3978 794 1209 3979 1015 1262 3980 1015 1262 3981 794 1209 3982 1014 1263 3983 860 1264 3984 858 1265 3985 865 1266 3986 535 844 3987 674 1267 3988 795 1268 3989 674 1267 3990 796 1269 3991 795 1268 3992 795 1268 3993 796 1269 3994 1034 1270 3995 796 1269 3996 797 1271 3997 1034 1270 3998 1034 1270 3999 797 1271 4000 1033 1272 4001 797 1271 4002 798 1214 4003 1033 1272 4004 1033 1272 4005 798 1214 4006 799 1273 4007 798 1214 4008 757 1216 4009 799 1273 4010 799 1273 4011 757 1216 4012 800 1274 4013 801 1275 4014 802 1276 4015 803 1277 4016 804 1111 4017 805 1278 4018 678 1112 4019 805 1278 4020 806 1279 4021 678 1112 4022 678 1112 4023 806 1279 4024 807 1280 4025 806 1279 4026 808 1281 4027 807 1280 4028 807 1280 4029 808 1281 4030 1055 1282 4031 808 1281 4032 809 1218 4033 1055 1282 4034 1055 1282 4035 809 1218 4036 1054 1283 4037 809 1218 4038 760 1219 4039 1054 1283 4040 1054 1283 4041 760 1219 4042 1053 1284 4043 810 1285 4044 811 1286 4045 812 1287 4046 1073 952 4047 1065 1288 4048 1072 1289 4049 1065 1288 4050 813 1290 4051 1072 1289 4052 1072 1289 4053 813 1290 4054 814 1291 4055 813 1290 4056 518 1292 4057 814 1291 4058 658 1076 4059 657 1078 4060 815 1079 4061 815 1079 4062 657 1078 4063 893 1293 4064 897 1294 4065 816 1295 4066 817 1296 4067 816 1295 4068 893 1293 4069 817 1296 4070 817 1296 4071 893 1293 4072 898 1297 4073 893 1293 4074 818 1073 4075 898 1297 4076 898 1297 4077 818 1073 4078 655 1075 4079 819 1298 4080 820 1230 4081 919 1299 4082 820 1230 4083 821 1229 4084 919 1299 4085 919 1299 4086 821 1229 4087 823 1300 4088 822 1301 4089 917 1302 4090 922 1303 4091 917 1302 4092 823 1300 4093 922 1303 4094 922 1303 4095 823 1300 4096 923 1304 4097 823 1300 4098 821 1229 4099 923 1304 4100 923 1304 4101 821 1229 4102 824 1305 4103 821 1229 4104 768 1231 4105 824 1305 4106 824 1305 4107 768 1231 4108 914 1306 4109 942 1307 4110 776 1242 4111 825 1308 4112 776 1242 4113 829 1241 4114 825 1308 4115 825 1308 4116 829 1241 4117 828 1309 4118 944 1310 4119 826 1311 4120 827 1312 4121 826 1311 4122 828 1309 4123 827 1312 4124 827 1312 4125 828 1309 4126 946 1313 4127 828 1309 4128 829 1241 4129 946 1313 4130 946 1313 4131 829 1241 4132 830 1314 4133 829 1241 4134 777 1243 4135 830 1314 4136 830 1314 4137 777 1243 4138 831 1315 4139 832 1316 4140 833 1249 4141 834 1317 4142 833 1249 4143 837 1248 4144 834 1317 4145 834 1317 4146 837 1248 4147 964 1318 4148 835 1319 4149 962 1320 4150 836 1321 4151 962 1320 4152 964 1318 4153 836 1321 4154 836 1321 4155 964 1318 4156 968 1322 4157 964 1318 4158 837 1248 4159 968 1322 4160 968 1322 4161 837 1248 4162 970 1323 4163 837 1248 4164 784 1250 4165 970 1323 4166 970 1323 4167 784 1250 4168 838 1324 4169 992 1325 4170 839 1256 4171 990 1326 4172 839 1256 4173 788 1255 4174 990 1326 4175 990 1326 4176 788 1255 4177 840 1327 4178 841 1328 4179 988 1329 4180 1000 1330 4181 988 1329 4182 840 1327 4183 1000 1330 4184 1000 1330 4185 840 1327 4186 999 1331 4187 840 1327 4188 788 1255 4189 999 1331 4190 999 1331 4191 788 1255 4192 997 1332 4193 788 1255 4194 789 1257 4195 997 1332 4196 997 1332 4197 789 1257 4198 842 1333 4199 843 1017 4200 543 1013 4201 632 1018 4202 543 1013 4203 630 1015 4204 632 1018 4205 632 1018 4206 630 1015 4207 844 1334 4208 630 1015 4209 847 1335 4210 844 1334 4211 844 1334 4212 847 1335 4213 998 1336 4214 847 1335 4215 848 1337 4216 998 1336 4217 998 1336 4218 848 1337 4219 845 1338 4220 848 1337 4221 849 1339 4222 845 1338 4223 845 1338 4224 849 1339 4225 1001 1340 4226 849 1339 4227 846 1341 4228 1001 1340 4229 629 1014 4230 628 1342 4231 630 1015 4232 628 1342 4233 1010 1343 4234 630 1015 4235 630 1015 4236 1010 1343 4237 847 1335 4238 1010 1343 4239 1008 1344 4240 847 1335 4241 847 1335 4242 1008 1344 4243 848 1337 4244 1008 1344 4245 1006 1345 4246 848 1337 4247 848 1337 4248 1006 1345 4249 849 1339 4250 1006 1345 4251 850 1346 4252 849 1339 4253 849 1339 4254 850 1346 4255 846 1341 4256 850 1346 4257 1003 1347 4258 846 1341 4259 846 1341 4260 1003 1347 4261 851 1348 4262 852 1011 4263 540 849 4264 853 1012 4265 540 849 4266 1020 1349 4267 853 1012 4268 853 1012 4269 1020 1349 4270 854 1350 4271 1020 1349 4272 1018 1351 4273 854 1350 4274 854 1350 4275 1018 1351 4276 1005 1352 4277 1018 1351 4278 855 1353 4279 1005 1352 4280 1005 1352 4281 855 1353 4282 1004 1354 4283 855 1353 4284 856 1355 4285 1004 1354 4286 1004 1354 4287 856 1355 4288 1011 1356 4289 856 1355 4290 613 961 4291 1011 1356 4292 857 1357 4293 858 1265 4294 859 1358 4295 858 1265 4296 860 1264 4297 859 1358 4298 859 1358 4299 860 1264 4300 861 1359 4301 862 1360 4302 861 1359 4303 1024 1361 4304 1024 1361 4305 861 1359 4306 863 1362 4307 861 1359 4308 860 1264 4309 863 1362 4310 863 1362 4311 860 1264 4312 864 1363 4313 860 1264 4314 865 1266 4315 864 1363 4316 864 1363 4317 865 1266 4318 1021 1364 4319 672 1102 4320 866 1365 4321 673 1103 4322 866 1365 4323 867 1366 4324 673 1103 4325 673 1103 4326 867 1366 4327 868 1367 4328 867 1366 4329 869 1368 4330 868 1367 4331 868 1367 4332 869 1368 4333 870 1369 4334 869 1368 4335 871 1370 4336 870 1369 4337 870 1369 4338 871 1370 4339 872 1371 4340 871 1370 4341 873 1372 4342 872 1371 4343 872 1371 4344 873 1372 4345 874 1373 4346 873 1372 4347 1029 958 4348 874 1373 4349 1042 1374 4350 802 1276 4351 1040 1375 4352 802 1276 4353 801 1275 4354 1040 1375 4355 1040 1375 4356 801 1275 4357 877 1376 4358 875 1377 4359 877 1376 4360 876 1378 4361 876 1378 4362 877 1376 4363 1043 1379 4364 877 1376 4365 801 1275 4366 1043 1379 4367 1043 1379 4368 801 1275 4369 878 1380 4370 801 1275 4371 803 1277 4372 878 1380 4373 878 1380 4374 803 1277 4375 879 1381 4376 880 840 4377 882 1382 4378 881 1003 4379 881 1003 4380 882 1382 4381 883 1383 4382 882 1382 4383 884 1384 4384 883 1383 4385 883 1383 4386 884 1384 4387 885 1385 4388 884 1384 4389 886 1386 4390 885 1385 4391 885 1385 4392 886 1386 4393 887 1387 4394 886 1386 4395 888 1388 4396 887 1387 4397 887 1387 4398 888 1388 4399 1050 1389 4400 888 1388 4401 609 955 4402 1050 1389 4403 889 1390 4404 811 1286 4405 890 1391 4406 811 1286 4407 810 1285 4408 890 1391 4409 890 1391 4410 810 1285 4411 1061 1392 4412 1059 1393 4413 1061 1392 4414 1064 1394 4415 1064 1394 4416 1061 1392 4417 891 1395 4418 1061 1392 4419 810 1285 4420 891 1395 4421 891 1395 4422 810 1285 4423 1066 1396 4424 810 1285 4425 812 1287 4426 1066 1396 4427 1066 1396 4428 812 1287 4429 1058 1397 4430 816 1295 4431 892 1398 4432 893 1293 4433 893 1293 4434 892 1398 4435 815 1079 4436 892 1398 4437 894 1399 4438 815 1079 4439 815 1079 4440 894 1399 4441 895 1080 4442 896 984 4443 897 1294 4444 620 985 4445 897 1294 4446 817 1296 4447 620 985 4448 620 985 4449 817 1296 4450 904 1400 4451 817 1296 4452 898 1297 4453 904 1400 4454 904 1400 4455 898 1297 4456 905 1401 4457 898 1297 4458 655 1075 4459 905 1401 4460 905 1401 4461 655 1075 4462 899 1402 4463 655 1075 4464 656 1074 4465 899 1402 4466 899 1402 4467 656 1074 4468 900 1403 4469 901 981 4470 902 983 4471 619 982 4472 902 983 4473 620 985 4474 619 982 4475 619 982 4476 620 985 4477 903 1404 4478 620 985 4479 904 1400 4480 903 1404 4481 903 1404 4482 904 1400 4483 910 1405 4484 904 1400 4485 905 1401 4486 910 1405 4487 910 1405 4488 905 1401 4489 912 1406 4490 905 1401 4491 899 1402 4492 912 1406 4493 912 1406 4494 899 1402 4495 906 1072 4496 899 1402 4497 900 1403 4498 906 1072 4499 906 1072 4500 900 1403 4501 1560 1070 4502 907 980 4503 619 982 4504 767 1228 4505 767 1228 4506 619 982 4507 908 1227 4508 619 982 4509 903 1404 4510 908 1227 4511 908 1227 4512 903 1404 4513 909 1226 4514 903 1404 4515 910 1405 4516 909 1226 4517 909 1226 4518 910 1405 4519 911 1407 4520 910 1405 4521 912 1406 4522 911 1407 4523 912 1406 4524 1561 1068 4525 911 1407 4526 911 1407 4527 1561 1068 4528 913 1069 4529 685 1408 4530 914 1409 4531 915 1410 4532 914 1409 4533 916 1411 4534 915 1410 4535 915 1410 4536 916 1411 4537 907 1412 4538 917 1302 4539 918 1413 4540 823 1300 4541 823 1300 4542 918 1413 4543 919 1299 4544 918 1413 4545 920 1414 4546 919 1299 4547 919 1299 4548 920 1414 4549 819 1298 4550 920 1414 4551 916 1415 4552 819 1298 4553 921 978 4554 822 1301 4555 930 979 4556 822 1301 4557 922 1303 4558 930 979 4559 930 979 4560 922 1303 4561 931 1416 4562 922 1303 4563 923 1304 4564 931 1416 4565 931 1416 4566 923 1304 4567 924 1417 4568 923 1304 4569 824 1305 4570 924 1417 4571 924 1417 4572 824 1305 4573 925 1418 4574 824 1305 4575 926 1419 4576 925 1418 4577 925 1418 4578 926 1419 4579 927 1420 4580 926 1419 4581 683 1125 4582 927 1420 4583 927 1420 4584 683 1125 4585 558 1421 4586 683 1125 4587 928 1124 4588 558 1421 4589 1112 975 4590 929 977 4591 618 976 4592 929 977 4593 930 979 4594 618 976 4595 618 976 4596 930 979 4597 934 1422 4598 930 979 4599 931 1416 4600 934 1422 4601 934 1422 4602 931 1416 4603 935 1423 4604 931 1416 4605 924 1417 4606 935 1423 4607 935 1423 4608 924 1417 4609 937 1424 4610 924 1417 4611 932 1425 4612 937 1424 4613 937 1424 4614 932 1425 4615 648 1057 4616 932 1425 4617 933 1060 4618 648 1057 4619 648 1057 4620 933 1060 4621 557 1055 4622 933 1060 4623 649 1059 4624 557 1055 4625 940 974 4626 618 976 4627 775 1240 4628 775 1240 4629 618 976 4630 774 1239 4631 618 976 4632 934 1422 4633 774 1239 4634 774 1239 4635 934 1422 4636 772 1238 4637 934 1422 4638 935 1423 4639 772 1238 4640 772 1238 4641 935 1423 4642 936 1236 4643 935 1423 4644 937 1424 4645 936 1236 4646 936 1236 4647 937 1424 4648 938 1234 4649 937 1424 4650 648 1057 4651 938 1234 4652 938 1234 4653 648 1057 4654 769 1232 4655 648 1057 4656 647 1056 4657 769 1232 4658 939 1426 4659 831 1427 4660 735 1428 4661 831 1427 4662 1308 1429 4663 735 1428 4664 735 1428 4665 1308 1429 4666 940 1430 4667 826 1311 4668 941 1431 4669 828 1309 4670 828 1309 4671 941 1431 4672 825 1308 4673 941 1431 4674 1110 1432 4675 825 1308 4676 825 1308 4677 1110 1432 4678 942 1307 4679 1110 1432 4680 943 1433 4681 942 1307 4682 1109 972 4683 944 1310 4684 945 973 4685 944 1310 4686 827 1312 4687 945 973 4688 945 973 4689 827 1312 4690 951 1434 4691 827 1312 4692 946 1313 4693 951 1434 4694 951 1434 4695 946 1313 4696 947 1435 4697 946 1313 4698 830 1314 4699 947 1435 4700 947 1435 4701 830 1314 4702 953 1436 4703 830 1314 4704 948 1437 4705 953 1436 4706 953 1436 4707 948 1437 4708 949 1045 4709 948 1437 4710 645 1048 4711 949 1045 4712 949 1045 4713 645 1048 4714 549 1043 4715 645 1048 4716 644 1047 4717 549 1043 4718 616 969 4719 617 971 4720 957 970 4721 617 971 4722 945 973 4723 957 970 4724 957 970 4725 945 973 4726 950 1438 4727 945 973 4728 951 1434 4729 950 1438 4730 950 1438 4731 951 1434 4732 952 1439 4733 951 1434 4734 947 1435 4735 952 1439 4736 952 1439 4737 947 1435 4738 959 1440 4739 947 1435 4740 953 1436 4741 959 1440 4742 959 1440 4743 953 1436 4744 954 1441 4745 953 1436 4746 949 1045 4747 954 1441 4748 954 1441 4749 949 1045 4750 551 1442 4751 949 1045 4752 643 1044 4753 551 1442 4754 955 968 4755 957 970 4756 956 1247 4757 956 1247 4758 957 970 4759 783 1246 4760 957 970 4761 950 1438 4762 783 1246 4763 783 1246 4764 950 1438 4765 781 1245 4766 950 1438 4767 952 1439 4768 781 1245 4769 781 1245 4770 952 1439 4771 958 1443 4772 952 1439 4773 959 1440 4774 958 1443 4775 958 1443 4776 959 1440 4777 960 1444 4778 959 1440 4779 954 1441 4780 960 1444 4781 960 1444 4782 954 1441 4783 551 1442 4784 961 1445 4785 838 1446 4786 737 1447 4787 838 1446 4788 1273 1448 4789 737 1447 4790 737 1447 4791 1273 1448 4792 955 1449 4793 962 1320 4794 963 1450 4795 964 1318 4796 964 1318 4797 963 1450 4798 834 1317 4799 963 1450 4800 965 1451 4801 834 1317 4802 834 1317 4803 965 1451 4804 832 1316 4805 965 1451 4806 966 1452 4807 832 1316 4808 1105 966 4809 835 1319 4810 976 967 4811 835 1319 4812 836 1321 4813 976 967 4814 976 967 4815 836 1321 4816 967 1453 4817 836 1321 4818 968 1322 4819 967 1453 4820 967 1453 4821 968 1322 4822 969 1454 4823 968 1322 4824 970 1323 4825 969 1454 4826 969 1454 4827 970 1323 4828 978 1455 4829 970 1323 4830 971 1456 4831 978 1455 4832 978 1455 4833 971 1456 4834 972 1457 4835 971 1456 4836 973 1033 4837 972 1457 4838 972 1457 4839 973 1033 4840 547 1458 4841 973 1033 4842 974 1032 4843 547 1458 4844 975 963 4845 615 965 4846 614 964 4847 615 965 4848 976 967 4849 614 964 4850 614 964 4851 976 967 4852 982 1459 4853 976 967 4854 967 1453 4855 982 1459 4856 982 1459 4857 967 1453 4858 984 1460 4859 967 1453 4860 969 1454 4861 984 1460 4862 984 1460 4863 969 1454 4864 977 1461 4865 969 1454 4866 978 1455 4867 977 1461 4868 977 1461 4869 978 1455 4870 979 1462 4871 978 1455 4872 972 1457 4873 979 1462 4874 979 1462 4875 972 1457 4876 547 1458 4877 987 962 4878 614 964 4879 980 1254 4880 980 1254 4881 614 964 4882 981 1253 4883 614 964 4884 982 1459 4885 981 1253 4886 981 1253 4887 982 1459 4888 983 1252 4889 982 1459 4890 984 1460 4891 983 1252 4892 983 1252 4893 984 1460 4894 787 1251 4895 984 1460 4896 985 1463 4897 787 1251 4898 787 1251 4899 985 1463 4900 785 1027 4901 985 1463 4902 638 1030 4903 785 1027 4904 785 1027 4905 638 1030 4906 546 1025 4907 638 1030 4908 986 1029 4909 546 1025 4910 694 1464 4911 842 1465 4912 742 1466 4913 842 1465 4914 1354 1467 4915 742 1466 4916 742 1466 4917 1354 1467 4918 987 1468 4919 988 1329 4920 989 1469 4921 840 1327 4922 840 1327 4923 989 1469 4924 990 1326 4925 989 1469 4926 991 1470 4927 990 1326 4928 990 1326 4929 991 1470 4930 992 1325 4931 991 1470 4932 993 1471 4933 992 1325 4934 631 1134 4935 994 1472 4936 692 1135 4937 692 1135 4938 994 1472 4939 995 1473 4940 994 1472 4941 996 1474 4942 995 1473 4943 995 1473 4944 996 1474 4945 997 1332 4946 996 1474 4947 998 1336 4948 997 1332 4949 997 1332 4950 998 1336 4951 999 1331 4952 998 1336 4953 845 1338 4954 999 1331 4955 999 1331 4956 845 1338 4957 1000 1330 4958 845 1338 4959 1001 1340 4960 1000 1330 4961 1000 1330 4962 1001 1340 4963 841 1328 4964 851 1348 4965 1002 1475 4966 846 1341 4967 846 1341 4968 1002 1475 4969 1001 1340 4970 1002 1475 4971 1102 1476 4972 1001 1340 4973 1001 1340 4974 1102 1476 4975 841 1328 4976 1012 1477 4977 851 1348 4978 1011 1356 4979 851 1348 4980 1003 1347 4981 1011 1356 4982 1011 1356 4983 1003 1347 4984 1004 1354 4985 1003 1347 4986 850 1346 4987 1004 1354 4988 1004 1354 4989 850 1346 4990 1005 1352 4991 850 1346 4992 1006 1345 4993 1005 1352 4994 1005 1352 4995 1006 1345 4996 1007 1478 4997 1006 1345 4998 1008 1344 4999 1007 1478 5000 1007 1478 5001 1008 1344 5002 1009 1479 5003 1008 1344 5004 1010 1343 5005 1009 1479 5006 1009 1479 5007 1010 1343 5008 628 1342 5009 613 961 5010 612 960 5011 1011 1356 5012 612 960 5013 1012 1477 5014 1011 1356 5015 1013 1480 5016 611 1481 5017 1014 1263 5018 611 1481 5019 856 1355 5020 1014 1263 5021 1014 1263 5022 856 1355 5023 1015 1262 5024 1015 1262 5025 856 1355 5026 1016 1261 5027 856 1355 5028 855 1353 5029 1016 1261 5030 1016 1261 5031 855 1353 5032 1017 1482 5033 855 1353 5034 1018 1351 5035 1017 1482 5036 1017 1482 5037 1018 1351 5038 1019 1483 5039 1018 1351 5040 1020 1349 5041 1019 1483 5042 1019 1483 5043 1020 1349 5044 539 848 5045 1020 1349 5046 540 849 5047 539 848 5048 695 1484 5049 1021 1485 5050 794 1486 5051 1021 1485 5052 1392 1487 5053 794 1486 5054 794 1486 5055 1392 1487 5056 1013 1488 5057 862 1360 5058 1022 1489 5059 861 1359 5060 861 1359 5061 1022 1489 5062 859 1358 5063 1022 1489 5064 1099 1490 5065 859 1358 5066 859 1358 5067 1099 1490 5068 857 1357 5069 1099 1490 5070 1023 1491 5071 857 1357 5072 1031 1492 5073 862 1360 5074 874 1373 5075 862 1360 5076 1024 1361 5077 874 1373 5078 874 1373 5079 1024 1361 5080 872 1371 5081 1024 1361 5082 863 1362 5083 872 1371 5084 872 1371 5085 863 1362 5086 870 1369 5087 863 1362 5088 864 1363 5089 870 1369 5090 870 1369 5091 864 1363 5092 1025 1493 5093 864 1363 5094 1026 1494 5095 1025 1493 5096 1025 1493 5097 1026 1494 5098 1027 1495 5099 1026 1494 5100 537 1496 5101 1027 1495 5102 1027 1495 5103 537 1496 5104 1028 1497 5105 1029 958 5106 1030 957 5107 874 1373 5108 1030 957 5109 1031 1492 5110 874 1373 5111 1032 1498 5112 610 1499 5113 800 1274 5114 610 1499 5115 873 1372 5116 800 1274 5117 800 1274 5118 873 1372 5119 799 1273 5120 799 1273 5121 873 1372 5122 1033 1272 5123 873 1372 5124 871 1370 5125 1033 1272 5126 1033 1272 5127 871 1370 5128 1034 1270 5129 871 1370 5130 1035 1500 5131 1034 1270 5132 1034 1270 5133 1035 1500 5134 795 1268 5135 1035 1500 5136 1036 1005 5137 795 1268 5138 795 1268 5139 1036 1005 5140 535 844 5141 1037 1501 5142 879 1502 5143 757 1503 5144 879 1502 5145 1038 1504 5146 757 1503 5147 757 1503 5148 1038 1504 5149 1032 1505 5150 875 1377 5151 1039 1506 5152 877 1376 5153 877 1376 5154 1039 1506 5155 1040 1375 5156 1039 1506 5157 1041 1507 5158 1040 1375 5159 1040 1375 5160 1041 1507 5161 1042 1374 5162 1041 1507 5163 1038 1508 5164 1042 1374 5165 1051 1509 5166 875 1377 5167 1050 1389 5168 875 1377 5169 876 1378 5170 1050 1389 5171 1050 1389 5172 876 1378 5173 887 1387 5174 876 1378 5175 1043 1379 5176 887 1387 5177 887 1387 5178 1043 1379 5179 885 1385 5180 1043 1379 5181 878 1380 5182 885 1385 5183 885 1385 5184 878 1380 5185 1044 1510 5186 878 1380 5187 1045 1511 5188 1044 1510 5189 1044 1510 5190 1045 1511 5191 1046 1512 5192 1045 1511 5193 676 1109 5194 1046 1512 5195 1046 1512 5196 676 1109 5197 1047 1513 5198 676 1109 5199 1048 1108 5200 1047 1513 5201 609 955 5202 1049 954 5203 1050 1389 5204 1049 954 5205 1051 1509 5206 1050 1389 5207 1052 1514 5208 608 1515 5209 1053 1284 5210 608 1515 5211 888 1388 5212 1053 1284 5213 1053 1284 5214 888 1388 5215 1054 1283 5216 1054 1283 5217 888 1388 5218 1055 1282 5219 888 1388 5220 886 1386 5221 1055 1282 5222 1055 1282 5223 886 1386 5224 1056 1516 5225 886 1386 5226 884 1384 5227 1056 1516 5228 1056 1516 5229 884 1384 5230 1057 1517 5231 884 1384 5232 882 1382 5233 1057 1517 5234 1057 1517 5235 882 1382 5236 677 1518 5237 882 1382 5238 880 840 5239 677 1518 5240 698 1519 5241 1058 1520 5242 760 1521 5243 1058 1520 5244 1844 1522 5245 760 1521 5246 760 1521 5247 1844 1522 5248 1052 1523 5249 1059 1393 5250 1060 1524 5251 1061 1392 5252 1061 1392 5253 1060 1524 5254 890 1391 5255 1060 1524 5256 1062 1525 5257 890 1391 5258 890 1391 5259 1062 1525 5260 889 1390 5261 1062 1525 5262 1063 1526 5263 889 1390 5264 607 951 5265 1059 1393 5266 1073 952 5267 1059 1393 5268 1064 1394 5269 1073 952 5270 1073 952 5271 1064 1394 5272 1065 1288 5273 1064 1394 5274 891 1395 5275 1065 1288 5276 1065 1288 5277 891 1395 5278 761 1527 5279 891 1395 5280 1066 1396 5281 761 1527 5282 761 1527 5283 1066 1396 5284 1067 1528 5285 1066 1396 5286 1068 1529 5287 1067 1528 5288 1067 1528 5289 1068 1529 5290 621 986 5291 1068 1529 5292 1069 1001 5293 621 986 5294 621 986 5295 1069 1001 5296 524 836 5297 516 994 5298 1070 996 5299 1071 1120 5300 1071 1120 5301 1070 996 5302 1072 1289 5303 1070 996 5304 1080 1530 5305 1072 1289 5306 1072 1289 5307 1080 1530 5308 1073 952 5309 1080 1530 5310 1074 1531 5311 1073 952 5312 1073 952 5313 1074 1531 5314 1075 950 5315 1081 1532 5316 1076 1533 5317 1077 1534 5318 682 993 5319 1079 1535 5320 1078 1122 5321 1078 1122 5322 1079 1535 5323 1080 1530 5324 1079 1535 5325 1081 1532 5326 1080 1530 5327 1081 1532 5328 1077 1534 5329 1080 1530 5330 1080 1530 5331 1077 1534 5332 1074 1531 5333 1083 1123 5334 1084 1536 5335 1082 831 5336 1082 831 5337 1084 1536 5338 1085 1537 5339 1084 1536 5340 1086 1538 5341 1085 1537 5342 1085 1537 5343 1086 1538 5344 1076 1539 5345 509 828 5346 668 990 5347 1083 1123 5348 1083 1123 5349 668 990 5350 1087 1540 5351 668 990 5352 1088 1541 5353 1087 1540 5354 1087 1540 5355 1088 1541 5356 1089 949 5357 1088 1541 5358 1090 1542 5359 1089 949 5360 1089 949 5361 1090 1542 5362 1091 947 5363 1625 1543 5364 1092 1544 5365 1093 1545 5366 1092 1544 5367 1094 1546 5368 1093 1545 5369 1093 1545 5370 1094 1546 5371 607 1547 5372 1094 1546 5373 1860 1548 5374 607 1547 5375 607 1547 5376 1860 1548 5377 1095 1549 5378 1860 1548 5379 1096 1550 5380 1095 1549 5381 1095 1549 5382 1096 1550 5383 608 1551 5384 1096 1550 5385 1424 1552 5386 608 1551 5387 608 1551 5388 1424 1552 5389 1097 1553 5390 1424 1552 5391 1822 1554 5392 1097 1553 5393 1097 1553 5394 1822 1554 5395 1098 1555 5396 1098 1555 5397 1822 1554 5398 1031 1556 5399 1822 1554 5400 1249 1557 5401 1031 1556 5402 1031 1556 5403 1249 1557 5404 1099 1558 5405 1249 1557 5406 1248 1559 5407 1099 1558 5408 1099 1558 5409 1248 1559 5410 1100 1560 5411 1248 1559 5412 1246 1561 5413 1100 1560 5414 1246 1561 5415 1101 1562 5416 1100 1560 5417 1100 1560 5418 1101 1562 5419 1102 1563 5420 1101 1562 5421 1657 1564 5422 1102 1563 5423 1102 1563 5424 1657 1564 5425 1103 1565 5426 1103 1565 5427 1657 1564 5428 1104 1566 5429 1657 1564 5430 1758 1567 5431 1104 1566 5432 1104 1566 5433 1758 1567 5434 1105 1568 5435 1758 1567 5436 1342 1569 5437 1105 1568 5438 1105 1568 5439 1342 1569 5440 1106 1570 5441 1342 1569 5442 1236 1571 5443 1106 1570 5444 1106 1570 5445 1236 1571 5446 1107 1572 5447 1236 1571 5448 1108 1573 5449 1107 1572 5450 1107 1572 5451 1108 1573 5452 1109 1574 5453 1109 1574 5454 1108 1573 5455 1110 1575 5456 1108 1573 5457 1111 1576 5458 1110 1575 5459 1110 1575 5460 1111 1576 5461 1112 1577 5462 1111 1576 5463 1266 1578 5464 1112 1577 5465 1112 1577 5466 1266 1578 5467 1113 1579 5468 1266 1578 5469 1114 1580 5470 1113 1579 5471 1114 1580 5472 1692 1581 5473 1113 1579 5474 1113 1579 5475 1692 1581 5476 901 1582 5477 1692 1581 5478 1115 1583 5479 901 1582 5480 901 1582 5481 1115 1583 5482 1116 1584 5483 1116 1584 5484 1115 1583 5485 895 1585 5486 1115 1583 5487 1544 1586 5488 895 1585 5489 1453 1587 5490 1451 1588 5491 1454 1589 5492 604 1590 5493 1078 1591 5494 1444 1592 5495 1117 1593 5496 1441 1594 5497 1858 1595 5498 1118 1596 5499 1847 1597 5500 1632 1598 5501 1119 1599 5502 1840 1600 5503 1432 1601 5504 599 1602 5505 1417 1603 5506 1121 1604 5507 596 1605 5508 1408 1606 5509 1411 1607 5510 593 1608 5511 1390 1609 5512 1125 1610 5513 590 1611 5514 1904 1612 5515 1384 1613 5516 588 1614 5517 1363 1615 5518 1370 1616 5519 1350 1617 5520 1127 1618 5521 1282 1619 5522 1347 932 5523 1339 1620 5524 1280 1621 5525 1338 1622 5526 1128 1623 5527 1330 1624 5528 1321 1625 5529 1129 1626 5530 1181 1627 5531 567 1628 5532 1314 1629 5533 1721 1630 5534 1305 1631 5535 1713 1632 5536 1306 1633 5537 1303 1634 5538 1702 1635 5539 1707 1636 5540 1639 1637 5541 1690 1638 5542 1693 1639 5543 1880 1640 5544 1677 1641 5545 1130 1642 5546 1642 1643 5547 1156 1644 5548 1155 1645 5549 1457 1646 5550 1131 1647 5551 1225 1648 5552 1661 1649 5553 1132 1650 5554 1260 1651 5555 1438 1652 5556 1860 1653 5557 1133 1654 5558 1134 1655 5559 1843 1656 5560 1256 1657 5561 1420 1658 5562 1424 1659 5563 1423 1660 5564 1255 1661 5565 1421 1662 5566 1414 1663 5567 1252 1664 5568 1135 1665 5569 1253 1666 5570 1247 1667 5571 1397 1668 5572 1136 1669 5573 1245 1670 5574 1137 1671 5575 1138 1672 5576 1373 1673 5577 1382 1674 5578 1375 1675 5579 1139 1676 5580 1372 1677 5581 1140 1678 5582 1141 1679 5583 1241 1680 5584 1240 1681 5585 1142 1682 5586 1143 1683 5587 1333 1684 5588 1144 1685 5589 1233 1686 5590 1172 1687 5591 1230 1688 5592 1697 1689 5593 1145 1690 5594 1146 1691 5595 1286 1692 5596 1147 1693 5597 1150 1694 5598 1148 1695 5599 1149 1696 5600 1148 1695 5601 1545 1697 5602 1149 1696 5603 1150 1694 5604 1151 1698 5605 1148 1695 5606 1148 1695 5607 1151 1698 5608 1553 1699 5609 1152 1700 5610 1153 1701 5611 1151 1698 5612 1153 1701 5613 1553 1699 5614 1151 1698 5615 1154 1702 5616 1552 1703 5617 1152 1700 5618 1552 1703 5619 1153 1701 5620 1152 1700 5621 1154 1702 5622 1155 1645 5623 1552 1703 5624 1552 1703 5625 1155 1645 5626 1666 1704 5627 1156 1644 5628 1549 1705 5629 1155 1645 5630 1549 1705 5631 1666 1704 5632 1155 1645 5633 1157 1706 5634 1474 1707 5635 1513 1708 5636 1157 1706 5637 1158 1709 5638 1474 1707 5639 1512 1710 5640 1516 1711 5641 1228 1712 5642 1694 1713 5643 1159 1714 5644 1229 1715 5645 1228 1712 5646 1516 1711 5647 1515 1716 5648 1516 1711 5649 1469 1717 5650 1515 1718 5651 1163 1719 5652 1162 1720 5653 1694 1713 5654 1694 1713 5655 1162 1720 5656 1159 1714 5657 1691 1721 5658 1161 1722 5659 1160 1723 5660 1161 1722 5661 1162 1720 5662 1160 1723 5663 1160 1723 5664 1162 1720 5665 1163 1719 5666 1693 1639 5667 1164 1724 5668 1691 1721 5669 1691 1721 5670 1164 1724 5671 1161 1722 5672 1690 1638 5673 1509 1725 5674 1693 1639 5675 1509 1725 5676 1164 1724 5677 1693 1639 5678 1320 1726 5679 1165 1727 5680 1463 1728 5681 1166 1729 5682 1463 1728 5683 1165 1727 5684 1166 1730 5685 1318 1731 5686 1167 1732 5687 1521 1733 5688 1167 1732 5689 1168 1734 5690 1168 1734 5691 1167 1732 5692 1318 1731 5693 1168 1734 5694 1173 1735 5695 1521 1733 5696 1521 1733 5697 1173 1735 5698 1459 1736 5699 1169 1737 5700 1522 1738 5701 1172 1687 5702 1169 1737 5703 1170 1739 5704 1730 1740 5705 1170 1739 5706 1171 1741 5707 1730 1740 5708 1172 1687 5709 1522 1738 5710 1173 1735 5711 1522 1738 5712 1459 1736 5713 1173 1735 5714 1175 1742 5715 1174 1743 5716 1171 1741 5717 1171 1741 5718 1174 1743 5719 1730 1740 5720 1174 1743 5721 1175 1742 5722 1179 1744 5723 1175 1742 5724 1176 1745 5725 1179 1744 5726 1177 1746 5727 1178 1747 5728 1176 1745 5729 1178 1747 5730 1179 1744 5731 1176 1745 5732 1181 1627 5733 1180 1748 5734 1177 1746 5735 1177 1746 5736 1180 1748 5737 1178 1747 5738 1129 1626 5739 1638 1749 5740 1181 1627 5741 1638 1749 5742 1180 1748 5743 1181 1627 5744 1182 706 5745 1358 880 5746 1528 1750 5747 1358 880 5748 1183 1751 5749 1528 1750 5750 1184 1752 5751 1528 1750 5752 1185 1753 5753 1185 1753 5754 1528 1750 5755 1183 1751 5756 1184 1752 5757 1185 1753 5758 1524 1754 5759 1185 1753 5760 1357 1755 5761 1524 1754 5762 1527 1756 5763 1524 1754 5764 1186 1757 5765 1186 1757 5766 1524 1754 5767 1357 1755 5768 1186 1757 5769 1187 1758 5770 1527 1756 5771 1527 1756 5772 1187 1758 5773 463 711 5774 1190 1759 5775 462 715 5776 1243 1760 5777 1244 720 5778 1529 719 5779 1240 1681 5780 1240 1681 5781 1529 719 5782 1187 1758 5783 1529 719 5784 463 711 5785 1187 1758 5786 1189 1761 5787 1188 717 5788 1190 1759 5789 1190 1759 5790 1188 717 5791 462 715 5792 1188 717 5793 1189 1761 5794 1191 718 5795 1189 1761 5796 1194 1762 5797 1191 718 5798 1192 1763 5799 1193 1764 5800 1194 1762 5801 1193 1764 5802 1191 718 5803 1194 1762 5804 1197 1765 5805 1195 1766 5806 1192 1763 5807 1192 1763 5808 1195 1766 5809 1193 1764 5810 1362 878 5811 1196 713 5812 1197 1765 5813 1196 713 5814 1195 1766 5815 1197 1765 5816 1813 875 5817 594 874 5818 1541 1767 5819 594 874 5820 1198 1768 5821 1541 1767 5822 1200 1769 5823 1541 1767 5824 1199 1770 5825 1199 1770 5826 1541 1767 5827 1198 1768 5828 1200 1769 5829 1199 1770 5830 1201 1771 5831 1199 1770 5832 1402 1772 5833 1201 1771 5834 1539 1773 5835 1201 1771 5836 1202 1774 5837 1202 1774 5838 1201 1771 5839 1402 1772 5840 1202 1774 5841 1251 1775 5842 1539 1773 5843 1539 1773 5844 1251 1775 5845 1540 1776 5846 1203 1777 5847 1204 1778 5848 1205 1779 5849 1204 1778 5850 1481 1780 5851 1205 1779 5852 1205 1779 5853 1481 1780 5854 1480 1781 5855 1206 1782 5856 1486 1783 5857 1203 1777 5858 1203 1777 5859 1486 1783 5860 1204 1778 5861 1486 1783 5862 1206 1782 5863 1208 1784 5864 1209 1785 5865 1533 1786 5866 1207 1787 5867 1407 1788 5868 1533 1786 5869 1209 1785 5870 1507 870 5871 1852 869 5872 1505 1789 5873 1852 869 5874 1210 1790 5875 1505 1789 5876 1506 1791 5877 1505 1789 5878 1857 1792 5879 1857 1792 5880 1505 1789 5881 1210 1790 5882 1506 1791 5883 1857 1792 5884 1501 1793 5885 1857 1792 5886 1435 1794 5887 1501 1793 5888 1500 1795 5889 1501 1793 5890 1211 1796 5891 1211 1796 5892 1501 1793 5893 1435 1794 5894 1211 1796 5895 1855 1797 5896 1500 1795 5897 1500 1795 5898 1855 1797 5899 1502 1798 5900 1212 1799 5901 1491 1800 5902 1213 1801 5903 1491 1800 5904 1489 1802 5905 1213 1801 5906 1213 1801 5907 1489 1802 5908 1490 1803 5909 1628 1804 5910 1452 1805 5911 1217 1806 5912 1452 1805 5913 1218 1807 5914 1217 1806 5915 1219 1808 5916 1217 1806 5917 1216 1809 5918 1216 1809 5919 1217 1806 5920 1218 1807 5921 1219 1808 5922 1216 1809 5923 1220 1810 5924 1216 1809 5925 1455 1811 5926 1220 1810 5927 1220 1810 5928 1455 1811 5929 1222 1812 5930 1455 1811 5931 1223 1813 5932 1222 1812 5933 1597 1814 5934 1222 1812 5935 1221 1815 5936 1221 1815 5937 1222 1812 5938 1223 1813 5939 1597 1814 5940 1221 1815 5941 1224 1816 5942 1221 1815 5943 1225 1648 5944 1224 1816 5945 1131 1647 5946 1598 1817 5947 1225 1648 5948 1598 1817 5949 1224 1816 5950 1225 1648 5951 1146 1691 5952 1147 1693 5953 1226 1818 5954 1227 1819 5955 1293 1820 5956 1291 1821 5957 1692 1822 5958 1228 1712 5959 1686 1823 5960 1692 1822 5961 1696 1824 5962 1228 1712 5963 1696 1824 5964 1229 1715 5965 1228 1712 5966 1228 1712 5967 1229 1715 5968 1512 1710 5969 1229 1715 5970 1159 1714 5971 1512 1710 5972 1230 1688 5973 1145 1690 5974 1695 1825 5975 1709 1826 5976 1231 1827 5977 1267 1828 5978 1309 1829 5979 1268 1830 5980 1266 1831 5981 1724 1832 5982 1232 1833 5983 1111 1834 5984 1169 1737 5985 1172 1687 5986 1170 1739 5987 1172 1687 5988 1233 1686 5989 1170 1739 5990 1170 1739 5991 1233 1686 5992 1234 1835 5993 1235 1836 5994 1324 1837 5995 1325 1838 5996 1142 1682 5997 1333 1684 5998 1236 1839 5999 1342 1840 6000 1343 1841 6001 1237 1842 6002 1238 1843 6003 1239 1844 6004 1344 1845 6005 1141 1679 6006 1240 1681 6007 1355 1846 6008 1241 1680 6009 1242 1847 6010 1240 1681 6011 1242 1847 6012 1243 1760 6013 1240 1681 6014 1240 1681 6015 1243 1760 6016 1244 720 6017 1243 1760 6018 462 715 6019 1244 720 6020 1139 1676 6021 1140 1678 6022 1368 1848 6023 1245 1670 6024 1138 1672 6025 1246 1849 6026 1247 1667 6027 1136 1669 6028 1248 1850 6029 1398 1851 6030 1249 1852 6031 1250 1853 6032 1249 1852 6033 1404 1854 6034 1250 1853 6035 1404 1854 6036 1205 1779 6037 1250 1853 6038 1205 1779 6039 1480 1781 6040 1250 1853 6041 1250 1853 6042 1480 1781 6043 1251 1775 6044 1480 1781 6045 1540 1776 6046 1251 1775 6047 1252 1664 6048 1253 1666 6049 1254 1855 6050 1255 1661 6051 1414 1663 6052 1831 1856 6053 1134 1655 6054 1256 1657 6055 1257 1857 6056 1854 1858 6057 1258 1859 6058 1259 1860 6059 1259 1860 6060 1258 1859 6061 1438 1861 6062 1438 1861 6063 1213 1801 6064 1259 1860 6065 1213 1801 6066 1490 1803 6067 1259 1860 6068 1259 1860 6069 1490 1803 6070 1855 1797 6071 1490 1803 6072 1502 1798 6073 1855 1797 6074 1661 1649 6075 1260 1651 6076 1261 1862 6077 1262 1863 6078 1682 1864 6079 1263 1865 6080 1682 1864 6081 1292 1866 6082 1263 1865 6083 1292 1866 6084 1264 1867 6085 1263 1865 6086 1263 1865 6087 1264 1867 6088 1265 1868 6089 1264 1867 6090 1130 1642 6091 1265 1868 6092 1697 1869 6093 1708 1870 6094 1706 1871 6095 1708 1870 6096 1705 1872 6097 1706 1871 6098 1705 1873 6099 1707 1874 6100 1703 1875 6101 1231 1827 6102 1266 1831 6103 1267 1828 6104 1266 1831 6105 1268 1830 6106 1267 1828 6107 1267 1828 6108 1268 1830 6109 1269 1876 6110 1268 1830 6111 1270 1877 6112 1269 1876 6113 1269 1876 6114 1270 1877 6115 1714 1878 6116 1270 1877 6117 1306 1879 6118 1714 1878 6119 1310 1880 6120 1111 1834 6121 1271 1881 6122 1111 1834 6123 1232 1833 6124 1271 1881 6125 1271 1881 6126 1232 1833 6127 1311 1882 6128 1232 1833 6129 1272 1883 6130 1311 1882 6131 1311 1882 6132 1272 1883 6133 1644 1884 6134 1272 1883 6135 1721 1885 6136 1644 1884 6137 1273 1886 6138 1274 1887 6139 1275 1888 6140 1274 1887 6141 1334 1889 6142 1275 1888 6143 1334 1889 6144 1332 1890 6145 1275 1888 6146 1275 1888 6147 1332 1890 6148 1329 1891 6149 1332 1890 6150 1330 1624 6151 1329 1891 6152 1276 1892 6153 1277 1893 6154 1278 1894 6155 1277 1893 6156 1279 1895 6157 1278 1894 6158 1279 1895 6159 1341 1896 6160 1278 1894 6161 1278 1894 6162 1341 1896 6163 1340 1897 6164 1341 1896 6165 1280 1621 6166 1340 1897 6167 1238 1898 6168 1354 1899 6169 1281 1900 6170 1354 1899 6171 1351 1901 6172 1281 1900 6173 1281 1900 6174 1351 1901 6175 1349 1902 6176 1351 1901 6177 1282 1619 6178 1349 1902 6179 1642 1643 6180 1155 1645 6181 1283 1903 6182 1283 1903 6183 1155 1645 6184 1284 1904 6185 1155 1645 6186 1285 1905 6187 1284 1904 6188 1284 1904 6189 1285 1905 6190 1147 1693 6191 1285 1905 6192 1149 1696 6193 1147 1693 6194 1147 1693 6195 1149 1696 6196 1226 1818 6197 1149 1696 6198 1545 1697 6199 1226 1818 6200 1226 1818 6201 1545 1697 6202 1544 1906 6203 1286 1907 6204 1262 1863 6205 1287 1908 6206 1262 1863 6207 1263 1865 6208 1287 1908 6209 1287 1908 6210 1263 1865 6211 1288 1909 6212 1263 1865 6213 1289 1910 6214 1288 1909 6215 1288 1909 6216 1289 1910 6217 1283 1911 6218 1130 1642 6219 1677 1641 6220 1265 1868 6221 1677 1641 6222 1289 1912 6223 1265 1868 6224 1880 1640 6225 1130 1642 6226 1294 1913 6227 1294 1913 6228 1130 1642 6229 1290 1914 6230 1130 1642 6231 1264 1867 6232 1290 1914 6233 1290 1914 6234 1264 1867 6235 1291 1821 6236 1264 1867 6237 1292 1866 6238 1291 1821 6239 1291 1821 6240 1292 1866 6241 1227 1819 6242 1292 1866 6243 1682 1864 6244 1227 1819 6245 1293 1820 6246 1686 1823 6247 1291 1821 6248 1686 1823 6249 1228 1712 6250 1291 1821 6251 1291 1821 6252 1228 1712 6253 1290 1914 6254 1228 1712 6255 1513 1915 6256 1290 1914 6257 1290 1914 6258 1513 1915 6259 1294 1913 6260 1513 1915 6261 1689 1916 6262 1294 1913 6263 1639 1637 6264 1693 1639 6265 1299 1917 6266 1299 1918 6267 1693 1919 6268 1295 1920 6269 1693 1919 6270 1694 1921 6271 1295 1920 6272 1295 1920 6273 1694 1921 6274 1296 1922 6275 1296 1922 6276 1694 1921 6277 1297 1923 6278 1694 1921 6279 1696 1924 6280 1297 1923 6281 1297 1923 6282 1695 1825 6283 1296 1922 6284 1695 1825 6285 1145 1690 6286 1296 1922 6287 1296 1922 6288 1145 1690 6289 1295 1920 6290 1145 1690 6291 1298 1925 6292 1295 1920 6293 1295 1920 6294 1298 1925 6295 1299 1918 6296 1298 1925 6297 1701 1926 6298 1299 1918 6299 1707 1874 6300 1702 1927 6301 1703 1875 6302 1702 1928 6303 1701 1929 6304 1703 1930 6305 1303 1931 6306 1707 1932 6307 1302 1933 6308 1707 1932 6309 1705 1934 6310 1302 1933 6311 1302 1933 6312 1705 1934 6313 1301 1935 6314 1301 1935 6315 1705 1934 6316 1300 1936 6317 1705 1934 6318 1708 1937 6319 1300 1936 6320 1300 1936 6321 1709 1826 6322 1301 1935 6323 1709 1826 6324 1267 1828 6325 1301 1935 6326 1301 1935 6327 1267 1828 6328 1302 1933 6329 1267 1828 6330 1269 1876 6331 1302 1933 6332 1302 1933 6333 1269 1876 6334 1303 1931 6335 1269 1876 6336 1304 1938 6337 1303 1931 6338 1306 1879 6339 1713 1939 6340 1714 1878 6341 1713 1940 6342 1304 1941 6343 1714 1942 6344 1305 1943 6345 1306 1944 6346 1307 1945 6347 1306 1944 6348 1717 1946 6349 1307 1945 6350 1307 1945 6351 1717 1946 6352 1308 1947 6353 1717 1948 6354 1309 1949 6355 1308 1950 6356 1308 1951 6357 1310 1880 6358 1718 1952 6359 1310 1880 6360 1271 1881 6361 1718 1952 6362 1271 1881 6363 1311 1882 6364 1718 1952 6365 1718 1952 6366 1311 1882 6367 1312 1953 6368 1311 1882 6369 1313 1954 6370 1312 1953 6371 1312 1953 6372 1313 1954 6373 1305 1955 6374 1721 1956 6375 1314 1957 6376 1644 1958 6377 1314 1957 6378 1313 1959 6379 1644 1958 6380 567 1960 6381 1721 1961 6382 1317 1962 6383 1721 1961 6384 1315 1963 6385 1317 1962 6386 1317 1962 6387 1315 1963 6388 1316 1964 6389 1315 1963 6390 1724 1965 6391 1316 1964 6392 1316 1964 6393 1144 1685 6394 1317 1962 6395 1144 1685 6396 1172 1687 6397 1317 1962 6398 1172 1687 6399 1318 1966 6400 1317 1962 6401 1317 1962 6402 1318 1966 6403 1319 1967 6404 1318 1966 6405 1320 884 6406 1319 1967 6407 1319 1967 6408 1320 884 6409 567 886 6410 1321 1625 6411 1181 1627 6412 1322 1968 6413 1181 1627 6414 1323 1969 6415 1322 1968 6416 1322 1968 6417 1323 1969 6418 1324 1837 6419 1323 1969 6420 1170 1739 6421 1324 1837 6422 1324 1837 6423 1170 1739 6424 1325 1838 6425 1170 1739 6426 1234 1835 6427 1325 1838 6428 1235 1970 6429 1273 1886 6430 1326 1971 6431 1273 1886 6432 1275 1888 6433 1326 1971 6434 1326 1971 6435 1275 1888 6436 1327 1972 6437 1275 1888 6438 1328 929 6439 1327 1972 6440 1327 1972 6441 1328 929 6442 1321 883 6443 1330 1624 6444 1128 1623 6445 1329 1891 6446 1128 1623 6447 1328 1973 6448 1329 1891 6449 1338 1622 6450 1330 1624 6451 1331 1974 6452 1330 1624 6453 1332 1890 6454 1331 1974 6455 1331 1974 6456 1332 1890 6457 1333 1684 6458 1332 1890 6459 1334 1889 6460 1333 1684 6461 1333 1684 6462 1334 1889 6463 1236 1839 6464 1334 1889 6465 1274 1887 6466 1236 1839 6467 1143 1975 6468 1276 1892 6469 1335 1976 6470 1276 1892 6471 1278 1894 6472 1335 1976 6473 1335 1976 6474 1278 1894 6475 1336 1977 6476 1278 1894 6477 1337 931 6478 1336 1977 6479 1336 1977 6480 1337 931 6481 1338 930 6482 1280 1621 6483 1339 1620 6484 1340 1897 6485 1339 1620 6486 1337 1978 6487 1340 1897 6488 1347 932 6489 1280 1621 6490 1345 1979 6491 1280 1621 6492 1341 1896 6493 1345 1979 6494 1345 1979 6495 1341 1896 6496 1237 1842 6497 1341 1896 6498 1279 1895 6499 1237 1842 6500 1237 1842 6501 1279 1895 6502 1342 1840 6503 1279 1895 6504 1277 1893 6505 1342 1840 6506 1343 1841 6507 1344 1845 6508 1237 1842 6509 1344 1845 6510 1239 1844 6511 1237 1842 6512 1237 1842 6513 1239 1844 6514 1345 1979 6515 1239 1844 6516 1346 1980 6517 1345 1979 6518 1345 1979 6519 1346 1980 6520 1347 932 6521 1346 1980 6522 1348 933 6523 1347 932 6524 1282 1619 6525 1127 1618 6526 1349 1902 6527 1127 1618 6528 1348 1981 6529 1349 1902 6530 1350 1617 6531 1282 1619 6532 1356 1982 6533 1282 1619 6534 1351 1901 6535 1356 1982 6536 1356 1982 6537 1351 1901 6538 1352 1983 6539 1352 1983 6540 1351 1901 6541 1353 1984 6542 1351 1901 6543 1354 1899 6544 1353 1984 6545 1353 1984 6546 1355 1846 6547 1352 1983 6548 1355 1846 6549 1240 1681 6550 1352 1983 6551 1352 1983 6552 1240 1681 6553 1356 1982 6554 1240 1681 6555 1357 1985 6556 1356 1982 6557 1356 1982 6558 1357 1985 6559 1350 1617 6560 1357 1985 6561 1358 1986 6562 1350 1617 6563 1242 1987 6564 1359 1988 6565 1360 1989 6566 1359 1988 6567 1367 1990 6568 1360 1989 6569 1367 1990 6570 1366 1991 6571 1360 1989 6572 1360 1989 6573 1366 1991 6574 1361 1992 6575 1366 1991 6576 1364 879 6577 1361 1992 6578 1361 1992 6579 1364 879 6580 1362 878 6581 1363 1993 6582 1364 879 6583 1365 1994 6584 1364 879 6585 1366 1991 6586 1365 1994 6587 1365 1994 6588 1366 1991 6589 1140 1678 6590 1366 1991 6591 1367 1990 6592 1140 1678 6593 1140 1678 6594 1367 1990 6595 1368 1848 6596 1367 1990 6597 1359 1988 6598 1368 1848 6599 588 1614 6600 1370 1616 6601 1369 1995 6602 1369 1995 6603 1370 1616 6604 1374 1996 6605 1370 1616 6606 1371 1997 6607 1374 1996 6608 1374 1996 6609 1371 1997 6610 1373 1673 6611 1371 1997 6612 1372 1998 6613 1373 1673 6614 1373 1673 6615 1375 1675 6616 1374 1996 6617 1375 1675 6618 1376 1999 6619 1374 1996 6620 1374 1996 6621 1376 1999 6622 1377 2000 6623 1376 1999 6624 1378 2001 6625 1377 2000 6626 1377 2000 6627 1378 2001 6628 1369 2002 6629 1378 2003 6630 1379 2004 6631 1904 2005 6632 1904 2005 6633 1379 2004 6634 1386 2006 6635 1379 2004 6636 1380 2007 6637 1386 2006 6638 1386 2006 6639 1380 2007 6640 1381 2008 6641 1381 2008 6642 1380 2007 6643 1786 2009 6644 1380 2007 6645 1382 2010 6646 1786 2009 6647 590 1611 6648 1384 1613 6649 1383 2011 6650 1383 2011 6651 1384 1613 6652 1385 2012 6653 1384 1613 6654 1386 2006 6655 1385 2012 6656 1385 2012 6657 1386 2006 6658 1138 1672 6659 1386 2006 6660 1381 2008 6661 1138 1672 6662 1138 1672 6663 1381 2008 6664 1246 1849 6665 1381 2008 6666 1786 2009 6667 1246 1849 6668 1137 2013 6669 1392 2014 6670 1387 2015 6671 1392 2014 6672 1391 2016 6673 1387 2015 6674 1387 2015 6675 1391 2016 6676 1388 2017 6677 1391 2016 6678 1389 2018 6679 1388 2017 6680 1388 2017 6681 1389 2018 6682 1383 2019 6683 1389 2020 6684 1126 2021 6685 1390 2022 6686 1390 2022 6687 1126 2021 6688 1395 2023 6689 1126 2021 6690 1391 2016 6691 1395 2023 6692 1395 2023 6693 1391 2016 6694 1396 2024 6695 1396 2024 6696 1391 2016 6697 1794 2025 6698 1391 2016 6699 1392 2014 6700 1794 2025 6701 593 1608 6702 1125 1610 6703 1393 2026 6704 1393 2026 6705 1125 1610 6706 1394 2027 6707 1125 1610 6708 1395 2023 6709 1394 2027 6710 1394 2027 6711 1395 2023 6712 1136 1669 6713 1395 2023 6714 1396 2024 6715 1136 1669 6716 1136 1669 6717 1396 2024 6718 1248 1850 6719 1396 2024 6720 1794 2025 6721 1248 1850 6722 1397 2028 6723 1398 1851 6724 1399 2029 6725 1398 1851 6726 1403 2030 6727 1399 2029 6728 1399 2029 6729 1403 2030 6730 1400 2031 6731 1403 2030 6732 1401 2032 6733 1400 2031 6734 1400 2031 6735 1401 2032 6736 1393 2033 6737 1401 2034 6738 1124 2035 6739 594 2036 6740 594 2036 6741 1124 2035 6742 1402 2037 6743 1124 2035 6744 1403 2030 6745 1402 2037 6746 1402 2037 6747 1403 2030 6748 1250 1853 6749 1250 1853 6750 1403 2030 6751 1398 1851 6752 1404 1854 6753 1254 1855 6754 1205 1779 6755 1254 1855 6756 1253 1666 6757 1205 1779 6758 1205 1779 6759 1253 1666 6760 1405 2038 6761 1253 1666 6762 1406 2039 6763 1405 2038 6764 1405 2038 6765 1406 2039 6766 1407 872 6767 1406 2039 6768 1122 873 6769 1407 872 6770 1122 2040 6771 1123 2041 6772 1408 2042 6773 1408 2042 6774 1123 2041 6775 1412 2043 6776 1123 2041 6777 1409 2044 6778 1412 2043 6779 1412 2043 6780 1409 2044 6781 1822 2045 6782 1409 2044 6783 1135 2046 6784 1822 2045 6785 596 1605 6786 1411 1607 6787 1410 2047 6788 1410 2047 6789 1411 1607 6790 1415 2048 6791 1411 1607 6792 1412 2043 6793 1415 2048 6794 1415 2048 6795 1412 2043 6796 1413 2049 6797 1413 2049 6798 1412 2043 6799 1822 2045 6800 1822 2045 6801 1831 1856 6802 1413 2049 6803 1831 1856 6804 1414 1663 6805 1413 2049 6806 1413 2049 6807 1414 1663 6808 1415 2048 6809 1414 1663 6810 1416 2050 6811 1415 2048 6812 1415 2048 6813 1416 2050 6814 1410 2047 6815 1416 2050 6816 1826 2051 6817 1410 2047 6818 1826 2052 6819 1418 2053 6820 1417 2054 6821 1417 2055 6822 1418 2056 6823 1419 2057 6824 1418 2056 6825 1832 2058 6826 1419 2057 6827 1419 2057 6828 1832 2058 6829 1420 2059 6830 1832 2060 6831 1421 2061 6832 1420 2062 6833 599 1602 6834 1121 1604 6835 1836 2063 6836 1836 2063 6837 1121 1604 6838 1422 2064 6839 1121 1604 6840 1833 2065 6841 1422 2064 6842 1422 2064 6843 1833 2065 6844 1423 1660 6845 1423 1660 6846 1833 2065 6847 1420 1658 6848 1424 2066 6849 1430 2067 6850 1839 2068 6851 1430 2067 6852 1425 2069 6853 1839 2068 6854 1425 2069 6855 1429 2070 6856 1839 2068 6857 1839 2068 6858 1429 2070 6859 1426 2071 6860 1429 2070 6861 1427 2072 6862 1426 2071 6863 1426 2071 6864 1427 2072 6865 1836 2073 6866 1427 2074 6867 1120 2075 6868 1840 2076 6869 1840 2077 6870 1120 2078 6871 1428 2079 6872 1120 2078 6873 1429 2070 6874 1428 2079 6875 1428 2079 6876 1429 2070 6877 1256 1657 6878 1429 2070 6879 1425 2069 6880 1256 1657 6881 1256 1657 6882 1425 2069 6883 1257 1857 6884 1425 2069 6885 1430 2067 6886 1257 1857 6887 1119 1599 6888 1432 1601 6889 1431 2080 6890 1431 2080 6891 1432 1601 6892 1433 2081 6893 1432 1601 6894 1845 2082 6895 1433 2081 6896 1433 2081 6897 1845 2082 6898 1844 2083 6899 1845 2084 6900 1843 2085 6901 1844 2086 6902 1844 2087 6903 1096 2088 6904 1851 2089 6905 1096 2088 6906 1437 2090 6907 1851 2089 6908 1437 2090 6909 1436 2091 6910 1851 2089 6911 1851 2089 6912 1436 2091 6913 1434 2092 6914 1436 2091 6915 1847 2093 6916 1434 2092 6917 1434 2092 6918 1847 2093 6919 1431 2094 6920 1118 1596 6921 1632 1598 6922 1852 2095 6923 1852 2096 6924 1632 2097 6925 1435 2098 6926 1632 2097 6927 1436 2091 6928 1435 2098 6929 1435 2098 6930 1436 2091 6931 1259 1860 6932 1436 2091 6933 1437 2090 6934 1259 1860 6935 1259 1860 6936 1437 2090 6937 1854 1858 6938 1437 2090 6939 1096 2088 6940 1854 1858 6941 1438 1652 6942 1133 1654 6943 1856 2099 6944 1133 1654 6945 1439 2100 6946 1856 2099 6947 1856 2099 6948 1439 2100 6949 1440 2101 6950 1439 2100 6951 1441 2102 6952 1440 2101 6953 1440 2101 6954 1441 2102 6955 1494 867 6956 1117 1593 6957 1858 1595 6958 1865 2103 6959 1865 2104 6960 1858 2105 6961 1446 2106 6962 1858 2105 6963 1442 2107 6964 1446 2106 6965 1446 2106 6966 1442 2107 6967 1447 2108 6968 1447 2108 6969 1442 2107 6970 1448 2109 6971 1442 2107 6972 1860 2110 6973 1448 2109 6974 604 1590 6975 1444 1592 6976 1443 2111 6977 1443 2111 6978 1444 1592 6979 1445 2112 6980 1444 1592 6981 1446 2106 6982 1445 2112 6983 1445 2112 6984 1446 2106 6985 1260 1651 6986 1446 2106 6987 1447 2108 6988 1260 1651 6989 1260 1651 6990 1447 2108 6991 1261 1862 6992 1447 2108 6993 1448 2109 6994 1261 1862 6995 1132 2113 6996 1458 2114 6997 1449 2115 6998 1458 2114 6999 1456 2116 7000 1449 2115 7001 1449 2115 7002 1456 2116 7003 1450 2117 7004 1456 2116 7005 1451 2118 7006 1450 2117 7007 1450 2117 7008 1451 2118 7009 1082 2119 7010 1453 1587 7011 1454 1589 7012 1452 2120 7013 1452 2120 7014 1454 1589 7015 1455 2121 7016 1454 1589 7017 1456 2116 7018 1455 2121 7019 1455 2121 7020 1456 2116 7021 1225 1648 7022 1225 1648 7023 1456 2116 7024 1457 1646 7025 1456 2116 7026 1458 2114 7027 1457 1646 7028 1522 1738 7029 1169 1737 7030 1459 1736 7031 1466 2122 7032 1 2 7033 1460 2123 7034 1 2 7035 1459 1736 7036 1460 2123 7037 1 2 7038 217 8 7039 1461 407 7040 1461 407 7041 1462 2124 7042 1 2 7043 1462 2124 7044 1463 2125 7045 1 2 7046 1463 2125 7047 1464 2126 7048 1 2 7049 1464 2126 7050 1521 1733 7051 1 2 7052 1521 1733 7053 1459 1736 7054 1 2 7055 1465 2127 7056 1466 2122 7057 1460 2123 7058 1465 2127 7059 1174 1743 7060 1466 2122 7061 1466 2122 7062 1174 1743 7063 1179 1744 7064 1179 1744 7065 1467 2128 7066 1466 2122 7067 566 400 7068 218 13 7069 1468 2129 7070 218 13 7071 1466 2122 7072 1468 2129 7073 1468 2129 7074 1466 2122 7075 1467 2128 7076 1469 1717 7077 1516 1711 7078 1512 1710 7079 1512 1710 7080 1159 1714 7081 1469 1717 7082 181 348 7083 184 2130 7084 1159 1714 7085 184 2130 7086 1469 1717 7087 1159 1714 7088 1475 2131 7089 235 345 7090 1470 406 7091 1470 406 7092 1471 2132 7093 1475 2131 7094 1475 2131 7095 1471 2132 7096 1472 2133 7097 1472 2133 7098 1473 2134 7099 1475 2131 7100 1473 2134 7101 1474 2135 7102 1475 2131 7103 1474 2135 7104 1469 2136 7105 1475 2131 7106 1476 2137 7107 181 348 7108 1159 1714 7109 1476 2137 7110 1162 2138 7111 181 348 7112 181 348 7113 1162 2138 7114 1477 2139 7115 1477 2139 7116 1478 2140 7117 181 348 7118 568 402 7119 223 347 7120 1479 2141 7121 223 347 7122 181 348 7123 1479 2141 7124 1479 2141 7125 181 348 7126 1478 2140 7127 1540 1776 7128 1480 1781 7129 1481 1780 7130 1485 2142 7131 190 368 7132 1481 1780 7133 190 368 7134 1540 1776 7135 1481 1780 7136 190 368 7137 1482 369 7138 1536 389 7139 1536 389 7140 1542 2143 7141 190 368 7142 1542 2143 7143 1541 2144 7144 190 368 7145 1541 2144 7146 1483 2145 7147 190 368 7148 1483 2145 7149 1539 1773 7150 190 368 7151 1539 1773 7152 1540 1776 7153 190 368 7154 1484 2146 7155 1485 2142 7156 1481 1780 7157 1484 2146 7158 1486 1783 7159 1485 2142 7160 1485 2142 7161 1486 1783 7162 1208 1784 7163 1208 1784 7164 1488 2147 7165 1485 2142 7166 199 380 7167 197 371 7168 1487 2148 7169 197 371 7170 1485 2142 7171 1487 2148 7172 1487 2148 7173 1485 2142 7174 1488 2147 7175 1502 1798 7176 1490 1803 7177 1489 1802 7178 1489 1802 7179 1491 1800 7180 1502 1798 7181 1502 1798 7182 1491 1800 7183 117 244 7184 1491 1800 7185 1492 2149 7186 117 244 7187 563 386 7188 117 244 7189 1493 245 7190 563 386 7191 1508 2150 7192 117 244 7193 1508 2150 7194 1505 2151 7195 117 244 7196 1505 2151 7197 1501 2152 7198 117 244 7199 1501 2152 7200 1500 1795 7201 117 244 7202 1500 1795 7203 1502 1798 7204 117 244 7205 211 387 7206 210 27 7207 1494 867 7208 210 27 7209 1492 2149 7210 1494 867 7211 1440 2101 7212 1494 867 7213 1492 2149 7214 1856 2153 7215 1492 2149 7216 1491 1800 7217 1856 2153 7218 1495 2154 7219 1492 2149 7220 1492 2149 7221 1495 2154 7222 1496 2155 7223 1496 2155 7224 1440 2101 7225 1492 2149 7226 457 461 7227 255 455 7228 458 454 7229 255 455 7230 455 452 7231 458 454 7232 1504 2156 7233 1490 2157 7234 1500 2158 7235 1501 2159 7236 1503 2160 7237 1504 2156 7238 1500 2161 7239 1503 2160 7240 1501 2159 7241 1500 2158 7242 1501 2159 7243 1504 2156 7244 1501 2162 7245 1506 2163 7246 1505 2164 7247 1509 1725 7248 1478 2165 7249 1164 1724 7250 1164 1724 7251 1478 2165 7252 1510 2166 7253 1478 2165 7254 1162 2167 7255 1510 2166 7256 1510 2166 7257 1162 2167 7258 1511 2168 7259 1511 2168 7260 1162 2167 7261 1512 2169 7262 1516 2170 7263 1474 2171 7264 1515 2172 7265 1515 2173 7266 1474 2174 7267 1513 2175 7268 1474 2135 7269 1473 2134 7270 1513 2176 7271 1514 2177 7272 1474 2178 7273 1515 2179 7274 1520 2180 7275 1521 2181 7276 1167 2182 7277 1519 2183 7278 1521 2184 7279 1520 2185 7280 1521 2186 7281 1522 2187 7282 1520 2188 7283 1529 2189 7284 1527 2190 7285 1526 2191 7286 1526 2192 7287 1527 2193 7288 1524 2194 7289 1527 2195 7290 1525 2196 7291 1524 2197 7292 454 709 7293 1527 2198 7294 1526 710 7295 1813 875 7296 1543 2199 7297 1536 876 7298 1201 2200 7299 1538 2201 7300 1539 2202 7301 1201 2203 7302 1200 2204 7303 1541 2205 7304 1813 875 7305 1542 2206 7306 1543 2199 7307 1544 1906 7308 1545 1697 7309 1548 2207 7310 1545 2208 7311 1669 2209 7312 1148 2210 7313 1553 2211 7314 1550 2212 7315 1546 2213 7316 1551 2214 7317 1552 2215 7318 1547 2216 7319 1549 2217 7320 1550 2212 7321 1666 2218 7322 1666 2218 7323 1550 2212 7324 1551 2219 7325 1550 2212 7326 1553 2211 7327 1551 2219 7328 1549 2220 7329 1552 2221 7330 1666 2222 7331 1552 2215 7332 1551 2214 7333 1666 2223 7334 1547 2224 7335 1549 2225 7336 1552 2226 7337 1563 899 7338 1566 2227 7339 1549 901 7340 658 1076 7341 895 1080 7342 1555 2228 7343 895 1080 7344 1554 2229 7345 1555 2228 7346 658 1076 7347 1555 2228 7348 1548 2230 7349 1548 2230 7350 1557 2231 7351 658 1076 7352 1556 2232 7353 1553 2233 7354 818 2234 7355 1556 2232 7356 818 2234 7357 1557 2235 7358 1557 2235 7359 818 2234 7360 656 2236 7361 1553 2233 7362 1559 2237 7363 818 2234 7364 1559 2237 7365 656 1074 7366 818 2234 7367 900 1403 7368 656 1074 7369 1558 2238 7370 656 1074 7371 1559 2237 7372 1558 2238 7373 1558 2238 7374 1550 2239 7375 900 1403 7376 1550 2239 7377 1560 1070 7378 900 1403 7379 1550 2239 7380 1552 2240 7381 1560 1070 7382 1552 2240 7383 1561 2241 7384 1560 1070 7385 1560 2242 7386 1561 2243 7387 654 2244 7388 1552 2240 7389 1547 2245 7390 1561 2241 7391 1547 2245 7392 654 1067 7393 1561 2241 7394 1565 825 7395 654 1067 7396 1562 2246 7397 654 1067 7398 1547 2245 7399 1562 2246 7400 1565 825 7401 1562 2246 7402 507 826 7403 507 826 7404 1562 2246 7405 1566 2227 7406 1567 2247 7407 1580 2248 7408 1568 2249 7409 1609 2250 7410 1569 2251 7411 1570 2252 7412 1614 2253 7413 1571 2254 7414 1572 2255 7415 1615 2256 7416 1572 2257 7417 1574 2258 7418 1573 2259 7419 1574 2260 7420 1576 2261 7421 1575 2262 7422 1576 2263 7423 1578 2264 7424 1577 2265 7425 1578 2266 7426 1582 2267 7427 1567 2268 7428 1580 2269 7429 1579 2270 7430 1580 2271 7431 1584 2272 7432 1583 2273 7433 1583 2273 7434 1584 2272 7435 1877 2274 7436 1877 2274 7437 1584 2272 7438 1614 2275 7439 1584 2272 7440 1615 2276 7441 1614 2275 7442 1614 2277 7443 1615 2278 7444 1616 2279 7445 1615 2280 7446 1585 2281 7447 1616 2279 7448 1616 2279 7449 1585 2281 7450 1586 2282 7451 1585 2281 7452 1578 2283 7453 1586 2282 7454 1578 2283 7455 1582 2284 7456 1586 2282 7457 1587 2285 7458 1606 2286 7459 1567 2287 7460 1569 2288 7461 1589 2289 7462 1588 2290 7463 1606 2291 7464 1567 2292 7465 1568 2293 7466 1567 2294 7467 1593 2295 7468 1568 2296 7469 1593 2295 7470 1614 2277 7471 1568 2296 7472 1568 2296 7473 1614 2277 7474 1594 2297 7475 1614 2277 7476 1616 2279 7477 1594 2297 7478 1594 2297 7479 1616 2279 7480 1595 2298 7481 1616 2279 7482 1586 2282 7483 1595 2298 7484 1564 2299 7485 1566 2227 7486 1563 899 7487 1596 823 7488 507 826 7489 1566 2227 7490 1596 823 7491 1566 2227 7492 1564 2299 7493 1597 2300 7494 1598 2301 7495 1224 2302 7496 1220 1810 7497 1600 2303 7498 1219 1808 7499 1604 2304 7500 1601 2305 7501 1602 2306 7502 1601 2305 7503 1605 2307 7504 1602 2306 7505 1605 2307 7506 1222 2308 7507 1627 2309 7508 1222 2308 7509 1599 2310 7510 1627 2309 7511 1603 2311 7512 1628 945 7513 1604 2312 7514 1604 2304 7515 1217 2313 7516 1601 2305 7517 1217 2314 7518 1605 2307 7519 1601 2305 7520 1599 2315 7521 1598 2316 7522 1092 2317 7523 1628 1804 7524 1217 1806 7525 1601 2318 7526 1606 915 7527 605 916 7528 1630 2319 7529 496 815 7530 1567 2320 7531 508 816 7532 500 817 7533 1607 2321 7534 496 815 7535 496 815 7536 1607 2321 7537 1567 2320 7538 1608 2322 7539 1610 2323 7540 500 817 7541 1610 2323 7542 1609 2324 7543 500 817 7544 500 817 7545 1609 2324 7546 1607 2321 7547 1611 2325 7548 1612 2326 7549 1610 2323 7550 1610 2323 7551 1612 2326 7552 1609 2324 7553 1613 2327 7554 1614 2328 7555 1611 2325 7556 1611 2325 7557 1614 2328 7558 1612 2326 7559 1617 2329 7560 1615 2330 7561 1613 2327 7562 1613 2327 7563 1615 2330 7564 1614 2328 7565 1615 2330 7566 1617 2329 7567 1616 2331 7568 1616 2331 7569 1617 2329 7570 1620 2332 7571 1618 2333 7572 1616 2331 7573 1619 2334 7574 1616 2331 7575 1620 2332 7576 1619 2334 7577 1618 2333 7578 1619 2334 7579 1621 2335 7580 1621 2335 7581 1619 2334 7582 503 821 7583 1874 2336 7584 1621 2335 7585 1622 822 7586 1621 2335 7587 503 821 7588 1622 822 7589 1874 2336 7590 1622 822 7591 1582 2337 7592 661 1083 7593 659 1086 7594 662 1088 7595 662 2338 7596 664 2339 7597 1623 2340 7598 1625 1081 7599 661 1083 7600 1626 2341 7601 661 1083 7602 662 1088 7603 1626 2341 7604 662 1088 7605 666 1090 7606 1624 2342 7607 666 1090 7608 664 1092 7609 1624 2342 7610 1624 2342 7611 664 1092 7612 669 2343 7613 664 2344 7614 511 2345 7615 669 2346 7616 1624 2342 7617 669 2343 7618 1602 2306 7619 669 2343 7620 511 2347 7621 1602 2306 7622 1626 2341 7623 662 1088 7624 1627 2309 7625 662 1088 7626 1624 2342 7627 1627 2309 7628 1627 2309 7629 1624 2342 7630 1605 2307 7631 1624 2342 7632 1602 2306 7633 1605 2307 7634 1625 1081 7635 1626 2341 7636 1599 2310 7637 1626 2341 7638 1627 2309 7639 1599 2310 7640 1630 2319 7641 605 916 7642 1603 2311 7643 1603 2311 7644 605 916 7645 1628 945 7646 1630 2348 7647 511 829 7648 510 827 7649 1867 2349 7650 1866 2350 7651 1631 2351 7652 1925 2352 7653 1441 2353 7654 1858 2354 7655 1922 2355 7656 1847 2356 7657 1632 2357 7658 1848 2358 7659 1431 2359 7660 1849 2360 7661 1918 2361 7662 1427 2362 7663 1120 2363 7664 1914 2364 7665 1826 2365 7666 1418 2366 7667 1827 2367 7668 1410 2368 7669 1828 2369 7670 1913 2370 7671 1122 2371 7672 1123 2372 7673 1909 2373 7674 1803 2374 7675 1633 2375 7676 1390 2376 7677 1634 2377 7678 1635 2378 7679 1904 2379 7680 1782 2380 7681 1783 2381 7682 1781 2382 7683 588 2383 7684 1774 2384 7685 1901 2385 7686 1766 2386 7687 1636 2387 7688 1764 2388 7689 1756 2389 7690 1656 2390 7691 1749 2391 7692 1637 2392 7693 1750 2393 7694 1740 2394 7695 1738 2395 7696 1741 2396 7697 1893 2397 7698 1638 2398 7699 1648 2399 7700 1888 2400 7701 1314 2401 7702 1721 2402 7703 1887 2403 7704 1713 2404 7705 1306 2405 7706 1884 2406 7707 1702 2407 7708 1707 2408 7709 1642 2409 7710 1665 2410 7711 1671 2411 7712 1111 2412 7713 1724 1965 7714 1643 2413 7715 1724 1965 7716 1315 1963 7717 1643 2413 7718 1643 2413 7719 1315 1963 7720 1644 2414 7721 1315 1963 7722 1721 1961 7723 1644 2414 7724 1725 2415 7725 1645 2416 7726 1646 2417 7727 1645 2416 7728 1730 2418 7729 1646 2417 7730 1646 2417 7731 1730 2418 7732 1647 2419 7733 1730 2418 7734 1648 2399 7735 1647 2419 7736 1732 2420 7737 1743 2421 7738 1649 2422 7739 1743 2421 7740 1742 2423 7741 1649 2422 7742 1649 2422 7743 1742 2423 7744 1739 2424 7745 1742 2423 7746 1741 2396 7747 1739 2424 7748 1744 2425 7749 1650 2426 7750 1651 2427 7751 1650 2426 7752 1751 2428 7753 1651 2427 7754 1651 2427 7755 1751 2428 7756 1652 2429 7757 1751 2428 7758 1750 2393 7759 1652 2429 7760 1653 2430 7761 1758 2431 7762 1654 2432 7763 1758 2431 7764 1757 2433 7765 1654 2432 7766 1654 2432 7767 1757 2433 7768 1655 2434 7769 1757 2433 7770 1656 2390 7771 1655 2434 7772 1760 2435 7773 1657 2436 7774 1658 2437 7775 1657 2436 7776 1767 2438 7777 1658 2437 7778 1658 2437 7779 1767 2438 7780 1659 2439 7781 1767 2438 7782 1636 2387 7783 1659 2439 7784 1769 2440 7785 1101 2441 7786 1660 2442 7787 1101 2441 7788 1776 2443 7789 1660 2442 7790 1660 2442 7791 1776 2443 7792 1775 2444 7793 1776 2443 7794 1774 2384 7795 1775 2444 7796 1438 2445 7797 1860 2446 7798 1491 2447 7799 1860 2446 7800 1859 2448 7801 1491 2447 7802 1491 2447 7803 1859 2448 7804 1497 2449 7805 1859 2448 7806 1858 2450 7807 1497 2449 7808 1661 2451 7809 1662 2452 7810 1663 2453 7811 1662 2452 7812 1869 2454 7813 1663 2453 7814 1663 2453 7815 1869 2454 7816 1664 2455 7817 1869 2454 7818 1631 2351 7819 1664 2455 7820 1549 2456 7821 1666 2457 7822 1665 2458 7823 1665 2458 7824 1666 2457 7825 1667 2459 7826 1667 2459 7827 1666 2457 7828 1668 2460 7829 1666 2457 7830 1669 2461 7831 1668 2460 7832 1668 2460 7833 1669 2461 7834 1670 2462 7835 1669 2461 7836 1544 2463 7837 1670 2462 7838 1642 2409 7839 1671 2411 7840 1676 2464 7841 1676 2464 7842 1671 2411 7843 1672 2465 7844 1672 2465 7845 1671 2411 7846 1673 2466 7847 1671 2411 7848 1668 2460 7849 1673 2466 7850 1673 2466 7851 1668 2460 7852 1674 2467 7853 1668 2460 7854 1670 2462 7855 1674 2467 7856 1674 2467 7857 1682 2468 7858 1673 2466 7859 1682 2468 7860 1680 2469 7861 1673 2466 7862 1673 2466 7863 1680 2469 7864 1672 2465 7865 1680 2469 7866 1675 2470 7867 1672 2465 7868 1672 2465 7869 1675 2470 7870 1676 2464 7871 1675 2470 7872 1641 2471 7873 1676 2464 7874 1641 2472 7875 1678 2473 7876 1677 2474 7877 1677 2474 7878 1678 2473 7879 1679 2475 7880 1679 2475 7881 1678 2473 7882 1685 2476 7883 1678 2473 7884 1680 2469 7885 1685 2476 7886 1685 2476 7887 1680 2469 7888 1681 2477 7889 1680 2469 7890 1682 2468 7891 1681 2477 7892 1880 2478 7893 1683 2479 7894 1294 2480 7895 1294 2480 7896 1683 2479 7897 1687 2481 7898 1687 2481 7899 1683 2479 7900 1684 2482 7901 1683 2479 7902 1685 2476 7903 1684 2482 7904 1684 2482 7905 1685 2476 7906 1686 2483 7907 1685 2476 7908 1681 2477 7909 1686 2483 7910 1686 2483 7911 1692 2484 7912 1684 2482 7913 1692 2484 7914 1515 2485 7915 1684 2482 7916 1684 2482 7917 1515 2485 7918 1687 2481 7919 1515 2485 7920 1688 2486 7921 1687 2481 7922 1687 2481 7923 1688 2486 7924 1294 2480 7925 1688 2486 7926 1689 2487 7927 1294 2480 7928 1689 2488 7929 1472 2489 7930 1690 2490 7931 1690 2490 7932 1472 2489 7933 1691 2491 7934 1691 2491 7935 1472 2489 7936 1694 2492 7937 1472 2489 7938 1469 2493 7939 1694 2492 7940 1694 2492 7941 1469 2493 7942 1696 2494 7943 1469 2493 7944 1692 2495 7945 1696 2494 7946 1299 2496 7947 1693 2497 7948 1699 2498 7949 1699 2498 7950 1693 2497 7951 1698 2499 7952 1693 2497 7953 1694 2500 7954 1698 2499 7955 1698 2499 7956 1694 2500 7957 1695 2501 7958 1694 2500 7959 1696 2502 7960 1695 2501 7961 1695 2501 7962 1697 1869 7963 1698 2499 7964 1697 1869 7965 1706 1871 7966 1698 2499 7967 1698 2499 7968 1706 1871 7969 1699 2498 7970 1706 1871 7971 1700 2503 7972 1699 2498 7973 1699 2498 7974 1700 2503 7975 1299 2496 7976 1700 2503 7977 1701 2504 7978 1299 2496 7979 1702 2505 7980 1703 2506 7981 1704 2507 7982 1704 2507 7983 1703 2506 7984 1705 2508 7985 1703 2509 7986 1706 1871 7987 1705 1872 7988 1884 2406 7989 1707 2408 7990 1303 2510 7991 1303 2511 7992 1707 2512 7993 1711 2513 7994 1711 2513 7995 1707 2512 7996 1710 2514 7997 1707 2512 7998 1705 2515 7999 1710 2514 8000 1710 2514 8001 1705 2515 8002 1709 2516 8003 1705 2515 8004 1708 2517 8005 1709 2516 8006 1709 2516 8007 1266 2518 8008 1710 2514 8009 1266 2518 8010 1716 2519 8011 1710 2514 8012 1710 2514 8013 1716 2519 8014 1711 2513 8015 1716 2519 8016 1712 2520 8017 1711 2513 8018 1711 2513 8019 1712 2520 8020 1303 2511 8021 1712 2520 8022 1304 2521 8023 1303 2511 8024 1713 2522 8025 1714 2523 8026 1715 2524 8027 1715 2524 8028 1714 2523 8029 1717 1948 8030 1714 2523 8031 1716 2519 8032 1717 1948 8033 1717 1948 8034 1716 2519 8035 1309 1949 8036 1716 2519 8037 1266 2518 8038 1309 1949 8039 1887 2403 8040 1306 2405 8041 1305 2525 8042 1305 2526 8043 1306 2527 8044 1719 2528 8045 1719 2528 8046 1306 2527 8047 1718 2529 8048 1306 2527 8049 1717 2530 8050 1718 2529 8051 1718 2529 8052 1717 2530 8053 1308 2531 8054 1308 2532 8055 1111 2412 8056 1718 2529 8057 1111 2412 8058 1643 2413 8059 1718 2529 8060 1718 2529 8061 1643 2413 8062 1719 2528 8063 1643 2413 8064 1720 2533 8065 1719 2528 8066 1719 2528 8067 1720 2533 8068 1305 2526 8069 1720 2533 8070 1313 2534 8071 1305 2526 8072 1888 2400 8073 1721 2402 8074 567 2535 8075 567 2536 8076 1721 2537 8077 1727 2538 8078 1727 2538 8079 1721 2537 8080 1726 2539 8081 1721 2537 8082 1722 2540 8083 1726 2539 8084 1726 2539 8085 1722 2540 8086 1723 2541 8087 1722 2540 8088 1724 2542 8089 1723 2541 8090 1723 2541 8091 1725 2415 8092 1726 2539 8093 1725 2415 8094 1646 2417 8095 1726 2539 8096 1726 2539 8097 1646 2417 8098 1727 2538 8099 1646 2417 8100 1728 2543 8101 1727 2538 8102 1727 2538 8103 1728 2543 8104 567 2536 8105 1728 2543 8106 1729 2544 8107 567 2536 8108 1648 2399 8109 1638 2398 8110 1647 2419 8111 1638 2398 8112 1729 2545 8113 1647 2419 8114 1893 2397 8115 1648 2399 8116 1736 2546 8117 1736 2546 8118 1648 2399 8119 1734 2547 8120 1734 2547 8121 1648 2399 8122 1733 2548 8123 1648 2399 8124 1730 2418 8125 1733 2548 8126 1733 2548 8127 1730 2418 8128 1731 2549 8129 1730 2418 8130 1645 2416 8131 1731 2549 8132 1731 2549 8133 1732 2420 8134 1733 2548 8135 1732 2420 8136 1649 2422 8137 1733 2548 8138 1733 2548 8139 1649 2422 8140 1734 2547 8141 1649 2422 8142 1735 2550 8143 1734 2547 8144 1734 2547 8145 1735 2550 8146 1736 2546 8147 1735 2550 8148 1737 2551 8149 1736 2546 8150 1741 2396 8151 1738 2395 8152 1739 2424 8153 1738 2395 8154 1737 2552 8155 1739 2424 8156 1740 2394 8157 1741 2396 8158 1746 2553 8159 1746 2553 8160 1741 2396 8161 1745 2554 8162 1741 2396 8163 1742 2423 8164 1745 2554 8165 1745 2554 8166 1742 2423 8167 1142 2555 8168 1742 2423 8169 1743 2421 8170 1142 2555 8171 1142 2555 8172 1744 2425 8173 1745 2554 8174 1744 2425 8175 1651 2427 8176 1745 2554 8177 1745 2554 8178 1651 2427 8179 1746 2553 8180 1651 2427 8181 1747 2556 8182 1746 2553 8183 1746 2553 8184 1747 2556 8185 1740 2394 8186 1747 2556 8187 1748 2557 8188 1740 2394 8189 1750 2393 8190 1637 2392 8191 1652 2429 8192 1637 2392 8193 1748 2558 8194 1652 2429 8195 1749 2391 8196 1750 2393 8197 1753 2559 8198 1753 2559 8199 1750 2393 8200 1752 2560 8201 1750 2393 8202 1751 2428 8203 1752 2560 8204 1752 2560 8205 1751 2428 8206 1343 2561 8207 1751 2428 8208 1650 2426 8209 1343 2561 8210 1343 2561 8211 1653 2430 8212 1752 2560 8213 1653 2430 8214 1654 2432 8215 1752 2560 8216 1752 2560 8217 1654 2432 8218 1753 2559 8219 1654 2432 8220 1754 2562 8221 1753 2559 8222 1753 2559 8223 1754 2562 8224 1749 2391 8225 1754 2562 8226 1755 2563 8227 1749 2391 8228 1656 2390 8229 1756 2389 8230 1655 2434 8231 1756 2389 8232 1755 2564 8233 1655 2434 8234 1764 2388 8235 1656 2390 8236 1762 2565 8237 1762 2565 8238 1656 2390 8239 1761 2566 8240 1656 2390 8241 1757 2433 8242 1761 2566 8243 1761 2566 8244 1757 2433 8245 1759 2567 8246 1757 2433 8247 1758 2431 8248 1759 2567 8249 1759 2567 8250 1760 2435 8251 1761 2566 8252 1760 2435 8253 1658 2437 8254 1761 2566 8255 1761 2566 8256 1658 2437 8257 1762 2565 8258 1658 2437 8259 1763 2568 8260 1762 2565 8261 1762 2565 8262 1763 2568 8263 1764 2388 8264 1763 2568 8265 1765 2569 8266 1764 2388 8267 1636 2387 8268 1766 2386 8269 1659 2439 8270 1766 2386 8271 1765 2570 8272 1659 2439 8273 1901 2385 8274 1636 2387 8275 1771 2571 8276 1771 2571 8277 1636 2387 8278 1770 2572 8279 1636 2387 8280 1767 2438 8281 1770 2572 8282 1770 2572 8283 1767 2438 8284 1768 2573 8285 1767 2438 8286 1657 2436 8287 1768 2573 8288 1768 2573 8289 1769 2440 8290 1770 2572 8291 1769 2440 8292 1660 2442 8293 1770 2572 8294 1770 2572 8295 1660 2442 8296 1771 2571 8297 1660 2442 8298 1772 2574 8299 1771 2571 8300 1771 2571 8301 1772 2574 8302 1901 2385 8303 1772 2574 8304 1773 2575 8305 1901 2385 8306 1774 2384 8307 588 2383 8308 1775 2444 8309 588 2383 8310 1773 2576 8311 1775 2444 8312 1781 2382 8313 1774 2384 8314 1779 2577 8315 1779 2577 8316 1774 2384 8317 1778 2578 8318 1774 2384 8319 1776 2443 8320 1778 2578 8321 1778 2578 8322 1776 2443 8323 1777 2579 8324 1776 2443 8325 1101 2441 8326 1777 2579 8327 1777 2579 8328 1786 2580 8329 1778 2578 8330 1786 2580 8331 1784 2581 8332 1778 2578 8333 1778 2578 8334 1784 2581 8335 1779 2577 8336 1784 2581 8337 1780 2582 8338 1779 2577 8339 1779 2577 8340 1780 2582 8341 1781 2382 8342 1780 2582 8343 1782 2583 8344 1781 2382 8345 1904 2379 8346 1783 2381 8347 1789 2584 8348 1789 2584 8349 1783 2381 8350 1788 2585 8351 1788 2585 8352 1783 2381 8353 1787 2586 8354 1783 2381 8355 1784 2581 8356 1787 2586 8357 1787 2586 8358 1784 2581 8359 1785 2587 8360 1784 2581 8361 1786 2580 8362 1785 2587 8363 1785 2587 8364 1795 2588 8365 1787 2586 8366 1795 2588 8367 1793 2589 8368 1787 2586 8369 1787 2586 8370 1793 2589 8371 1788 2585 8372 1793 2589 8373 1792 2590 8374 1788 2585 8375 1788 2585 8376 1792 2590 8377 1789 2584 8378 1792 2590 8379 1790 2591 8380 1789 2584 8381 1634 2592 8382 1790 2591 8383 1791 2593 8384 1790 2591 8385 1792 2590 8386 1791 2593 8387 1791 2593 8388 1792 2590 8389 1796 2594 8390 1792 2590 8391 1793 2589 8392 1796 2594 8393 1796 2594 8394 1793 2589 8395 1794 2595 8396 1793 2589 8397 1795 2588 8398 1794 2595 8399 1390 2376 8400 1635 2378 8401 1801 2596 8402 1801 2596 8403 1635 2378 8404 1799 2597 8405 1799 2597 8406 1635 2378 8407 1798 2598 8408 1635 2378 8409 1796 2594 8410 1798 2598 8411 1798 2598 8412 1796 2594 8413 1797 2599 8414 1796 2594 8415 1794 2595 8416 1797 2599 8417 1797 2599 8418 1808 2600 8419 1798 2598 8420 1808 2600 8421 1806 2601 8422 1798 2598 8423 1798 2598 8424 1806 2601 8425 1799 2597 8426 1806 2601 8427 1800 2602 8428 1799 2597 8429 1799 2597 8430 1800 2602 8431 1801 2596 8432 1800 2602 8433 1802 2603 8434 1801 2596 8435 1802 2604 8436 1804 2605 8437 1803 2606 8438 1803 2606 8439 1804 2605 8440 1805 2607 8441 1805 2607 8442 1804 2605 8443 1809 2608 8444 1804 2605 8445 1806 2601 8446 1809 2608 8447 1809 2608 8448 1806 2601 8449 1807 2609 8450 1806 2601 8451 1808 2600 8452 1807 2609 8453 1909 2373 8454 1633 2375 8455 1813 2610 8456 1813 2610 8457 1633 2375 8458 1200 2611 8459 1200 2611 8460 1633 2375 8461 1811 2612 8462 1633 2375 8463 1809 2608 8464 1811 2612 8465 1811 2612 8466 1809 2608 8467 1810 2613 8468 1809 2608 8469 1807 2609 8470 1810 2613 8471 1810 2613 8472 1818 2614 8473 1811 2612 8474 1818 2614 8475 1817 2615 8476 1811 2612 8477 1811 2612 8478 1817 2615 8479 1200 2611 8480 1817 2615 8481 1812 2616 8482 1200 2611 8483 1200 2611 8484 1812 2616 8485 1813 2610 8486 1812 2616 8487 1814 2617 8488 1813 2610 8489 1814 2618 8490 1815 2619 8491 1122 2620 8492 1122 2620 8493 1815 2619 8494 1816 2621 8495 1816 2621 8496 1815 2619 8497 1820 2622 8498 1815 2619 8499 1817 2615 8500 1820 2622 8501 1820 2622 8502 1817 2615 8503 1821 2623 8504 1817 2615 8505 1818 2614 8506 1821 2623 8507 1913 2624 8508 1819 2625 8509 1408 2626 8510 1408 2626 8511 1819 2625 8512 1824 2627 8513 1824 2627 8514 1819 2625 8515 1823 2628 8516 1819 2625 8517 1820 2622 8518 1823 2628 8519 1823 2628 8520 1820 2622 8521 1822 2629 8522 1820 2622 8523 1821 2623 8524 1822 2629 8525 1822 2629 8526 1831 2630 8527 1823 2628 8528 1831 2630 8529 1830 2631 8530 1823 2628 8531 1823 2628 8532 1830 2631 8533 1824 2627 8534 1830 2631 8535 1825 2632 8536 1824 2627 8537 1824 2627 8538 1825 2632 8539 1408 2626 8540 1825 2632 8541 1410 2633 8542 1408 2626 8543 1827 2367 8544 1828 2369 8545 1826 2634 8546 1826 2634 8547 1828 2369 8548 1829 2635 8549 1829 2635 8550 1828 2369 8551 1832 2060 8552 1828 2369 8553 1830 2631 8554 1832 2060 8555 1832 2060 8556 1830 2631 8557 1421 2061 8558 1830 2631 8559 1831 2630 8560 1421 2061 8561 1914 2364 8562 1418 2366 8563 1417 2636 8564 1417 2637 8565 1418 2638 8566 1834 2639 8567 1834 2639 8568 1418 2638 8569 1833 2640 8570 1418 2638 8571 1832 2641 8572 1833 2640 8573 1833 2640 8574 1832 2641 8575 1420 2642 8576 1420 2643 8577 1424 2644 8578 1833 2640 8579 1424 2644 8580 1839 2645 8581 1833 2640 8582 1833 2640 8583 1839 2645 8584 1834 2639 8585 1839 2645 8586 1835 2646 8587 1834 2639 8588 1834 2639 8589 1835 2646 8590 1417 2637 8591 1835 2646 8592 1836 2647 8593 1417 2637 8594 1836 2648 8595 1837 2649 8596 1427 2650 8597 1427 2650 8598 1837 2649 8599 1838 2651 8600 1838 2651 8601 1837 2649 8602 1842 2652 8603 1837 2649 8604 1839 2653 8605 1842 2652 8606 1842 2652 8607 1839 2653 8608 1257 2654 8609 1839 2653 8610 1424 2655 8611 1257 2654 8612 1918 2361 8613 1120 2363 8614 1840 2656 8615 1840 2657 8616 1120 2658 8617 1841 2659 8618 1841 2659 8619 1120 2658 8620 1845 2084 8621 1120 2658 8622 1842 2652 8623 1845 2084 8624 1845 2084 8625 1842 2652 8626 1843 2085 8627 1842 2652 8628 1257 2654 8629 1843 2085 8630 1844 2660 8631 1851 2661 8632 1845 2084 8633 1845 2084 8634 1851 2661 8635 1841 2659 8636 1851 2661 8637 1846 2662 8638 1841 2659 8639 1841 2659 8640 1846 2662 8641 1840 2657 8642 1846 2662 8643 1431 2663 8644 1840 2657 8645 1848 2358 8646 1849 2360 8647 1847 2664 8648 1847 2664 8649 1849 2360 8650 1850 2665 8651 1850 2665 8652 1849 2360 8653 1853 2666 8654 1849 2360 8655 1851 2667 8656 1853 2666 8657 1853 2666 8658 1851 2667 8659 1854 2668 8660 1851 2667 8661 1844 2669 8662 1854 2668 8663 1922 2355 8664 1632 2357 8665 1852 2670 8666 1852 2671 8667 1632 2672 8668 1857 2673 8669 1857 2673 8670 1632 2672 8671 1855 2674 8672 1632 2672 8673 1853 2666 8674 1855 2674 8675 1855 2674 8676 1853 2666 8677 1258 2675 8678 1853 2666 8679 1854 2668 8680 1258 2675 8681 1258 2675 8682 1438 1652 8683 1855 2674 8684 1438 1652 8685 1856 2099 8686 1855 2674 8687 1855 2674 8688 1856 2099 8689 1857 2673 8690 1856 2099 8691 1215 2676 8692 1857 2673 8693 1857 2673 8694 1215 2676 8695 1852 2671 8696 1215 2676 8697 1494 2677 8698 1852 2671 8699 1858 2450 8700 1441 2678 8701 1497 2449 8702 1441 2678 8703 1494 2679 8704 1497 2449 8705 1925 2352 8706 1858 2354 8707 1865 2680 8708 1865 2681 8709 1858 2450 8710 1863 2682 8711 1863 2682 8712 1858 2450 8713 1862 2683 8714 1858 2450 8715 1859 2448 8716 1862 2683 8717 1862 2683 8718 1859 2448 8719 1861 2684 8720 1859 2448 8721 1860 2446 8722 1861 2684 8723 1861 2684 8724 1661 2451 8725 1862 2683 8726 1661 2451 8727 1663 2453 8728 1862 2683 8729 1862 2683 8730 1663 2453 8731 1863 2682 8732 1663 2453 8733 1864 2685 8734 1863 2682 8735 1863 2682 8736 1864 2685 8737 1865 2681 8738 1864 2685 8739 604 2686 8740 1865 2681 8741 1631 2351 8742 1866 2350 8743 1664 2455 8744 1866 2350 8745 604 2687 8746 1664 2455 8747 1867 2349 8748 1631 2351 8749 1872 2688 8750 1872 2688 8751 1631 2351 8752 1868 2689 8753 1868 2689 8754 1631 2351 8755 1871 2690 8756 1631 2351 8757 1869 2454 8758 1871 2690 8759 1871 2690 8760 1869 2454 8761 1870 2691 8762 1869 2454 8763 1662 2452 8764 1870 2691 8765 1870 2691 8766 1092 2692 8767 1871 2690 8768 1092 2692 8769 1600 2693 8770 1871 2690 8771 1871 2690 8772 1600 2693 8773 1868 2689 8774 1600 2693 8775 1219 2694 8776 1868 2689 8777 1868 2689 8778 1219 2694 8779 1872 2688 8780 1219 2694 8781 1628 2695 8782 1872 2688 8783 1872 2688 8784 1628 2695 8785 1606 2696 8786 1564 2697 8787 1873 2698 8788 1874 2699 8789 1873 2698 8790 1875 2700 8791 1874 2699 8792 1874 2699 8793 1875 2700 8794 1616 2701 8795 1875 2700 8796 1876 2702 8797 1616 2701 8798 1616 2701 8799 1876 2702 8800 1877 2703 8801 1876 2702 8802 1878 2704 8803 1877 2703 8804 1878 2704 8805 1879 2705 8806 1877 2703 8807 1877 2703 8808 1879 2705 8809 1606 2696 8810 1879 2705 8811 1927 2706 8812 1606 2696 8813 1606 2696 8814 1927 2706 8815 1872 2688 8816 1880 1640 8817 1881 757 8818 1677 1641 8819 1880 1640 8820 1689 2707 8821 1881 757 8822 1881 757 8823 1689 2707 8824 1882 755 8825 577 753 8826 1882 755 8827 1639 2708 8828 1639 2708 8829 1882 755 8830 1689 2707 8831 1883 2709 8832 578 2710 8833 1884 2711 8834 1884 2711 8835 578 2710 8836 1701 2712 8837 1884 2711 8838 1304 2713 8839 1883 2709 8840 1883 2714 8841 1304 2715 8842 1885 2716 8843 1886 2717 8844 1885 2716 8845 1887 2718 8846 1887 2718 8847 1885 2716 8848 1304 2715 8849 1887 2718 8850 1313 2719 8851 1886 2717 8852 1886 2717 8853 1313 2719 8854 1889 2720 8855 1890 2721 8856 1889 2720 8857 1888 2722 8858 1888 2722 8859 1889 2720 8860 1313 2719 8861 1888 2722 8862 1729 2723 8863 1890 2721 8864 1890 2721 8865 1729 2723 8866 1892 2724 8867 1891 2725 8868 1892 2724 8869 1893 2726 8870 1893 2726 8871 1892 2724 8872 1729 2723 8873 1893 2726 8874 1737 2727 8875 1891 2725 8876 1891 2725 8877 1737 2727 8878 1894 2728 8879 1895 2729 8880 1894 2728 8881 1740 2394 8882 1740 2394 8883 1894 2728 8884 1737 2727 8885 1740 2394 8886 1748 2557 8887 1895 2729 8888 1895 2729 8889 1748 2557 8890 1897 2730 8891 1896 2731 8892 1897 2730 8893 1749 2391 8894 1749 2391 8895 1897 2730 8896 1748 2557 8897 1749 2391 8898 1755 2563 8899 1896 2731 8900 1896 2731 8901 1755 2563 8902 1899 2732 8903 1898 2733 8904 1899 2732 8905 1764 2388 8906 1764 2388 8907 1899 2732 8908 1755 2563 8909 1764 2388 8910 1765 2569 8911 1898 2733 8912 1898 2733 8913 1765 2569 8914 1900 2734 8915 1902 2735 8916 1900 2734 8917 1901 2385 8918 1901 2385 8919 1900 2734 8920 1765 2569 8921 1901 2385 8922 1773 2575 8923 1902 2735 8924 1902 2735 8925 1773 2575 8926 1903 2736 8927 1782 2380 8928 1904 2379 8929 1905 2737 8930 1773 2575 8931 1782 2380 8932 1903 2736 8933 1903 2736 8934 1782 2380 8935 1905 2737 8936 1904 2379 8937 1790 2738 8938 1905 2737 8939 1905 2737 8940 1790 2738 8941 1907 2739 8942 1802 2740 8943 1906 2741 8944 1908 2742 8945 1790 2738 8946 1802 2740 8947 1907 2739 8948 1907 2739 8949 1802 2740 8950 1908 2742 8951 1910 2743 8952 1906 2741 8953 1909 2744 8954 1909 2744 8955 1906 2741 8956 1802 2740 8957 1909 2744 8958 1814 2745 8959 1910 2743 8960 1910 2743 8961 1814 2745 8962 1911 2746 8963 1912 2747 8964 1911 2746 8965 1913 2748 8966 1913 2748 8967 1911 2746 8968 1814 2745 8969 1913 2748 8970 1410 2749 8971 1912 2747 8972 1912 2747 8973 1410 2749 8974 1915 2750 8975 1916 2751 8976 1915 2750 8977 1914 2752 8978 1914 2752 8979 1915 2750 8980 1410 2749 8981 1914 2752 8982 1836 2753 8983 1916 2751 8984 1916 2751 8985 1836 2753 8986 1917 2754 8987 1919 2755 8988 1917 2754 8989 1918 2756 8990 1918 2756 8991 1917 2754 8992 1836 2753 8993 1918 2756 8994 1431 2757 8995 1919 2755 8996 1919 2755 8997 1431 2757 8998 1921 2758 8999 1920 2759 9000 1921 2758 9001 1922 2760 9002 1922 2760 9003 1921 2758 9004 1431 2757 9005 1922 2760 9006 1494 2761 9007 1920 2759 9008 1920 2759 9009 1494 2761 9010 1924 2762 9011 1923 2763 9012 1924 2762 9013 1925 2764 9014 1925 2764 9015 1924 2762 9016 1494 2761 9017 1925 2764 9018 604 2765 9019 1923 2763 9020 1923 2763 9021 604 2765 9022 1926 2766 9023 604 2765 9024 1872 2688 9025 1926 2766 9026 1926 2766 9027 1872 2688 9028 1927 2706 9029 606 2767 9030 1873 2768 9031 1642 2769 9032 1642 2769 9033 1873 2768 9034 1549 2770 9035</p>
        </triangles>
        <triangles material="color-material" count="619">
          <input semantic="VERTEX" source="#rotor-mesh-vertices" offset="0"/>
          <input semantic="NORMAL" source="#rotor-mesh-normals" offset="1"/>
          <input semantic="TEXCOORD" source="#rotor-mesh-map-0" offset="2" set="0"/>
          <p>1930 2771 9036 2122 2772 9037 2153 2773 9038 1931 460 9039 1932 460 9040 1941 460 9041 1933 2774 9042 1934 2775 9043 2151 2776 9044 1975 2777 9045 1971 2778 9046 2256 2779 9047 2256 2779 9048 1971 2778 9049 2116 2780 9050 2151 2781 9051 1935 2782 9052 2122 2783 9053 1935 2784 9054 1936 2785 9055 2122 2786 9056 1937 2787 9057 1961 2788 9058 2127 2789 9059 1938 2790 9060 1942 2791 9061 1941 2792 9062 2122 2786 9063 1936 2785 9064 1939 2793 9065 1936 2785 9066 1966 2794 9067 1939 2793 9068 2264 2795 9069 1966 2796 9070 2115 2797 9071 2115 2797 9072 1966 2796 9073 2130 2798 9074 1966 2796 9075 1940 2799 9076 2130 2798 9077 1940 2799 9078 1937 2787 9079 2130 2798 9080 2130 2798 9081 1937 2787 9082 2127 2789 9083 1938 2790 9084 1941 2792 9085 1961 2788 9086 1941 2792 9087 2127 2789 9088 1961 2788 9089 1941 2792 9090 1942 2791 9091 1943 2800 9092 1942 2791 9093 1944 2801 9094 1943 2800 9095 1943 2800 9096 1944 2801 9097 2119 2802 9098 2119 2802 9099 1944 2801 9100 2117 2803 9101 1944 2801 9102 1952 2804 9103 2117 2803 9104 2117 2803 9105 1952 2804 9106 2257 2805 9107 1952 2804 9108 1975 2777 9109 2257 2805 9110 2257 2805 9111 1975 2777 9112 2256 2779 9113 1935 2806 9114 2122 2807 9115 1971 2778 9116 2122 2807 9117 2116 2780 9118 1971 2778 9119 1946 2808 9120 1947 2809 9121 1983 2810 9122 1947 2809 9123 1945 2811 9124 1983 2810 9125 1949 2812 9126 1950 2813 9127 1935 2814 9128 1950 2813 9129 2002 2815 9130 1935 2814 9131 1935 2814 9132 2002 2815 9133 1946 2808 9134 1946 2808 9135 2002 2815 9136 1947 2809 9137 1948 460 9138 1961 2816 9139 1998 2817 9140 1971 2818 9141 2003 2819 9142 1949 2812 9143 1949 2812 9144 2003 2819 9145 1950 2813 9146 1951 2820 9147 1955 2821 9148 1952 2822 9149 1955 2821 9150 1985 460 9151 1952 2822 9152 1944 2823 9153 1953 2824 9154 1954 2825 9155 1953 2824 9156 1995 2826 9157 1954 2825 9158 1954 2825 9159 1995 2826 9160 1951 2820 9161 1951 2820 9162 1995 2826 9163 1955 2821 9164 1998 2817 9165 1956 2827 9166 1948 460 9167 1948 460 9168 1956 2827 9169 1957 2828 9170 1956 2827 9171 1988 2829 9172 1957 2828 9173 1937 2830 9174 1958 2831 9175 1959 2832 9176 1958 2831 9177 1960 2833 9178 1959 2832 9179 1959 2832 9180 1960 2833 9181 1961 2816 9182 1961 2816 9183 1960 2833 9184 1998 2817 9185 1964 2834 9186 1965 2835 9187 1962 2836 9188 1965 2835 9189 1963 2837 9190 1962 2836 9191 1962 2836 9192 1963 2837 9193 1937 2830 9194 1937 2830 9195 1963 2837 9196 1958 2831 9197 1940 2838 9198 1999 2839 9199 1964 2834 9200 1964 2834 9201 1999 2839 9202 1965 2835 9203 1966 2840 9204 1967 2841 9205 1979 2842 9206 1967 2841 9207 1968 2843 9208 1979 2842 9209 1975 2844 9210 1976 2845 9211 1969 2846 9212 1976 2845 9213 1970 2847 9214 1969 2846 9215 1969 2846 9216 1970 2847 9217 1971 2818 9218 1971 2818 9219 1970 2847 9220 2003 2819 9221 1972 2848 9222 1987 2849 9223 1973 460 9224 1987 2849 9225 1974 2850 9226 1973 460 9227 1973 460 9228 1974 2850 9229 1975 2844 9230 1975 2844 9231 1974 2850 9232 1976 2845 9233 1977 2851 9234 1991 2852 9235 1944 2823 9236 1944 2823 9237 1991 2852 9238 1953 2824 9239 1968 2843 9240 1978 2853 9241 1979 2842 9242 1978 2853 9243 1980 2854 9244 1979 2842 9245 1979 2842 9246 1980 2854 9247 1981 2855 9248 1981 2855 9249 1980 2854 9250 1940 2838 9251 1980 2854 9252 1999 2839 9253 1940 2838 9254 1945 2811 9255 1982 2856 9256 1983 2810 9257 1982 2856 9258 1984 460 9259 1983 2810 9260 1983 2810 9261 1984 460 9262 1966 2840 9263 1966 2840 9264 1984 460 9265 1967 2841 9266 1985 460 9267 1993 2857 9268 1952 2822 9269 1952 2822 9270 1993 2857 9271 1972 2848 9272 1993 2857 9273 1986 2858 9274 1972 2848 9275 1972 2848 9276 1986 2858 9277 1987 2849 9278 1988 2829 9279 1989 2859 9280 1957 2828 9281 1957 2828 9282 1989 2859 9283 1942 2860 9284 1989 2859 9285 1990 2861 9286 1942 2860 9287 1942 2860 9288 1990 2861 9289 1977 2851 9290 1977 2851 9291 1990 2861 9292 1991 2852 9293 2037 2862 9294 2003 2863 9295 1992 2864 9296 2003 2863 9297 1976 2865 9298 1992 2864 9299 1992 2864 9300 1976 2865 9301 209 2866 9302 1976 2865 9303 1993 2867 9304 209 2866 9305 209 2866 9306 1993 2867 9307 1994 2868 9308 1993 2867 9309 1995 2869 9310 1994 2868 9311 1995 2869 9312 1991 2870 9313 1994 2868 9314 1994 2868 9315 1991 2870 9316 1996 2871 9317 1996 2871 9318 1991 2870 9319 1997 2872 9320 1991 2870 9321 1989 2873 9322 1997 2872 9323 1989 2873 9324 1998 2874 9325 1997 2872 9326 1997 2872 9327 1998 2874 9328 213 2875 9329 1998 2874 9330 1963 2876 9331 213 2875 9332 213 2875 9333 1963 2876 9334 227 2877 9335 1963 2876 9336 1999 2878 9337 227 2877 9338 227 2877 9339 1999 2878 9340 2000 2879 9341 1999 2878 9342 2001 2880 9343 2000 2879 9344 2000 2879 9345 2001 2880 9346 2023 2881 9347 2001 2880 9348 1984 2882 9349 2023 2881 9350 2023 2881 9351 1984 2882 9352 2029 2883 9353 1984 2882 9354 2002 2884 9355 2029 2883 9356 2029 2883 9357 2002 2884 9358 2037 2862 9359 2002 2884 9360 2003 2863 9361 2037 2862 9362 2071 2885 9363 2004 2886 9364 2007 2887 9365 2005 2888 9366 2006 2889 9367 2007 2887 9368 2007 2887 9369 2006 2889 9370 2071 2885 9371 2008 2890 9372 2009 2891 9373 2005 2888 9374 2005 2888 9375 2009 2891 9376 2006 2889 9377 2011 2892 9378 2076 2893 9379 2008 2890 9380 2008 2890 9381 2076 2893 9382 2009 2891 9383 2013 2894 9384 2010 2895 9385 2011 2892 9386 2011 2892 9387 2010 2895 9388 2076 2893 9389 2012 2896 9390 2077 2897 9391 2013 2894 9392 2013 2894 9393 2077 2897 9394 2010 2895 9395 2014 2898 9396 2078 2899 9397 2012 2896 9398 2012 2896 9399 2078 2899 9400 2077 2897 9401 2015 2900 9402 2079 2901 9403 2014 2898 9404 2079 2901 9405 2078 2899 9406 2014 2898 9407 2016 2902 9408 2080 2903 9409 2015 2900 9410 2080 2903 9411 2079 2901 9412 2015 2900 9413 2000 2904 9414 2018 2905 9415 2016 2902 9416 2018 2905 9417 2080 2903 9418 2016 2902 9419 2017 2906 9420 2019 2907 9421 2000 2904 9422 2019 2907 9423 2018 2905 9424 2000 2904 9425 2020 2908 9426 2021 2909 9427 2017 2906 9428 2021 2909 9429 2019 2907 9430 2017 2906 9431 2025 2910 9432 2024 2911 9433 2020 2908 9434 2024 2911 9435 2021 2909 9436 2020 2908 9437 2027 2912 9438 2022 2913 9439 2023 2914 9440 2022 2913 9441 2024 2911 9442 2023 2914 9443 2023 2914 9444 2024 2911 9445 2025 2910 9446 2028 2915 9447 2026 2916 9448 2027 2912 9449 2027 2912 9450 2026 2916 9451 2022 2913 9452 2030 2917 9453 2084 2918 9454 2028 2915 9455 2028 2915 9456 2084 2918 9457 2026 2916 9458 2029 2919 9459 2031 2920 9460 2030 2917 9461 2030 2917 9462 2031 2920 9463 2084 2918 9464 2032 2921 9465 2087 2922 9466 2029 2919 9467 2029 2919 9468 2087 2922 9469 2031 2920 9470 2033 2923 9471 2088 2924 9472 2032 2921 9473 2032 2921 9474 2088 2924 9475 2087 2922 9476 2035 2925 9477 2089 2926 9478 2033 2923 9479 2033 2923 9480 2089 2926 9481 2088 2924 9482 2037 2927 9483 2034 2928 9484 2035 2925 9485 2035 2925 9486 2034 2928 9487 2089 2926 9488 2036 2929 9489 2038 2930 9490 2037 2927 9491 2038 2930 9492 2034 2928 9493 2037 2927 9494 2039 2931 9495 2040 2932 9496 2036 2929 9497 2040 2932 9498 2038 2930 9499 2036 2929 9500 1992 2933 9501 2042 2934 9502 2039 2931 9503 2042 2934 9504 2040 2932 9505 2039 2931 9506 2041 2935 9507 2043 2936 9508 1992 2933 9509 2043 2936 9510 2042 2934 9511 1992 2933 9512 2045 2937 9513 2046 2938 9514 2041 2935 9515 2046 2938 9516 2043 2936 9517 2041 2935 9518 2044 2939 9519 2049 2940 9520 2045 2937 9521 2049 2940 9522 2046 2938 9523 2045 2937 9524 2047 2941 9525 2051 2942 9526 2048 2943 9527 2051 2942 9528 2049 2940 9529 2048 2943 9530 2048 2943 9531 2049 2940 9532 2044 2939 9533 2053 2944 9534 2050 2945 9535 2047 2941 9536 2047 2941 9537 2050 2945 9538 2051 2942 9539 2054 2946 9540 2052 2947 9541 2053 2944 9542 2053 2944 9543 2052 2947 9544 2050 2945 9545 2056 2948 9546 2057 2949 9547 2054 2946 9548 2054 2946 9549 2057 2949 9550 2052 2947 9551 1994 2950 9552 2055 2951 9553 2056 2948 9554 2056 2948 9555 2055 2951 9556 2057 2949 9557 2060 2952 9558 2058 2953 9559 1994 2950 9560 1994 2950 9561 2058 2953 9562 2055 2951 9563 2062 2954 9564 2059 2955 9565 2060 2952 9566 2060 2952 9567 2059 2955 9568 2058 2953 9569 2061 2956 9570 2063 2957 9571 2062 2954 9572 2062 2954 9573 2063 2957 9574 2059 2955 9575 1996 2958 9576 2064 2959 9577 2061 2956 9578 2064 2959 9579 2063 2957 9580 2061 2956 9581 2065 2960 9582 2066 2961 9583 1996 2958 9584 2066 2961 9585 2064 2959 9586 1996 2958 9587 2068 2962 9588 2069 2963 9589 2065 2960 9590 2069 2963 9591 2066 2961 9592 2065 2960 9593 2067 2964 9594 2070 2965 9595 2068 2962 9596 2070 2965 9597 2069 2963 9598 2068 2962 9599 1997 2966 9600 2099 2967 9601 2067 2964 9602 2099 2967 9603 2070 2965 9604 2067 2964 9605 2073 2968 9606 2100 2969 9607 1997 2966 9608 2100 2969 9609 2099 2967 9610 1997 2966 9611 2071 2885 9612 2101 2970 9613 2004 2886 9614 2004 2886 9615 2101 2970 9616 2072 2971 9617 2072 2971 9618 2101 2970 9619 2073 2968 9620 2101 2970 9621 2100 2969 9622 2073 2968 9623 2071 2885 9624 2074 2972 9625 2105 2973 9626 2071 2885 9627 2006 2889 9628 2074 2972 9629 2006 2889 9630 2009 2891 9631 2074 2972 9632 2074 2972 9633 2009 2891 9634 2075 2974 9635 2009 2891 9636 2076 2893 9637 2075 2974 9638 2075 2974 9639 2076 2893 9640 3060 2975 9641 2076 2893 9642 2010 2895 9643 3060 2975 9644 3060 2975 9645 2010 2895 9646 2110 2976 9647 2010 2895 9648 2077 2897 9649 2110 2976 9650 2077 2897 9651 2078 2899 9652 2110 2976 9653 2110 2976 9654 2078 2899 9655 3056 2977 9656 2078 2899 9657 2079 2901 9658 3056 2977 9659 3056 2977 9660 2079 2901 9661 3075 2978 9662 2079 2901 9663 2080 2903 9664 3075 2978 9665 2080 2903 9666 2081 2979 9667 3075 2978 9668 3075 2978 9669 2081 2979 9670 2112 2980 9671 2081 2979 9672 2018 2905 9673 2112 2980 9674 2018 2905 9675 2019 2907 9676 2112 2980 9677 2112 2980 9678 2019 2907 9679 2919 2981 9680 2019 2907 9681 2021 2909 9682 2919 2981 9683 2021 2909 9684 2024 2911 9685 2919 2981 9686 2919 2981 9687 2024 2911 9688 2920 2982 9689 2024 2911 9690 2083 2983 9691 2920 2982 9692 2920 2982 9693 2083 2983 9694 2082 2984 9695 2083 2983 9696 2026 2916 9697 2082 2984 9698 2026 2916 9699 2084 2918 9700 2082 2984 9701 2082 2984 9702 2084 2918 9703 2085 2985 9704 2084 2918 9705 2031 2920 9706 2085 2985 9707 2031 2920 9708 2087 2922 9709 2085 2985 9710 2085 2985 9711 2087 2922 9712 2086 2986 9713 2087 2922 9714 2088 2924 9715 2086 2986 9716 2088 2924 9717 2089 2926 9718 2086 2986 9719 2086 2986 9720 2089 2926 9721 2103 2987 9722 2089 2926 9723 2038 2930 9724 2103 2987 9725 2103 2987 9726 2038 2930 9727 2090 2988 9728 2038 2930 9729 2040 2932 9730 2090 2988 9731 2040 2932 9732 2042 2934 9733 2090 2988 9734 2090 2988 9735 2042 2934 9736 2091 2989 9737 2042 2934 9738 2043 2936 9739 2091 2989 9740 2043 2936 9741 2046 2938 9742 2091 2989 9743 2091 2989 9744 2046 2938 9745 2092 2990 9746 2046 2938 9747 2049 2940 9748 2092 2990 9749 2049 2940 9750 2093 2991 9751 2092 2990 9752 2092 2990 9753 2093 2991 9754 3067 2992 9755 2093 2991 9756 2050 2945 9757 3067 2992 9758 3067 2992 9759 2050 2945 9760 2094 2993 9761 2050 2945 9762 2052 2947 9763 2094 2993 9764 2052 2947 9765 2057 2949 9766 2094 2993 9767 2094 2993 9768 2057 2949 9769 2095 2994 9770 2057 2949 9771 2055 2951 9772 2095 2994 9773 2055 2951 9774 2058 2953 9775 2095 2994 9776 2095 2994 9777 2058 2953 9778 3065 2995 9779 2058 2953 9780 2059 2955 9781 3065 2995 9782 3065 2995 9783 2059 2955 9784 2096 2996 9785 2059 2955 9786 2063 2957 9787 2096 2996 9788 2063 2957 9789 2064 2959 9790 2096 2996 9791 2096 2996 9792 2064 2959 9793 2097 2997 9794 2064 2959 9795 2066 2961 9796 2097 2997 9797 2097 2997 9798 2066 2961 9799 3070 2998 9800 2066 2961 9801 2069 2963 9802 3070 2998 9803 3070 2998 9804 2069 2963 9805 2098 2999 9806 2069 2963 9807 2070 2965 9808 2098 2999 9809 2070 2965 9810 2099 2967 9811 2098 2999 9812 2099 2967 9813 2100 2969 9814 2098 2999 9815 2098 2999 9816 2100 2969 9817 2105 2973 9818 2100 2969 9819 2101 2970 9820 2105 2973 9821 2105 2973 9822 2101 2970 9823 2071 2885 9824 2106 208 9825 3072 208 9826 2103 208 9827 2102 3000 9828 2103 2987 9829 3072 3001 9830 2074 3002 9831 3068 3003 9832 2266 3004 9833 2095 3005 9834 2108 3006 9835 2109 3007 9836 2102 3000 9837 2086 2986 9838 2103 2987 9839 2102 3000 9840 2085 208 9841 2086 2986 9842 2104 3008 9843 2082 3009 9844 2102 3010 9845 2102 3010 9846 2082 3009 9847 2085 208 9848 2104 3011 9849 3074 3012 9850 2919 3013 9851 3095 3014 9852 2105 3015 9853 2266 3004 9854 2266 3004 9855 2105 3015 9856 2074 3002 9857 3095 3016 9858 2098 3017 9859 2105 3018 9860 3069 3019 9861 3070 3020 9862 3095 3016 9863 3095 3016 9864 3070 3020 9865 2098 3017 9866 2103 208 9867 2090 2988 9868 2106 208 9869 2919 3013 9870 2920 3021 9871 2104 3011 9872 2920 3022 9873 2082 3009 9874 2104 3008 9875 2074 3002 9876 2075 208 9877 3068 3003 9878 3068 3023 9879 2075 3024 9880 2111 3025 9881 2075 3024 9882 3060 3026 9883 2111 3025 9884 2107 3027 9885 2097 3027 9886 3069 3027 9887 3069 208 9888 2097 208 9889 3070 208 9890 2095 3005 9891 3065 3028 9892 2108 3006 9893 2108 3006 9894 3065 3028 9895 3069 3029 9896 3065 3028 9897 2097 3030 9898 3069 3029 9899 2109 3007 9900 2094 3031 9901 2095 3005 9902 2090 2988 9903 2091 2989 9904 2106 208 9905 2106 3032 9906 2091 208 9907 2109 3033 9908 3074 3012 9909 2112 3034 9910 2919 3013 9911 2110 2976 9912 3056 2977 9913 2111 3035 9914 3056 2977 9915 3075 3036 9916 2111 3035 9917 2111 208 9918 3075 208 9919 3074 208 9920 3074 208 9921 3075 208 9922 2112 208 9923 2091 208 9924 2092 208 9925 2109 3033 9926 2092 3037 9927 2094 3031 9928 2109 3007 9929 2113 3038 9930 2130 3039 9931 2129 3040 9932 2129 3040 9933 2159 3041 9934 2113 3038 9935 2114 3042 9936 2115 2797 9937 2159 3041 9938 2115 2797 9939 2113 3038 9940 2159 3041 9941 2152 3043 9942 2298 3044 9943 2151 3045 9944 2151 3045 9945 2298 3044 9946 2253 3046 9947 2150 3047 9948 2116 2780 9949 2298 3048 9950 2116 2780 9951 2253 3049 9952 2298 3048 9953 2118 3050 9954 2117 3051 9955 2147 3052 9956 2147 3052 9957 2296 3053 9958 2118 3050 9959 2192 3054 9960 2119 2802 9961 2296 3053 9962 2119 2802 9963 2118 3050 9964 2296 3053 9965 2120 3055 9966 2129 3056 9967 2130 3057 9968 2130 3057 9969 1929 3058 9970 2120 3055 9971 2120 3055 9972 1929 3058 9973 2121 3059 9974 1929 3058 9975 2127 3060 9976 2121 3059 9977 2127 3060 9978 2180 3061 9979 2121 3059 9980 2123 3062 9981 2152 3063 9982 2122 2783 9983 2122 2783 9984 2153 3064 9985 2123 3062 9986 2123 3062 9987 2153 3064 9988 2155 3065 9989 2153 3064 9990 2264 3066 9991 2155 3065 9992 2264 3067 9993 2114 3068 9994 2155 3069 9995 2148 3070 9996 2135 3071 9997 2117 3051 9998 2117 3051 9999 2255 3072 10000 2148 3070 10001 2148 3073 10002 2255 3074 10003 2211 3075 10004 2255 3074 10005 2256 2779 10006 2211 3075 10007 2256 2779 10008 2150 3076 10009 2211 3075 10010 1932 3077 10011 1941 3078 10012 2216 3079 10013 2216 3079 10014 2191 3080 10015 1932 3077 10016 2180 3081 10017 2127 3082 10018 2191 3080 10019 2127 3082 10020 1932 3077 10021 2191 3080 10022 2124 3083 10023 2216 3084 10024 1941 3085 10025 1941 3085 10026 2125 3086 10027 2124 3083 10028 2124 3083 10029 2125 3086 10030 2126 3087 10031 2125 3086 10032 1943 2800 10033 2126 3087 10034 1943 2800 10035 2192 3088 10036 2126 3087 10037 2216 3089 10038 2225 3090 10039 2194 3091 10040 2194 3091 10041 2187 3092 10042 2216 3089 10043 2187 3093 10044 1941 3094 10045 2216 3095 10046 91 3096 10047 2228 3097 10048 2185 3098 10049 2228 3097 10050 2180 3099 10051 2185 3098 10052 2185 3098 10053 2180 3099 10054 2127 3100 10055 2129 3101 10056 2219 3102 10057 2128 3103 10058 2128 3103 10059 2163 3104 10060 2129 3101 10061 2163 3105 10062 2130 3106 10063 2129 3107 10064 2252 3108 10065 2244 3109 10066 2131 3110 10067 2244 3109 10068 2114 3068 10069 2131 3110 10070 2131 3110 10071 2114 3068 10072 2264 2795 10073 2133 3111 10074 2236 3112 10075 2200 3113 10076 2200 3113 10077 2132 3114 10078 2133 3111 10079 2132 3114 10080 2122 2783 10081 2133 3111 10082 2133 3111 10083 2122 2783 10084 2152 3063 10085 238 3115 10086 2240 3116 10087 2202 3117 10088 2202 3117 10089 2150 3076 10090 2256 2779 10091 2135 3071 10092 2229 3118 10093 2134 3119 10094 2134 3119 10095 2175 3120 10096 2135 3071 10097 2175 3120 10098 2117 3051 10099 2135 3071 10100 2136 3121 10101 2235 3122 10102 2206 3123 10103 2235 3122 10104 2192 3124 10105 2206 3123 10106 2206 3125 10107 2192 3088 10108 1943 2800 10109 2262 3126 10110 2157 3127 10111 2137 3128 10112 2157 3127 10113 2207 3129 10114 2137 3128 10115 2137 3128 10116 2207 3129 10117 2127 3082 10118 2207 3129 10119 2138 3130 10120 2127 3082 10121 2127 3082 10122 2138 3130 10123 1932 3077 10124 2138 3130 10125 2139 3131 10126 1932 3077 10127 2139 3131 10128 2140 3132 10129 1932 3077 10130 1932 3077 10131 2140 3132 10132 2141 3133 10133 2140 3132 10134 2124 3134 10135 2141 3133 10136 2124 3134 10137 2142 3135 10138 2141 3133 10139 2141 3133 10140 2142 3135 10141 2143 3136 10142 2142 3135 10143 2144 3137 10144 2143 3136 10145 2143 3136 10146 2144 3137 10147 2145 3138 10148 2144 3137 10149 2146 3139 10150 2145 3138 10151 2145 3138 10152 2146 3139 10153 2258 3140 10154 2146 3139 10155 2147 3141 10156 2258 3140 10157 2147 3141 10158 2148 3142 10159 2258 3140 10160 2258 3140 10161 2148 3142 10162 2255 3143 10163 2148 3144 10164 2149 3145 10165 2255 3146 10166 2255 3146 10167 2149 3145 10168 2253 3147 10169 2149 3145 10170 2150 3148 10171 2253 3147 10172 2150 3148 10173 2298 3149 10174 2253 3147 10175 2151 3150 10176 2152 3151 10177 2153 3152 10178 2152 3151 10179 2154 3153 10180 2153 3152 10181 2153 3152 10182 2154 3153 10183 2264 3154 10184 2154 3153 10185 2155 3155 10186 2264 3154 10187 2264 3156 10188 2114 3157 10189 2156 3158 10190 2114 3157 10191 2157 3127 10192 2156 3158 10193 2156 3158 10194 2157 3127 10195 2262 3126 10196 2190 3159 10197 2127 3100 10198 2180 3081 10199 2206 3125 10200 2119 2802 10201 2192 3054 10202 2170 3160 10203 2116 2780 10204 2150 3047 10205 2160 3161 10206 2115 2797 10207 2114 3042 10208 2178 3162 10209 2147 3052 10210 2117 3051 10211 2132 3114 10212 2152 3043 10213 2151 2781 10214 2160 3161 10215 2161 3163 10216 2197 3164 10217 2197 3164 10218 2158 208 10219 2160 3161 10220 2160 3161 10221 2158 208 10222 2131 3110 10223 2163 3165 10224 2162 3166 10225 2129 3040 10226 2162 3166 10227 2159 3041 10228 2129 3040 10229 2294 3167 10230 2160 3161 10231 2114 3042 10232 2164 3168 10233 2162 3166 10234 2161 3169 10235 2161 3169 10236 2162 3166 10237 2163 3165 10238 2168 3170 10239 2165 208 10240 2170 3160 10241 2165 208 10242 2166 3171 10243 2170 3160 10244 2132 3114 10245 2299 3172 10246 2152 3043 10247 2299 3172 10248 2298 3044 10249 2152 3043 10250 2150 3047 10251 2298 3173 10252 2170 3160 10253 2169 3174 10254 2167 3175 10255 2168 3170 10256 2168 3170 10257 2167 3175 10258 2132 3114 10259 2170 3160 10260 2169 3174 10261 2168 3170 10262 2206 3123 10263 2172 3176 10264 2171 3177 10265 2178 3162 10266 2175 3120 10267 2174 3178 10268 2174 3178 10269 2175 3120 10270 2177 3179 10271 2176 3180 10272 2174 3178 10273 2172 3176 10274 2172 3176 10275 2174 3178 10276 2177 3179 10277 2178 3162 10278 2296 3053 10279 2147 3052 10280 2192 3181 10281 2146 3182 10282 2206 3183 10283 2179 3184 10284 2176 3180 10285 2206 3123 10286 2206 3123 10287 2176 3180 10288 2172 3176 10289 2180 3185 10290 2181 3186 10291 2121 3059 10292 2121 3059 10293 2181 3186 10294 2120 3055 10295 2181 3186 10296 2129 3056 10297 2120 3055 10298 2114 3068 10299 2199 3187 10300 2155 3069 10301 2155 3069 10302 2199 3187 10303 2154 3188 10304 2199 3187 10305 2123 3189 10306 2154 3188 10307 2154 3188 10308 2123 3189 10309 2152 3190 10310 2123 3189 10311 2133 3111 10312 2152 3063 10313 2150 3076 10314 2202 3117 10315 2211 3075 10316 2202 3117 10317 2182 3191 10318 2211 3075 10319 2211 3075 10320 2182 3191 10321 2203 3192 10322 2183 3193 10323 2184 3194 10324 2190 3159 10325 2190 3159 10326 2184 3194 10327 2185 3098 10328 2183 3193 10329 2188 3195 10330 2187 3092 10331 2187 208 10332 2186 3196 10333 2216 3197 10334 2186 3196 10335 2189 3198 10336 2216 3197 10337 2216 3197 10338 2189 3198 10339 2140 3199 10340 2190 3159 10341 2188 3195 10342 2183 3193 10343 2191 3080 10344 2190 3159 10345 2180 3081 10346 2192 3124 10347 2235 3122 10348 2193 3200 10349 2192 3124 10350 2193 3200 10351 2216 3089 10352 2193 3200 10353 2225 3090 10354 2216 3089 10355 2194 3091 10356 2227 3201 10357 2187 3092 10358 2187 3092 10359 2227 3201 10360 2183 3193 10361 2227 3201 10362 2195 3202 10363 2183 3193 10364 2183 3193 10365 2195 3202 10366 2185 3098 10367 2195 3202 10368 91 3096 10369 2185 3098 10370 2180 3099 10371 2228 3097 10372 2222 3203 10373 2180 3099 10374 2222 3203 10375 2121 3204 10376 2121 3204 10377 2222 3203 10378 2129 3101 10379 2222 3203 10380 2219 3102 10381 2129 3101 10382 2128 3103 10383 2250 3205 10384 2163 3104 10385 2163 3104 10386 2250 3205 10387 2196 3206 10388 2250 3205 10389 2251 3207 10390 2196 3206 10391 2196 3206 10392 2251 3207 10393 2197 3208 10394 2251 3207 10395 2252 3209 10396 2197 3208 10397 2197 3208 10398 2252 3209 10399 2131 3210 10400 2282 3211 10401 2252 3108 10402 2131 3212 10403 2114 3068 10404 2244 3109 10405 2198 3213 10406 2114 3068 10407 2198 3213 10408 2199 3187 10409 2199 3187 10410 2198 3213 10411 2123 3189 10412 2198 3213 10413 2249 3214 10414 2123 3189 10415 2249 3214 10416 2236 3112 10417 2123 3189 10418 2123 3189 10419 2236 3112 10420 2133 3111 10421 2132 3114 10422 2200 3113 10423 2168 3170 10424 2200 3113 10425 2242 3215 10426 2168 3170 10427 2168 3170 10428 2242 3215 10429 2166 3171 10430 2242 3215 10431 238 3115 10432 2166 3171 10433 2166 3171 10434 238 3115 10435 2170 3160 10436 2170 3160 10437 238 3115 10438 2202 3117 10439 2202 3117 10440 2240 3116 10441 2201 3216 10442 2202 3117 10443 2201 3216 10444 2203 3217 10445 2201 3216 10446 2204 3218 10447 2203 3217 10448 2204 3218 10449 2229 3118 10450 2203 3217 10451 2203 3217 10452 2229 3118 10453 2135 3071 10454 2134 3119 10455 2205 3219 10456 2175 3120 10457 2175 3120 10458 2205 3219 10459 2171 3177 10460 2205 3219 10461 2230 3220 10462 2171 3177 10463 2171 3177 10464 2230 3220 10465 2206 3123 10466 2230 3220 10467 2136 3121 10468 2206 3123 10469 2207 3221 10470 2247 3222 10471 2139 3223 10472 2247 3222 10473 84 3224 10474 2139 3223 10475 2139 3223 10476 84 3224 10477 2124 3225 10478 84 3224 10479 2208 3226 10480 2124 3225 10481 2208 3226 10482 2209 3227 10483 2124 3225 10484 2124 3225 10485 2209 3227 10486 2146 3228 10487 2146 3228 10488 2209 3227 10489 2148 3229 10490 2209 3227 10491 2210 3230 10492 2148 3229 10493 2148 3229 10494 2210 3230 10495 2211 3231 10496 2210 3230 10497 2212 3232 10498 2211 3231 10499 2211 3231 10500 2212 3232 10501 2154 3233 10502 2212 3232 10503 2213 3234 10504 2154 3233 10505 2213 3234 10506 2214 3235 10507 2154 3233 10508 2154 3233 10509 2214 3235 10510 2294 3236 10511 2214 3235 10512 2279 3237 10513 2294 3236 10514 2294 3236 10515 2279 3237 10516 2207 3221 10517 2279 3237 10518 2247 3222 10519 2207 3221 10520 2192 3088 10521 2215 3238 10522 2126 3087 10523 2126 3087 10524 2215 3238 10525 2124 3083 10526 2215 3238 10527 2216 3084 10528 2124 3083 10529 2217 3239 10530 2218 3240 10531 2219 3102 10532 2220 3241 10533 2285 3242 10534 2225 3090 10535 84 460 10536 2221 460 10537 2228 3097 10538 2228 3097 10539 2221 460 10540 2222 3203 10541 2221 460 10542 2247 460 10543 2222 3203 10544 91 460 10545 84 460 10546 2228 460 10547 2220 3241 10548 2225 3090 10549 2233 3243 10550 2225 3090 10551 2223 3244 10552 2233 3243 10553 2288 3245 10554 2209 3246 10555 2224 3247 10556 2226 3248 10557 2225 3090 10558 2285 3242 10559 2225 3090 10560 2226 3248 10561 2194 3091 10562 2226 3249 10563 2284 3250 10564 2194 3251 10565 2284 3252 10566 239 3253 10567 2227 3254 10568 2283 181 10569 91 196 10570 2195 3255 10571 2195 3256 10572 91 3256 10573 2228 3256 10574 2228 3257 10575 84 3258 10576 2285 3259 10577 2288 3260 10578 2287 3261 10579 2229 3118 10580 2229 3118 10581 2287 3261 10582 2286 3262 10583 2231 3263 10584 2224 3263 10585 2136 3263 10586 2136 3121 10587 2224 3247 10588 2235 3122 10589 2223 3244 10590 2232 3264 10591 2233 3243 10592 2233 3243 10593 2232 3264 10594 2234 3265 10595 2232 3264 10596 2235 3122 10597 2234 3265 10598 2234 3265 10599 2235 3122 10600 2209 3246 10601 2235 3122 10602 2224 3247 10603 2209 3246 10604 2288 3260 10605 2229 3118 10606 2210 3266 10607 2229 3118 10608 2204 3218 10609 2210 3266 10610 2210 3266 10611 2204 3218 10612 2238 3267 10613 2236 3112 10614 2249 3214 10615 2237 3268 10616 2237 3268 10617 2249 3214 10618 2214 3269 10619 2240 3116 10620 2291 3270 10621 2290 3271 10622 2204 3218 10623 2201 3216 10624 2238 3267 10625 2238 3267 10626 2201 3216 10627 2239 3272 10628 2201 3216 10629 2240 3116 10630 2239 3272 10631 2239 3272 10632 2240 3116 10633 2290 3271 10634 2237 3268 10635 2289 240 10636 2236 3112 10637 2236 3112 10638 2289 240 10639 2200 3113 10640 2289 240 10641 2293 243 10642 2200 3113 10643 2200 3113 10644 2293 243 10645 2241 3273 10646 2241 3273 10647 2293 243 10648 115 3274 10649 115 229 10650 2292 227 10651 2242 3275 10652 2242 3275 10653 2292 227 10654 2243 3276 10655 2292 227 10656 238 3277 10657 2243 3276 10658 238 3115 10659 2291 3270 10660 2240 3116 10661 2281 3278 10662 2245 3279 10663 2244 3109 10664 2245 3280 10665 2280 3281 10666 2218 3282 10667 2217 3239 10668 2219 3102 10669 2246 3283 10670 2246 3283 10671 2219 3102 10672 2247 460 10673 2219 3102 10674 2248 460 10675 2247 460 10676 2247 460 10677 2248 460 10678 2222 3203 10679 2249 3214 10680 2198 3213 10681 2214 3269 10682 2198 3213 10683 2244 3109 10684 2245 3279 10685 2279 3284 10686 2219 3102 10687 2218 3240 10688 2219 3102 10689 2279 3284 10690 2128 3103 10691 2282 3211 10692 2281 3278 10693 2252 3108 10694 2252 3108 10695 2281 3278 10696 2244 3109 10697 2190 3159 10698 2185 3098 10699 2127 3100 10700 2119 2802 10701 2206 3125 10702 1943 2800 10703 2116 2780 10704 2170 3160 10705 2256 2779 10706 2170 3160 10707 2202 3117 10708 2256 2779 10709 2115 2797 10710 2160 3161 10711 2264 2795 10712 2160 3161 10713 2131 3110 10714 2264 2795 10715 2117 3051 10716 2175 3120 10717 2178 3162 10718 2122 2783 10719 2132 3114 10720 2151 2781 10721 2253 3285 10722 2151 3150 10723 2254 3286 10724 2255 3287 10725 2256 3288 10726 2254 3286 10727 2254 3286 10728 2256 3288 10729 2253 3285 10730 2258 3140 10731 2257 3289 10732 2254 3286 10733 2254 3286 10734 2257 3289 10735 2255 3287 10736 2143 3136 10737 2145 3138 10738 2254 3286 10739 2254 3286 10740 2145 3138 10741 2258 3140 10742 2141 3290 10743 2125 3291 10744 2254 3286 10745 2254 3286 10746 2125 3291 10747 2143 3136 10748 2261 3292 10749 2259 3293 10750 2254 3286 10751 2254 3286 10752 2259 3293 10753 2141 3290 10754 2263 3294 10755 2260 3295 10756 2254 3286 10757 2254 3286 10758 2260 3295 10759 2261 3292 10760 2262 3126 10761 2137 3128 10762 2254 3286 10763 2254 3286 10764 2137 3128 10765 2263 3294 10766 2156 3158 10767 2113 3296 10768 2254 3286 10769 2254 3286 10770 2113 3296 10771 2262 3126 10772 2153 3152 10773 2264 3156 10774 2254 3286 10775 2254 3286 10776 2264 3156 10777 2156 3158 10778 2151 3150 10779 2153 3152 10780 2254 3286 10781 2266 3297 10782 2269 3298 10783 3069 3299 10784 2269 3298 10785 2270 3300 10786 3069 3299 10787 3069 3299 10788 2270 3300 10789 2109 3301 10790 2270 3300 10791 2273 3302 10792 2109 3301 10793 2109 3301 10794 2273 3302 10795 3072 3303 10796 2273 3302 10797 2265 3304 10798 3072 3303 10799 3072 3303 10800 2265 3304 10801 2104 3305 10802 2104 3305 10803 2265 3304 10804 2111 3306 10805 2265 3304 10806 2277 3307 10807 2111 3306 10808 2111 3306 10809 2277 3307 10810 2266 3297 10811 2277 3307 10812 2269 3298 10813 2266 3297 10814 2274 3308 10815 2273 3302 10816 2268 3309 10817 2268 3309 10818 2265 3310 10819 2274 3308 10820 2268 3309 10821 2276 3311 10822 2265 3310 10823 2278 3312 10824 2277 3313 10825 2268 3309 10826 2268 3309 10827 2277 3313 10828 2276 3311 10829 2269 3298 10830 2278 3312 10831 2268 3309 10832 2270 3300 10833 2269 3298 10834 2268 3309 10835 2271 3314 10836 2267 3315 10837 2268 3309 10838 2268 3309 10839 2267 3315 10840 2270 3300 10841 2273 3302 10842 2272 3316 10843 2268 3309 10844 2268 3309 10845 2272 3316 10846 2271 3314 10847 2273 3302 10848 2274 3308 10849 2265 3304 10850 2274 3317 10851 2275 3318 10852 2265 3319 10853 2265 3319 10854 2275 3318 10855 2276 3320 10856 2251 3321 10857 2250 3322 10858 79 3323 10859 79 430 10860 2250 3324 10861 81 3325 10862 2250 3205 10863 2128 3103 10864 81 3326 10865 2128 3103 10866 2279 3327 10867 81 3326 10868 2226 3328 10869 2194 3329 10870 2285 3330 10871 2288 3331 10872 2224 3332 10873 2295 3333 10874 2224 213 10875 2136 3334 10876 102 216 10877 102 216 10878 2136 3334 10879 2230 3335 10880 2136 3336 10881 2231 3337 10882 2230 3338 10883 2230 207 10884 2286 3262 10885 98 210 10886 98 210 10887 2286 3262 10888 2287 3261 10889 2289 3339 10890 2237 3340 10891 2290 3341 10892</p>
        </triangles>
        <triangles material="color__Cosmetic_Thread_-material" count="33">
          <input semantic="VERTEX" source="#rotor-mesh-vertices" offset="0"/>
          <input semantic="NORMAL" source="#rotor-mesh-normals" offset="1"/>
          <input semantic="TEXCOORD" source="#rotor-mesh-map-0" offset="2" set="0"/>
          <p>2280 3342 10893 2294 3343 10894 81 3325 10895 2294 3343 10896 2162 3166 10897 81 3325 10898 81 3325 10899 2162 3166 10900 79 430 10901 2162 3166 10902 2164 3168 10903 79 430 10904 79 430 10905 2164 3168 10906 2281 432 10907 2164 3168 10908 2294 3343 10909 2281 432 10910 2281 432 10911 2294 3343 10912 2280 3342 10913 2288 3331 10914 2296 3344 10915 2286 3345 10916 2296 3344 10917 2174 3178 10918 2286 3345 10919 2286 3345 10920 2174 3178 10921 102 3346 10922 2174 3178 10923 2176 3180 10924 102 3346 10925 2176 3180 10926 2179 3184 10927 102 3346 10928 102 3346 10929 2179 3184 10930 2295 3333 10931 2179 3184 10932 2296 3344 10933 2295 3333 10934 2295 3333 10935 2296 3344 10936 2288 3331 10937 84 3347 10938 2191 3348 10939 2285 3349 10940 2191 3348 10941 2186 3350 10942 2285 3349 10943 2285 3349 10944 2186 3350 10945 2226 3351 10946 2226 3351 10947 2186 3350 10948 239 438 10949 2186 3350 10950 2188 3352 10951 239 438 10952 239 438 10953 2188 3352 10954 91 436 10955 2188 3352 10956 2191 3348 10957 91 436 10958 91 436 10959 2191 3348 10960 84 3347 10961 2290 3353 10962 2298 3173 10963 2297 3354 10964 2298 3044 10965 2299 3172 10966 2237 415 10967 2237 415 10968 2299 3172 10969 2293 417 10970 2299 3172 10971 2167 3175 10972 2293 417 10973 2293 417 10974 2167 3175 10975 115 3355 10976 2167 3175 10977 2169 3174 10978 115 3355 10979 115 3355 10980 2169 3174 10981 2291 3356 10982 2169 3174 10983 2170 3160 10984 2291 3356 10985 2291 3356 10986 2170 3160 10987 2290 3353 10988 2290 3353 10989 2170 3160 10990 2298 3173 10991</p>
        </triangles>
        <triangles material="pw-mt11155-material" count="275">
          <input semantic="VERTEX" source="#rotor-mesh-vertices" offset="0"/>
          <input semantic="NORMAL" source="#rotor-mesh-normals" offset="1"/>
          <input semantic="TEXCOORD" source="#rotor-mesh-map-0" offset="2" set="0"/>
          <p>2300 3357 10992 2301 3358 10993 2331 3359 10994 2331 3359 10995 2301 3358 10996 2339 3360 10997 2303 3361 10998 2302 3362 10999 2331 3359 11000 2302 3362 11001 2300 3357 11002 2331 3359 11003 2330 3363 11004 2303 3361 11005 2331 3359 11006 2301 3358 11007 2304 3364 11008 2339 3360 11009 2339 3360 11010 2304 3364 11011 2332 3365 11012 2334 3366 11013 2307 3367 11014 2330 3363 11015 2307 3367 11016 2305 3368 11017 2330 3363 11018 2330 3363 11019 2305 3368 11020 2303 3361 11021 2306 3369 11022 2307 3367 11023 2334 3366 11024 2304 3364 11025 2308 3370 11026 2332 3365 11027 2308 3370 11028 2309 3371 11029 2332 3365 11030 2332 3365 11031 2309 3371 11032 2333 3372 11033 2333 3372 11034 2309 3371 11035 2334 3366 11036 2309 3371 11037 2306 3369 11038 2334 3366 11039 2310 208 11040 2312 3373 11041 2311 3374 11042 2311 3374 11043 2312 3373 11044 2313 3375 11045 2314 3376 11046 31 3377 11047 2315 3378 11048 31 3377 11049 2346 85 11050 2315 3378 11051 2346 85 11052 2310 84 11053 2315 3378 11054 2318 3379 11055 33 3380 11056 2343 3381 11057 2343 3382 11058 2316 3383 11059 2326 3384 11060 2326 3384 11061 2316 3383 11062 2317 3385 11063 2316 3383 11064 31 3377 11065 2317 3385 11066 2317 3385 11067 31 3377 11068 2314 3376 11069 2319 3386 11070 2344 3387 11071 2318 3379 11072 2313 3388 11073 2345 3389 11074 2319 3386 11075 2345 3389 11076 2344 3387 11077 2319 3386 11078 2329 3390 11079 2321 3391 11080 2345 3392 11081 2345 3392 11082 2321 3391 11083 2344 3393 11084 2345 3392 11085 2312 3394 11086 2329 3390 11087 2312 3395 11088 2310 3396 11089 2328 3397 11090 2324 3398 11091 2328 3399 11092 2346 3400 11093 2346 3400 11094 31 3377 11095 2324 3398 11096 2324 3398 11097 31 3377 11098 2322 3401 11099 2316 3383 11100 2322 3401 11101 31 3377 11102 2316 3383 11103 2343 3382 11104 2322 3401 11105 2322 3401 11106 2343 3382 11107 2323 3402 11108 2343 3403 11109 33 3404 11110 2320 3405 11111 2325 3406 11112 2322 3401 11113 2320 3407 11114 2325 3406 11115 2324 3398 11116 2322 3401 11117 2328 3399 11118 2324 3398 11119 2325 3406 11120 2329 3390 11121 2328 3399 11122 2325 3406 11123 2325 3406 11124 2321 3391 11125 2329 3390 11126 2325 3406 11127 2320 3407 11128 2321 3391 11129 2326 3384 11130 2317 3385 11131 2304 3408 11132 2304 3408 11133 2317 3385 11134 2309 3409 11135 2317 3385 11136 2315 3410 11137 2309 3409 11138 2309 3409 11139 2315 3410 11140 2307 3411 11141 2315 3410 11142 2311 3374 11143 2307 3411 11144 2307 3411 11145 2311 3374 11146 2303 3361 11147 2311 3374 11148 2313 3375 11149 2303 3361 11150 2303 3361 11151 2313 3375 11152 2302 3362 11153 2313 3375 11154 2318 3412 11155 2302 3362 11156 2302 3362 11157 2318 3412 11158 2301 3413 11159 2301 3413 11160 2318 3412 11161 2304 3408 11162 2318 3412 11163 2326 3384 11164 2304 3408 11165 2304 3414 11166 2327 3415 11167 2301 3416 11168 2323 3417 11169 2322 3418 11170 2320 3419 11171 2334 3420 11172 2332 3365 11173 2333 3372 11174 2341 3421 11175 2336 3422 11176 2340 3423 11177 2338 3424 11178 2330 3363 11179 2331 3359 11180 2335 3425 11181 2338 3424 11182 2331 3359 11183 2335 3425 11184 2339 3360 11185 2340 3426 11186 2339 3360 11187 2335 3425 11188 2331 3359 11189 2332 3365 11190 2340 3426 11191 2339 3360 11192 2333 3427 11193 2342 3428 11194 2341 3429 11195 2334 3430 11196 2342 3428 11197 2333 3427 11198 2342 3428 11199 2334 3430 11200 2337 3431 11201 33 3432 11202 2344 3433 11203 2343 3434 11204 2318 3379 11205 2344 3387 11206 33 3380 11207 2312 3435 11208 2313 3436 11209 2310 3437 11210 2377 3438 11211 2347 3439 11212 2383 3440 11213 2388 3441 11214 2379 3442 11215 2383 3440 11216 2379 3442 11217 2378 3443 11218 2383 3440 11219 2378 3443 11220 2377 3438 11221 2383 3440 11222 2349 3444 11223 2380 3445 11224 2388 3441 11225 2380 3445 11226 2379 3442 11227 2388 3441 11228 2383 3440 11229 2347 3439 11230 2348 3446 11231 2347 3439 11232 2374 3447 11233 2348 3446 11234 2353 3448 11235 2351 3449 11236 2387 3450 11237 2351 3449 11238 2349 3444 11239 2387 3450 11240 2387 3450 11241 2349 3444 11242 2388 3441 11243 2353 3448 11244 2350 3451 11245 2351 3449 11246 2374 3447 11247 2352 3452 11248 2348 3446 11249 2352 3453 11250 2375 3454 11251 2384 3455 11252 2384 3455 11253 2375 3454 11254 2353 3448 11255 2375 3454 11256 2350 3451 11257 2353 3448 11258 39 97 11259 2355 3456 11260 2354 3457 11261 2355 3458 11262 2367 3459 11263 2356 3460 11264 2362 3461 11265 2395 111 11266 2357 3462 11267 2395 111 11268 39 97 11269 2357 3462 11270 2357 3462 11271 39 97 11272 2354 3457 11273 2360 208 11274 2361 208 11275 2362 208 11276 2364 3463 11277 2358 3464 11278 2363 3465 11279 2363 3465 11280 2358 3464 11281 2359 3466 11282 2394 3467 11283 2364 3463 11284 2373 3468 11285 2373 3468 11286 2364 3463 11287 2363 3465 11288 2358 3469 11289 2364 3470 11290 2365 3471 11291 2365 3471 11292 2364 3470 11293 2382 3472 11294 2382 3472 11295 2394 3473 11296 2366 3474 11297 2394 3473 11298 2367 3475 11299 2366 3474 11300 2366 3474 11301 2367 3475 11302 2368 3476 11303 2367 3475 11304 39 3477 11305 2368 3476 11306 2368 3476 11307 39 3477 11308 2381 3478 11309 2371 3479 11310 2381 3478 11311 2395 3480 11312 2395 3480 11313 44 3481 11314 2371 3479 11315 2371 3479 11316 44 3481 11317 2369 3482 11318 2369 3482 11319 2361 3483 11320 2365 3471 11321 2361 3483 11322 2358 3469 11323 2365 3471 11324 2369 3482 11325 2365 3471 11326 2370 3484 11327 2371 3479 11328 2369 3482 11329 2370 3484 11330 2370 3484 11331 2381 3478 11332 2371 3479 11333 2370 3484 11334 2368 3476 11335 2381 3478 11336 2366 3474 11337 2368 3476 11338 2370 3484 11339 2370 3484 11340 2382 3472 11341 2366 3474 11342 2370 3484 11343 2365 3471 11344 2382 3472 11345 2374 3485 11346 2359 3486 11347 2352 3487 11348 2359 3486 11349 2362 3488 11350 2352 3487 11351 2352 3487 11352 2362 3488 11353 2350 3489 11354 2362 3488 11355 2354 3490 11356 2350 3489 11357 2350 3489 11358 2354 3490 11359 2372 3491 11360 2354 3490 11361 2356 3492 11362 2372 3491 11363 2372 3491 11364 2356 3492 11365 2379 3493 11366 2356 3492 11367 2373 3494 11368 2379 3493 11369 2379 3493 11370 2373 3494 11371 2377 3495 11372 2373 3494 11373 2359 3486 11374 2377 3495 11375 2377 3495 11376 2359 3486 11377 2374 3485 11378 2375 3454 11379 2352 3453 11380 2376 3496 11381 2376 3496 11382 2352 3453 11383 2374 3497 11384 2380 3445 11385 2349 3444 11386 2372 3498 11387 2353 3499 11388 2348 3500 11389 2384 3501 11390 2388 3441 11391 2389 3502 11392 2387 3450 11393 2388 3441 11394 2385 3503 11395 2389 3502 11396 2390 3504 11397 2385 3503 11398 2383 3440 11399 2383 3440 11400 2385 3503 11401 2388 3441 11402 2390 3504 11403 2383 3440 11404 2391 3505 11405 2383 3440 11406 2348 3446 11407 2391 3505 11408 2392 3506 11409 2348 3446 11410 2384 3507 11411 2348 3446 11412 2392 3506 11413 2391 3505 11414 2384 3507 11415 2393 3508 11416 2392 3506 11417 2353 3448 11418 2393 3508 11419 2384 3507 11420 2393 3508 11421 2353 3448 11422 2389 3502 11423 2353 3448 11424 2387 3450 11425 2389 3502 11426 39 3509 11427 2367 3510 11428 2355 3511 11429 2396 3512 11430 2400 3513 11431 2428 3514 11432 2428 3514 11433 2400 3513 11434 2429 3515 11435 2397 3516 11436 2398 3517 11437 2428 3514 11438 2398 3517 11439 2396 3512 11440 2428 3514 11441 2399 3518 11442 2424 3519 11443 2397 3516 11444 2424 3519 11445 2398 3517 11446 2397 3516 11447 2400 3513 11448 2401 3520 11449 2429 3515 11450 2418 3521 11451 2399 3518 11452 2402 3522 11453 2402 3522 11454 2399 3518 11455 2397 3516 11456 2404 3523 11457 2421 3524 11458 2402 3522 11459 2402 3522 11460 2421 3524 11461 2418 3521 11462 2429 3515 11463 2401 3520 11464 2437 3525 11465 2401 3520 11466 2403 3526 11467 2437 3525 11468 2437 3525 11469 2403 3526 11470 2430 3527 11471 2403 3526 11472 2404 3523 11473 2430 3527 11474 2430 3527 11475 2404 3523 11476 2402 3522 11477 2441 3528 11478 2405 3529 11479 2408 3530 11480 2405 3531 11481 51 3532 11482 2412 3533 11483 2406 3534 11484 2441 3535 11485 2407 3536 11486 2409 3537 11487 2439 3538 11488 2419 3539 11489 2419 3539 11490 2439 3538 11491 2410 3540 11492 2440 3541 11493 49 3542 11494 2411 3543 11495 2411 3543 11496 49 3542 11497 2409 3537 11498 49 3542 11499 2439 3538 11500 2409 3537 11501 2427 3544 11502 2415 3545 11503 2439 3546 11504 49 3547 11505 2440 3548 11506 2427 3549 11507 2427 3549 11508 2440 3548 11509 2426 3550 11510 2440 3548 11511 51 3551 11512 2426 3550 11513 2426 3550 11514 51 3551 11515 2425 3552 11516 2405 3553 11517 2441 3554 11518 2425 3552 11519 2425 3552 11520 2441 3554 11521 2413 3555 11522 2413 3555 11523 2406 3556 11524 2414 3557 11525 2406 3556 11526 2410 3558 11527 2414 3557 11528 2415 3545 11529 2414 3557 11530 2410 3558 11531 2410 3558 11532 2439 3546 11533 2415 3545 11534 2414 3557 11535 2415 3545 11536 2416 3559 11537 2413 3555 11538 2414 3557 11539 2416 3559 11540 2425 3552 11541 2413 3555 11542 2416 3559 11543 2416 3559 11544 2426 3550 11545 2425 3552 11546 2416 3559 11547 2427 3560 11548 2426 3550 11549 2415 3545 11550 2427 3560 11551 2416 3559 11552 2419 3561 11553 2417 3562 11554 2401 3563 11555 2401 3563 11556 2417 3562 11557 2422 3564 11558 2417 3562 11559 2407 3565 11560 2422 3564 11561 2422 3564 11562 2407 3565 11563 2418 3521 11564 2407 3565 11565 2405 3531 11566 2418 3521 11567 2418 3521 11568 2405 3531 11569 2399 3518 11570 2399 3518 11571 2405 3531 11572 2398 3566 11573 2405 3531 11574 2412 3533 11575 2398 3566 11576 2412 3533 11577 2411 3567 11578 2398 3566 11579 2398 3566 11580 2411 3567 11581 2400 3568 11582 2400 3568 11583 2411 3567 11584 2423 3569 11585 2411 3567 11586 2419 3570 11587 2423 3569 11588 2404 3523 11589 2403 3526 11590 2422 3571 11591 2403 3526 11592 2401 3520 11593 2423 3572 11594 2400 3573 11595 2398 3574 11596 2396 3575 11597 2426 3576 11598 2415 3577 11599 2427 3578 11600 2402 3579 11601 2437 3525 11602 2430 3527 11603 2397 3516 11604 2432 3580 11605 2402 3522 11606 2433 3581 11607 2434 3582 11608 2428 3514 11609 2428 3514 11610 2434 3582 11611 2397 3516 11612 2435 3583 11613 2433 3581 11614 2429 3515 11615 2429 3515 11616 2433 3581 11617 2428 3514 11618 2429 3515 11619 2436 3584 11620 2435 3583 11621 2402 3522 11622 2438 3585 11623 2430 3586 11624 2438 3587 11625 2436 3588 11626 2437 3589 11627 2438 3585 11628 2402 3522 11629 2432 3580 11630 2441 3590 11631 51 3591 11632 2405 3592 11633 2442 3593 11634 2444 3594 11635 2478 3595 11636 2476 3596 11637 2443 3597 11638 2478 3595 11639 2443 3597 11640 2442 3593 11641 2478 3595 11642 2482 3598 11643 2445 3599 11644 2476 3596 11645 2476 3596 11646 2445 3599 11647 2443 3597 11648 2444 3594 11649 2462 3600 11650 2478 3595 11651 2478 3595 11652 2462 3600 11653 2479 3601 11654 2479 3601 11655 2462 3600 11656 2472 3602 11657 2462 3600 11658 2447 3603 11659 2472 3602 11660 2446 3604 11661 2459 3605 11662 2482 3598 11663 2459 3605 11664 2465 3606 11665 2482 3598 11666 2482 3598 11667 2465 3606 11668 2445 3599 11669 2446 3604 11670 2449 3607 11671 2459 3605 11672 2447 3603 11673 2464 3608 11674 2472 3602 11675 2464 3608 11676 2448 3609 11677 2472 3602 11678 2472 3602 11679 2448 3609 11680 2446 3604 11681 2448 3609 11682 2449 3607 11683 2446 3604 11684 2487 3610 11685 2486 3611 11686 2450 3612 11687 2488 3613 11688 2453 3614 11689 2452 3615 11690 2484 3616 11691 2456 3617 11692 2463 3618 11693 2456 3617 11694 2489 102 11695 2463 3618 11696 2489 102 11697 2454 100 11698 2463 3618 11699 2463 3618 11700 2454 100 11701 2458 3619 11702 2485 3620 11703 2456 3617 11704 2484 3616 11705 2455 3621 11706 2486 3611 11707 2485 3622 11708 2466 3623 11709 2456 3624 11710 2471 3625 11711 2456 3624 11712 2485 3622 11713 2471 3625 11714 2471 3625 11715 2485 3622 11716 2470 3626 11717 2486 3611 11718 2470 3626 11719 2485 3622 11720 2486 3611 11721 2487 3610 11722 2470 3626 11723 2470 3626 11724 2487 3610 11725 2469 3627 11726 2487 3628 11727 2453 3629 11728 2468 3630 11729 2453 3629 11730 2488 3631 11731 2468 3630 11732 2488 3632 11733 2454 3633 11734 2467 3634 11735 2467 3635 11736 2489 3636 11737 2466 3623 11738 2489 3636 11739 2456 3624 11740 2466 3623 11741 2467 3635 11742 2466 3623 11743 2457 3637 11744 2457 3637 11745 2468 3638 11746 2467 3635 11747 2457 3637 11748 2469 3627 11749 2468 3638 11750 2457 3637 11751 2470 3626 11752 2469 3627 11753 2457 3637 11754 2471 3625 11755 2470 3626 11756 2463 3618 11757 2458 3619 11758 2462 3639 11759 2462 3639 11760 2458 3619 11761 2448 3640 11762 2458 3619 11763 2451 3641 11764 2448 3640 11765 2448 3640 11766 2451 3641 11767 2459 3642 11768 2451 3641 11769 2460 3643 11770 2459 3642 11771 2459 3642 11772 2460 3643 11773 2445 3644 11774 2460 3643 11775 2450 3645 11776 2445 3644 11777 2445 3644 11778 2450 3645 11779 2442 3646 11780 2450 3645 11781 2461 3647 11782 2442 3646 11783 2442 3646 11784 2461 3647 11785 2462 3639 11786 2461 3647 11787 2463 3618 11788 2462 3639 11789 2481 3648 11790 2473 3649 11791 2474 3650 11792 2476 3651 11793 2475 3652 11794 2483 3653 11795 2478 3654 11796 2477 3655 11797 2475 3656 11798 2480 3657 11799 2477 3655 11800 2478 3654 11801 2474 3658 11802 2480 3659 11803 2472 3602 11804 2472 3602 11805 2480 3659 11806 2479 3601 11807 2446 3604 11808 2481 3660 11809 2472 3602 11810 2481 3660 11811 2446 3604 11812 2483 3661 11813 2446 3604 11814 2482 3598 11815 2483 3661 11816</p>
        </triangles>
        <triangles material="satin_finish_aluminum-material" count="969">
          <input semantic="VERTEX" source="#rotor-mesh-vertices" offset="0"/>
          <input semantic="NORMAL" source="#rotor-mesh-normals" offset="1"/>
          <input semantic="TEXCOORD" source="#rotor-mesh-map-0" offset="2" set="0"/>
          <p>2536 3662 11817 2491 3663 11818 2490 3664 11819 2833 3665 11820 2103 3666 11821 2527 3667 11822 2921 3668 11823 2834 3669 11824 2493 3670 11825 2918 3671 11826 2922 3672 11827 2496 3673 11828 2494 3674 11829 2575 3675 11830 2496 3673 11831 2923 3676 11832 2918 3671 11833 2575 3675 11834 2575 3675 11835 2918 3671 11836 2496 3673 11837 2560 3677 11838 2494 3674 11839 2495 3678 11840 2495 3678 11841 2494 3674 11842 2496 3673 11843 2499 3679 11844 2497 3680 11845 2498 3681 11846 2532 3682 11847 2497 3680 11848 2499 3679 11849 2533 3683 11850 2500 3684 11851 2532 3682 11852 2532 3682 11853 2500 3684 11854 2775 3685 11855 2775 3685 11856 2500 3684 11857 2503 3686 11858 2500 3684 11859 2502 3687 11860 2503 3686 11861 2501 3688 11862 2505 3689 11863 2502 3687 11864 2505 3689 11865 2503 3686 11866 2502 3687 11867 2506 3690 11868 2504 3691 11869 2501 3688 11870 2504 3691 11871 2505 3689 11872 2501 3688 11873 2546 3692 11874 2504 3693 11875 2528 3694 11876 2528 3694 11877 2504 3693 11878 2506 3695 11879 2782 3696 11880 2546 3697 11881 2492 3698 11882 2508 3699 11883 2507 3700 11884 2782 3696 11885 2574 3701 11886 2507 3700 11887 2508 3699 11888 2491 3663 11889 2536 3662 11890 2574 3701 11891 2574 3701 11892 2536 3662 11893 2510 3702 11894 2509 3703 11895 2510 3702 11896 2536 3662 11897 2568 3704 11898 2511 3705 11899 2763 3706 11900 2761 3707 11901 2513 3708 11902 2512 3709 11903 2760 3710 11904 2513 3708 11905 2758 3711 11906 2758 3711 11907 2513 3708 11908 2761 3707 11909 2515 3712 11910 2514 3713 11911 2758 3714 11912 2514 3713 11913 2760 3715 11914 2758 3714 11915 2514 3713 11916 2515 3712 11917 2516 3716 11918 2515 3712 11919 2517 3717 11920 2516 3716 11921 2516 3716 11922 2517 3717 11923 2519 3718 11924 2517 3717 11925 2565 3719 11926 2519 3718 11927 2521 3720 11928 2518 3721 11929 2565 3719 11930 2518 3721 11931 2519 3718 11932 2565 3719 11933 2520 3722 11934 2518 3721 11935 2521 3720 11936 2524 3723 11937 2556 3724 11938 2522 3725 11939 2523 3726 11940 2524 3727 11941 2554 3728 11942 2525 3729 11943 2523 3730 11944 2526 3731 11945 2526 3731 11946 2523 3730 11947 2561 3732 11948 2525 3733 11949 2526 3734 11950 2527 3735 11951 2526 3734 11952 2493 3736 11953 2527 3735 11954 2493 3670 11955 2834 3669 11956 2527 3667 11957 2527 3667 11958 2834 3669 11959 2833 3665 11960 2536 3662 11961 2490 3664 11962 2537 3737 11963 2547 3738 11964 2528 3739 11965 2529 3740 11966 2528 3739 11967 2530 3741 11968 2529 3740 11969 2529 3740 11970 2530 3741 11971 2531 3742 11972 2530 3741 11973 2533 3683 11974 2531 3742 11975 2532 3682 11976 2499 3679 11977 2533 3683 11978 2533 3683 11979 2499 3679 11980 2531 3742 11981 2499 3679 11982 2534 3743 11983 2531 3742 11984 2531 3742 11985 2534 3743 11986 2529 3740 11987 2534 3743 11988 2535 3744 11989 2529 3740 11990 2529 3740 11991 2535 3744 11992 2547 3738 11993 2545 3745 11994 2509 3746 11995 2552 3747 11996 2509 3703 11997 2536 3662 11998 2552 3748 11999 2552 3748 12000 2536 3662 12001 2551 3749 12002 2536 3662 12003 2537 3737 12004 2551 3749 12005 2551 3749 12006 2537 3737 12007 2818 3750 12008 2541 3751 12009 2543 3752 12010 2542 3753 12011 2782 3696 12012 2492 3698 12013 2508 3699 12014 2492 3698 12015 2548 3754 12016 2508 3699 12017 2508 3699 12018 2548 3754 12019 2539 3755 12020 2538 3756 12021 2787 3757 12022 2552 3758 12023 2787 3759 12024 2569 3760 12025 2552 3747 12026 2574 3701 12027 2508 3699 12028 2491 3663 12029 2508 3699 12030 2539 3755 12031 2491 3663 12032 2491 3663 12033 2539 3755 12034 2818 3761 12035 2534 3743 12036 2540 3762 12037 2535 3744 12038 2540 3762 12039 2541 3751 12040 2535 3744 12041 2541 3751 12042 2542 3753 12043 2535 3744 12044 2535 3744 12045 2542 3753 12046 2547 3738 12047 2540 3763 12048 2564 3764 12049 2543 3765 12050 2564 3764 12051 2544 3766 12052 2543 3765 12053 2549 3767 12054 2538 3756 12055 2550 3768 12056 2538 3756 12057 2552 3758 12058 2550 3768 12059 2552 3747 12060 2569 3760 12061 2545 3745 12062 2569 3769 12063 2576 3770 12064 2545 3771 12065 2546 3697 12066 2547 3772 12067 2492 3698 12068 2547 3772 12069 2543 3765 12070 2492 3698 12071 2492 3698 12072 2543 3765 12073 2548 3754 12074 2543 3765 12075 2544 3766 12076 2548 3754 12077 2548 3754 12078 2544 3766 12079 2818 3773 12080 2544 3766 12081 2549 3774 12082 2818 3773 12083 2549 3767 12084 2550 3768 12085 2818 3775 12086 2818 3750 12087 2550 3776 12088 2551 3749 12089 2550 3776 12090 2552 3777 12091 2551 3749 12092 2561 3732 12093 2553 3778 12094 2493 3670 12095 2553 3778 12096 2922 3672 12097 2493 3670 12098 2493 3670 12099 2922 3672 12100 2921 3668 12101 2554 3728 12102 2524 3727 12103 2559 3779 12104 2558 3780 12105 2557 3781 12106 2555 3782 12107 2557 3781 12108 2521 3720 12109 2555 3782 12110 2520 3722 12111 2521 3720 12112 2556 3724 12113 2521 3720 12114 2557 3781 12115 2556 3724 12116 2556 3724 12117 2557 3781 12118 2522 3725 12119 2557 3781 12120 2558 3780 12121 2522 3725 12122 2522 3725 12123 2558 3780 12124 2559 3783 12125 2563 3784 12126 2499 3679 12127 2495 3678 12128 2499 3679 12129 2498 3681 12130 2495 3678 12131 2495 3678 12132 2498 3681 12133 2560 3677 12134 2561 3732 12135 2563 3784 12136 2553 3778 12137 2563 3784 12138 2495 3678 12139 2553 3778 12140 2553 3778 12141 2495 3678 12142 2562 3785 12143 2495 3678 12144 2496 3673 12145 2562 3785 12146 2496 3673 12147 2922 3672 12148 2562 3785 12149 2561 3732 12150 2523 3730 12151 2563 3784 12152 2523 3730 12153 2559 3786 12154 2563 3784 12155 2563 3784 12156 2559 3786 12157 2499 3679 12158 2499 3679 12159 2559 3786 12160 2534 3743 12161 2559 3786 12162 2555 3782 12163 2534 3743 12164 2555 3782 12165 2521 3720 12166 2534 3743 12167 2534 3743 12168 2521 3720 12169 2564 3787 12170 2521 3720 12171 2565 3719 12172 2564 3787 12173 2565 3719 12174 2566 3788 12175 2564 3787 12176 2564 3787 12177 2566 3788 12178 2567 3789 12179 2566 3788 12180 2568 3790 12181 2567 3789 12182 2567 3789 12183 2568 3790 12184 2787 3791 12185 2568 3704 12186 2763 3706 12187 2787 3792 12188 2787 3792 12189 2763 3706 12190 2569 3793 12191 2570 3794 12192 2505 3689 12193 2571 3795 12194 2571 3795 12195 2505 3689 12196 2504 3691 12197 2507 3796 12198 2782 3797 12199 2546 3798 12200 2545 3799 12201 2509 3800 12202 2510 3801 12203 2763 3706 12204 2511 3705 12205 2576 3802 12206 2576 3802 12207 2511 3705 12208 2569 3803 12209 2760 3804 12210 2513 3805 12211 2577 3806 12212 2615 3807 12213 2579 3808 12214 2616 3809 12215 2593 3810 12216 2580 3811 12217 2618 3812 12218 3060 3813 12219 3056 3814 12220 2614 3815 12221 2581 3816 12222 3060 3813 12223 2641 3817 12224 3063 3818 12225 2582 3819 12226 2583 3820 12227 2582 3819 12228 2642 3821 12229 2583 3820 12230 3057 3822 12231 3063 3818 12232 2586 3823 12233 3063 3818 12234 2583 3820 12235 2586 3823 12236 2584 3824 12237 2586 3823 12238 2585 3825 12239 2585 3825 12240 2586 3823 12241 2583 3820 12242 2620 3826 12243 2647 3827 12244 2587 3828 12245 2588 3829 12246 3025 3830 12247 2589 3831 12248 2588 3829 12249 2589 3831 12250 2592 3832 12251 2589 3831 12252 2590 3833 12253 2592 3832 12254 2594 3834 12255 2591 3835 12256 2590 3833 12257 2591 3835 12258 2592 3832 12259 2590 3833 12260 2580 3836 12261 2593 3837 12262 2594 3834 12263 2593 3837 12264 2591 3835 12265 2594 3834 12266 2951 3838 12267 2947 3839 12268 2634 3840 12269 2618 3841 12270 2947 3839 12271 2593 3842 12272 2579 3843 12273 2951 3844 12274 2595 3845 12275 2579 3808 12276 2615 3807 12277 2948 3846 12278 2597 3847 12279 2598 3848 12280 2599 3849 12281 2598 3848 12282 2600 3850 12283 2599 3849 12284 2599 3851 12285 2600 3852 12286 2601 3853 12287 2600 3852 12288 2602 3854 12289 2601 3853 12290 2601 3853 12291 2602 3854 12292 2604 3855 12293 2602 3854 12294 2603 3856 12295 2604 3855 12296 2605 3857 12297 2973 3858 12298 2603 3856 12299 2973 3858 12300 2604 3855 12301 2603 3856 12302 2607 3859 12303 2608 3860 12304 2605 3857 12305 2608 3860 12306 2973 3858 12307 2605 3857 12308 2609 3861 12309 2606 3862 12310 2607 3859 12311 2606 3862 12312 2608 3860 12313 2607 3859 12314 2644 3863 12315 2606 3862 12316 2609 3861 12317 3042 3864 12318 2645 3865 12319 2610 3866 12320 2611 3867 12321 3042 3868 12322 2612 3869 12323 3035 3870 12324 2611 3871 12325 2613 3872 12326 2613 3872 12327 2611 3871 12328 2639 3873 12329 3035 3874 12330 2613 3875 12331 2614 3876 12332 2613 3875 12333 2641 3877 12334 2614 3876 12335 2641 3817 12336 3060 3813 12337 2614 3815 12338 2615 3807 12339 2616 3809 12340 2617 3878 12341 2624 3879 12342 2618 3880 12343 2622 3881 12344 2618 3880 12345 2619 3882 12346 2622 3881 12347 2622 3881 12348 2619 3882 12349 2621 3883 12350 2619 3882 12351 2589 3884 12352 2621 3883 12353 2620 3826 12354 2587 3828 12355 2589 3884 12356 2589 3884 12357 2587 3828 12358 2621 3883 12359 2587 3828 12360 2652 3885 12361 2621 3883 12362 2621 3883 12363 2652 3885 12364 2622 3881 12365 2652 3885 12366 2623 3886 12367 2622 3881 12368 2622 3881 12369 2623 3886 12370 2624 3879 12371 2950 3887 12372 2948 3888 12373 2638 3889 12374 2948 3888 12375 2615 3807 12376 2638 3889 12377 2638 3889 12378 2615 3807 12379 2637 3890 12380 2615 3807 12381 2617 3878 12382 2637 3890 12383 2637 3890 12384 2617 3878 12385 2636 3891 12386 2627 3892 12387 2630 3893 12388 2628 3894 12389 2951 3838 12390 2634 3840 12391 2595 3845 12392 2634 3840 12393 2635 3895 12394 2595 3845 12395 2595 3845 12396 2635 3895 12397 2625 3896 12398 2632 3897 12399 2954 3898 12400 2638 3889 12401 2954 3898 12402 2952 3899 12403 2638 3889 12404 2638 3889 12405 2952 3899 12406 2626 3900 12407 2595 3845 12408 2625 3896 12409 2579 3843 12410 2579 3843 12411 2625 3896 12412 2636 3901 12413 2652 3885 12414 2629 3902 12415 2623 3886 12416 2629 3902 12417 2627 3892 12418 2623 3886 12419 2627 3892 12420 2628 3894 12421 2623 3886 12422 2623 3886 12423 2628 3894 12424 2624 3879 12425 2629 3903 12426 2653 3904 12427 2630 3905 12428 2653 3904 12429 2631 3906 12430 2630 3905 12431 3037 3907 12432 2632 3897 12433 2633 3908 12434 2632 3897 12435 2638 3889 12436 2633 3908 12437 2947 3839 12438 2618 3841 12439 2634 3840 12440 2618 3841 12441 2630 3905 12442 2634 3840 12443 2634 3840 12444 2630 3905 12445 2635 3895 12446 2630 3905 12447 2631 3906 12448 2635 3895 12449 2635 3895 12450 2631 3906 12451 2636 3909 12452 2631 3906 12453 3037 3910 12454 2636 3909 12455 3037 3907 12456 2633 3908 12457 2636 3891 12458 2636 3891 12459 2633 3908 12460 2637 3890 12461 2633 3908 12462 2638 3889 12463 2637 3890 12464 2638 3889 12465 2626 3900 12466 2950 3887 12467 2639 3873 12468 2640 3911 12469 2641 3817 12470 2640 3911 12471 2642 3912 12472 2641 3817 12473 2641 3817 12474 2642 3912 12475 2581 3816 12476 2612 3869 12477 3042 3868 12478 2650 3913 12479 2643 3914 12480 2646 3915 12481 2651 3916 12482 2646 3915 12483 2609 3861 12484 2651 3916 12485 2644 3863 12486 2609 3861 12487 2645 3865 12488 2609 3861 12489 2646 3915 12490 2645 3865 12491 2645 3865 12492 2646 3915 12493 2610 3866 12494 2646 3915 12495 2643 3914 12496 2610 3866 12497 2610 3866 12498 2643 3914 12499 2650 3917 12500 2648 3918 12501 2587 3828 12502 2585 3825 12503 2587 3828 12504 2647 3827 12505 2585 3825 12506 2585 3825 12507 2647 3827 12508 2584 3824 12509 2639 3873 12510 2648 3918 12511 2640 3911 12512 2648 3918 12513 2585 3825 12514 2640 3911 12515 2640 3911 12516 2585 3825 12517 2649 3919 12518 2585 3825 12519 2583 3820 12520 2649 3919 12521 2583 3820 12522 2642 3821 12523 2649 3919 12524 2611 3871 12525 2650 3920 12526 2639 3873 12527 2639 3873 12528 2650 3920 12529 2648 3918 12530 2648 3918 12531 2650 3920 12532 2587 3828 12533 2650 3920 12534 2651 3916 12535 2587 3828 12536 2587 3828 12537 2651 3916 12538 2652 3885 12539 2651 3916 12540 2609 3861 12541 2652 3885 12542 2652 3885 12543 2609 3861 12544 2653 3921 12545 2609 3861 12546 2607 3859 12547 2653 3921 12548 2607 3859 12549 2654 3922 12550 2653 3921 12551 2653 3921 12552 2654 3922 12553 2655 3923 12554 2654 3922 12555 2954 3924 12556 2655 3923 12557 2954 3898 12558 2596 3925 12559 2952 3899 12560 2690 3926 12561 2656 3927 12562 2691 3928 12563 2736 3929 12564 2670 3930 12565 2710 3931 12566 2941 3932 12567 2657 3933 12568 2689 3934 12569 2658 3935 12570 2941 3932 12571 2659 3936 12572 2944 3937 12573 2943 3938 12574 2661 3939 12575 2881 3940 12576 2660 3941 12577 2661 3939 12578 2926 3942 12579 2944 3937 12580 2660 3941 12581 2660 3941 12582 2944 3937 12583 2661 3939 12584 2723 3943 12585 2662 3944 12586 2661 3939 12587 2662 3944 12588 2881 3940 12589 2661 3939 12590 2663 3945 12591 2665 3946 12592 2722 3947 12593 2664 3948 12594 2665 3946 12595 2663 3945 12596 2667 3949 12597 2694 3950 12598 2666 3951 12599 2667 3949 12600 2666 3951 12601 2669 3952 12602 2666 3951 12603 2668 3953 12604 2669 3952 12605 2671 3954 12606 2672 3955 12607 2668 3953 12608 2672 3955 12609 2669 3952 12610 2668 3953 12611 2670 3956 12612 2736 3957 12613 2671 3954 12614 2736 3957 12615 2672 3955 12616 2671 3954 12617 2674 3958 12618 2673 3959 12619 2711 3960 12620 2710 3961 12621 2673 3959 12622 2736 3962 12623 2656 3927 12624 2740 3963 12625 2700 3964 12626 2740 3963 12627 2674 3958 12628 2700 3964 12629 2656 3927 12630 2690 3926 12631 2849 3965 12632 2738 3966 12633 2849 3965 12634 2690 3926 12635 2845 3967 12636 2676 3968 12637 2678 3969 12638 2845 3970 12639 2678 3971 12640 2682 3972 12641 2678 3971 12642 2679 3973 12643 2682 3972 12644 2680 3974 12645 2681 3975 12646 2679 3973 12647 2681 3975 12648 2682 3972 12649 2679 3973 12650 2728 3976 12651 2840 3977 12652 2680 3974 12653 2840 3977 12654 2681 3975 12655 2680 3974 12656 2717 3978 12657 2683 3979 12658 2728 3976 12659 2683 3979 12660 2840 3977 12661 2728 3976 12662 2746 3980 12663 2683 3979 12664 2717 3978 12665 2745 3981 12666 2718 3982 12667 2684 3983 12668 2686 3984 12669 2745 3985 12670 2685 3986 12671 2898 3987 12672 2686 3988 12673 2688 3989 12674 2688 3989 12675 2686 3988 12676 2687 3990 12677 2898 3991 12678 2688 3992 12679 2689 3993 12680 2688 3992 12681 2659 3994 12682 2689 3993 12683 2659 3936 12684 2941 3932 12685 2689 3934 12686 2690 3926 12687 2691 3928 12688 2698 3995 12689 2697 3996 12690 2710 3997 12691 2692 3998 12692 2710 3997 12693 2693 3999 12694 2692 3998 12695 2692 3998 12696 2693 3999 12697 2695 4000 12698 2693 3999 12699 2666 4001 12700 2695 4000 12701 2664 3948 12702 2663 3945 12703 2694 4002 12704 2694 4002 12705 2663 3945 12706 2695 4000 12707 2663 3945 12708 2726 4003 12709 2695 4000 12710 2695 4000 12711 2726 4003 12712 2692 3998 12713 2726 4003 12714 2696 4004 12715 2692 3998 12716 2692 3998 12717 2696 4004 12718 2697 3996 12719 2709 4005 12720 2738 4006 12721 2708 4007 12722 2738 3966 12723 2690 3926 12724 2708 4008 12725 2708 4008 12726 2690 3926 12727 2715 4009 12728 2690 3926 12729 2698 3995 12730 2715 4009 12731 2715 4009 12732 2698 3995 12733 2702 4010 12734 2704 4011 12735 2699 4012 12736 2705 4013 12737 2674 3958 12738 2711 3960 12739 2700 3964 12740 2711 3960 12741 2712 4014 12742 2700 3964 12743 2700 3964 12744 2712 4014 12745 2701 4015 12746 2707 4016 12747 2744 4017 12748 2848 4018 12749 2744 4017 12750 2675 4019 12751 2848 4018 12752 2656 3927 12753 2700 3964 12754 2691 3928 12755 2700 3964 12756 2701 4015 12757 2691 3928 12758 2691 3928 12759 2701 4015 12760 2702 4020 12761 2726 4003 12762 2703 4021 12763 2696 4004 12764 2703 4021 12765 2704 4011 12766 2696 4004 12767 2704 4011 12768 2705 4013 12769 2696 4004 12770 2696 4004 12771 2705 4013 12772 2697 3996 12773 2703 4022 12774 2706 4023 12775 2699 4024 12776 2706 4023 12777 2713 4025 12778 2699 4024 12779 2714 4026 12780 2707 4016 12781 2871 4027 12782 2707 4016 12783 2848 4018 12784 2871 4027 12785 2871 4027 12786 2848 4018 12787 2708 4007 12788 2848 4018 12789 2675 4028 12790 2708 4007 12791 2708 4007 12792 2675 4028 12793 2709 4005 12794 2675 4029 12795 2739 4030 12796 2709 4031 12797 2673 3959 12798 2710 3961 12799 2711 3960 12800 2710 3961 12801 2699 4024 12802 2711 3960 12803 2711 3960 12804 2699 4024 12805 2712 4014 12806 2699 4024 12807 2713 4025 12808 2712 4014 12809 2712 4014 12810 2713 4025 12811 2702 4032 12812 2713 4025 12813 2714 4033 12814 2702 4032 12815 2714 4026 12816 2871 4027 12817 2702 4034 12818 2702 4010 12819 2871 4035 12820 2715 4009 12821 2871 4035 12822 2708 4036 12823 2715 4009 12824 2687 3990 12825 2716 4037 12826 2659 3936 12827 2716 4037 12828 2943 3938 12829 2659 3936 12830 2659 3936 12831 2943 3938 12832 2658 3935 12833 2685 3986 12834 2745 3985 12835 2725 4038 12836 2720 4039 12837 2719 4040 12838 2727 4041 12839 2719 4040 12840 2717 3978 12841 2727 4041 12842 2746 3980 12843 2717 3978 12844 2718 3982 12845 2717 3978 12846 2719 4040 12847 2718 3982 12848 2718 3982 12849 2719 4040 12850 2684 3983 12851 2719 4040 12852 2720 4039 12853 2684 3983 12854 2684 3983 12855 2720 4039 12856 2725 4042 12857 2721 4043 12858 2663 3945 12859 2662 4044 12860 2663 3945 12861 2722 3947 12862 2662 4044 12863 2687 3990 12864 2721 4043 12865 2716 4037 12866 2721 4043 12867 2723 3943 12868 2716 4037 12869 2716 4037 12870 2723 3943 12871 2724 4045 12872 2723 3943 12873 2661 3939 12874 2724 4045 12875 2661 3939 12876 2943 3938 12877 2724 4045 12878 2687 3990 12879 2686 3988 12880 2721 4043 12881 2686 3988 12882 2725 4046 12883 2721 4043 12884 2721 4043 12885 2725 4046 12886 2663 3945 12887 2663 3945 12888 2725 4046 12889 2726 4003 12890 2725 4046 12891 2727 4041 12892 2726 4003 12893 2727 4041 12894 2717 3978 12895 2726 4003 12896 2726 4003 12897 2717 3978 12898 2706 4047 12899 2717 3978 12900 2728 3976 12901 2706 4047 12902 2728 3976 12903 2729 4048 12904 2706 4047 12905 2706 4047 12906 2729 4048 12907 2730 4049 12908 2729 4048 12909 2742 4050 12910 2730 4049 12911 2730 4049 12912 2742 4050 12913 2744 4017 12914 2742 4050 12915 2743 4051 12916 2744 4017 12917 2744 4017 12918 2743 4051 12919 2675 4019 12920 2743 4051 12921 2741 4052 12922 2675 4019 12923 2731 4053 12924 2732 4054 12925 2662 4055 12926 2662 3944 12927 2731 4056 12928 2665 4057 12929 2736 4058 12930 2737 4059 12931 2673 4060 12932 2694 3950 12933 2667 3949 12934 2669 3952 12935 2709 4061 12936 2738 4062 12937 2849 4063 12938 2804 4064 12939 2748 4065 12940 2792 4066 12941 2103 3666 12942 2831 4067 12943 2527 3667 12944 2527 3667 12945 2831 4067 12946 2493 4068 12947 2751 4069 12948 2752 4070 12949 2526 4071 12950 2752 4070 12951 2525 4072 12952 2526 4071 12953 2753 4073 12954 2578 4074 12955 2751 4069 12956 2751 4069 12957 2578 4074 12958 2752 4070 12959 2524 4075 12960 2578 4074 12961 2816 4076 12962 2816 4076 12963 2578 4074 12964 2753 4073 12965 2769 4077 12966 2520 4078 12967 2821 4079 12968 2520 4078 12969 2823 4080 12970 2821 4079 12971 2769 4077 12972 2754 4081 12973 2520 4078 12974 2755 4082 12975 2756 4083 12976 2519 3718 12977 2519 3718 12978 2756 4083 12979 2516 3716 12980 2757 4084 12981 2516 3716 12982 2756 4083 12983 2760 4085 12984 2759 4086 12985 2758 4087 12986 2758 4087 12987 2759 4086 12988 2757 4084 12989 2757 4084 12990 2759 4086 12991 2516 3716 12992 2761 3707 12993 2762 4088 12994 2758 3711 12995 2758 3711 12996 2762 4088 12997 2760 4089 12998 2512 4090 12999 2549 4091 13000 2568 4092 13001 2549 4091 13002 2787 4093 13003 2568 4092 13004 2549 4091 13005 2512 4090 13006 2761 4094 13007 2512 4095 13008 2762 4088 13009 2761 3707 13010 2764 4096 13011 2796 4097 13012 2795 4098 13013 2766 4099 13014 2765 4100 13015 2788 4101 13016 2831 4067 13017 2830 4102 13018 2493 4068 13019 2576 4103 13020 2768 4104 13021 2538 4105 13022 2538 4105 13023 2768 4104 13024 2769 4077 13025 2768 4104 13026 2755 4082 13027 2769 4077 13028 2755 4082 13029 2519 3718 13030 2769 4077 13031 2769 4077 13032 2519 3718 13033 2754 4081 13034 2813 4106 13035 2749 4107 13036 2770 4108 13037 2781 4109 13038 2771 4110 13039 2503 4111 13040 2771 4110 13041 2773 4112 13042 2503 4111 13043 2772 4113 13044 2573 4114 13045 2571 4115 13046 2573 4114 13047 2773 4112 13048 2571 4115 13049 2570 4116 13050 2572 4117 13051 2774 4118 13052 2775 4119 13053 2570 4120 13054 2776 4121 13055 2570 4120 13056 2572 4122 13057 2776 4121 13058 2776 4121 13059 2572 4122 13060 2571 4123 13061 2571 4123 13062 2572 4122 13063 2506 4124 13064 2749 4125 13065 2750 4126 13066 2777 4127 13067 2750 4126 13068 2781 4128 13069 2777 4127 13070 2777 4127 13071 2781 4128 13072 2778 4129 13073 2809 4130 13074 2828 4131 13075 2779 4132 13076 2828 4131 13077 2827 4133 13078 2779 4132 13079 2827 4133 13080 2815 4134 13081 2779 4132 13082 2779 4132 13083 2815 4134 13084 2770 4108 13085 2528 4135 13086 2780 4136 13087 2506 4137 13088 2780 4136 13089 2772 4138 13090 2506 4137 13091 2506 4137 13092 2772 4138 13093 2781 4128 13094 2507 3700 13095 2783 4139 13096 2782 4140 13097 2782 4140 13098 2783 4139 13099 2784 4141 13100 2783 4139 13101 2785 4142 13102 2784 4141 13103 2784 4141 13104 2785 4142 13105 2786 4143 13106 2504 4144 13107 2506 4145 13108 2573 4114 13109 2506 4145 13110 2503 4111 13111 2573 4114 13112 2503 4111 13113 2773 4112 13114 2573 4114 13115 2510 3702 13116 2550 4146 13117 2574 3701 13118 2574 3701 13119 2550 4146 13120 2537 3737 13121 2537 3737 13122 2550 4146 13123 2818 3750 13124 2545 4147 13125 2569 4148 13126 2509 4149 13127 2509 4149 13128 2569 4148 13129 2787 4150 13130 2569 4151 13131 2576 4152 13132 2787 4153 13133 2549 4091 13134 2818 4154 13135 2787 4093 13136 2818 4154 13137 2550 4155 13138 2787 4093 13139 2787 4093 13140 2550 4155 13141 2552 4156 13142 2551 4157 13143 2510 4158 13144 2552 4159 13145 2552 4159 13146 2510 4158 13147 2509 4160 13148 2764 4096 13149 2795 4098 13150 2765 4100 13151 2765 4100 13152 2795 4098 13153 2789 4161 13154 2788 4101 13155 2789 4161 13156 2766 4099 13157 2766 4099 13158 2789 4161 13159 2790 4162 13160 2792 4066 13161 2748 4065 13162 2791 4163 13163 2748 4065 13164 2794 4164 13165 2791 4163 13166 2792 4066 13167 2793 4165 13168 2803 4166 13169 2793 4165 13170 2791 4167 13171 2803 4166 13172 2803 4166 13173 2791 4167 13174 2797 4168 13175 2794 4164 13176 2790 4162 13177 2791 4163 13178 2790 4162 13179 2789 4161 13180 2791 4163 13181 2791 4163 13182 2789 4161 13183 2795 4098 13184 2832 4169 13185 2799 4170 13186 2798 4171 13187 2801 4172 13188 2802 4173 13189 2797 4168 13190 2832 4174 13191 2494 4175 13192 2801 4176 13193 2494 4175 13194 2807 4177 13195 2801 4176 13196 2797 4168 13197 2802 4173 13198 2803 4166 13199 2807 4178 13200 2811 4179 13201 2802 4173 13202 2802 4173 13203 2811 4179 13204 2803 4166 13205 2811 4179 13206 2812 4180 13207 2803 4166 13208 2803 4166 13209 2812 4180 13210 2792 4066 13211 2812 4180 13212 2814 4181 13213 2792 4066 13214 2792 4066 13215 2814 4181 13216 2804 4064 13217 2814 4181 13218 2805 4182 13219 2804 4064 13220 2810 4183 13221 2811 4184 13222 2806 4185 13223 2497 4186 13224 2808 4187 13225 2807 4188 13226 2808 4187 13227 2532 4189 13228 2812 4180 13229 2532 4189 13230 2773 4112 13231 2812 4180 13232 2812 4180 13233 2773 4112 13234 2813 4106 13235 2773 4112 13236 2771 4110 13237 2813 4106 13238 2781 4128 13239 2772 4138 13240 2778 4129 13241 2772 4138 13242 2780 4136 13243 2778 4129 13244 2778 4129 13245 2780 4136 13246 2809 4190 13247 2810 4183 13248 2807 4191 13249 2811 4184 13250 2807 4188 13251 2808 4187 13252 2811 4179 13253 2808 4187 13254 2812 4180 13255 2811 4179 13256 2813 4106 13257 2770 4108 13258 2812 4180 13259 2812 4180 13260 2770 4108 13261 2814 4181 13262 2814 4181 13263 2770 4108 13264 2805 4182 13265 2770 4108 13266 2815 4134 13267 2805 4182 13268 2822 4192 13269 2816 4076 13270 2817 4193 13271 2816 4076 13272 2526 4194 13273 2817 4193 13274 2817 4193 13275 2526 4194 13276 2493 4068 13277 2526 4195 13278 2525 3733 13279 2493 4196 13280 2493 4196 13281 2525 3733 13282 2527 3735 13283 2507 3700 13284 2574 3701 13285 2783 4139 13286 2574 3701 13287 2818 4197 13288 2783 4139 13289 2783 4139 13290 2818 4197 13291 2785 4142 13292 2818 4197 13293 2549 4198 13294 2785 4142 13295 2785 4142 13296 2549 4198 13297 2819 4199 13298 2819 4199 13299 2549 4198 13300 2820 4200 13301 2549 4198 13302 2821 4079 13303 2820 4200 13304 2820 4200 13305 2821 4079 13306 2822 4192 13307 2822 4192 13308 2821 4079 13309 2816 4076 13310 2821 4079 13311 2823 4080 13312 2816 4076 13313 2816 4076 13314 2823 4080 13315 2524 4075 13316 2830 4102 13317 2766 4201 13318 2493 4068 13319 2766 4201 13320 2767 4202 13321 2493 4068 13322 2493 4068 13323 2767 4202 13324 2817 4193 13325 2767 4202 13326 2748 4203 13327 2817 4193 13328 2817 4193 13329 2748 4203 13330 2824 4204 13331 2824 4204 13332 2748 4203 13333 2825 4205 13334 2748 4203 13335 2826 4206 13336 2825 4205 13337 2826 4206 13338 2827 4133 13339 2825 4205 13340 2825 4205 13341 2827 4133 13342 2786 4143 13343 2827 4133 13344 2828 4131 13345 2786 4143 13346 2786 4143 13347 2828 4131 13348 2784 4141 13349 2828 4131 13350 2809 4130 13351 2784 4141 13352 2784 4141 13353 2809 4130 13354 2782 4140 13355 2809 4130 13356 2546 4207 13357 2782 4140 13358 2830 4208 13359 2829 4209 13360 2766 4210 13361 2829 4211 13362 2830 4212 13363 2831 4213 13364 2831 4214 13365 2830 4215 13366 2766 4216 13367 2764 4096 13368 2765 4100 13369 2766 4099 13370 2831 4217 13371 2829 4218 13372 2103 4219 13373 2103 3666 13374 2833 3665 13375 2834 4220 13376 2103 4221 13377 2829 4222 13378 3073 4223 13379 2921 3668 13380 2833 4224 13381 2834 3669 13382 2889 4225 13383 2874 4226 13384 2888 4227 13385 2860 4228 13386 2854 4229 13387 2835 4230 13388 2096 4231 13389 2933 4232 13390 2689 4233 13391 2689 4233 13392 2933 4232 13393 2659 4234 13394 2837 4235 13395 2838 4236 13396 2688 4237 13397 2838 4236 13398 2898 4238 13399 2688 4237 13400 2745 4239 13401 2836 4240 13402 2903 4241 13403 2903 4241 13404 2836 4240 13405 2837 4235 13406 2837 4235 13407 2836 4240 13408 2838 4236 13409 2839 4242 13410 2746 4243 13411 2902 4244 13412 2746 4243 13413 2904 4245 13414 2902 4244 13415 2839 4242 13416 2852 4246 13417 2746 4243 13418 2841 4247 13419 2843 4248 13420 2840 3977 13421 2840 3977 13422 2843 4248 13423 2681 3975 13424 2842 4249 13425 2681 3975 13426 2843 4248 13427 2845 4250 13428 2844 4251 13429 2678 4252 13430 2678 4252 13431 2844 4251 13432 2842 4249 13433 2842 4249 13434 2844 4251 13435 2681 3975 13436 2846 4253 13437 2847 4254 13438 2678 4255 13439 2678 4255 13440 2847 4254 13441 2845 4256 13442 2742 4257 13443 2677 4258 13444 2714 4259 13445 2714 4259 13446 2677 4258 13447 2846 4253 13448 2677 4258 13449 2847 4254 13450 2846 4253 13451 2741 4052 13452 2743 4051 13453 2850 4260 13454 2850 4260 13455 2848 4261 13456 2741 4052 13457 2935 4262 13458 2939 4263 13459 2905 4264 13460 2933 4232 13461 2934 4265 13462 2659 4234 13463 2743 4051 13464 2851 4266 13465 2850 4260 13466 2850 4260 13467 2851 4266 13468 2839 4242 13469 2851 4266 13470 2841 4247 13471 2839 4242 13472 2841 4247 13473 2840 3977 13474 2839 4242 13475 2839 4242 13476 2840 3977 13477 2852 4246 13478 2853 4267 13479 2854 4229 13480 2893 4268 13481 2854 4229 13482 2860 4228 13483 2893 4268 13484 2858 4269 13485 2856 4270 13486 2857 4271 13487 2856 4270 13488 2853 4272 13489 2857 4271 13490 2867 4273 13491 2859 4274 13492 2858 4275 13493 2859 4274 13494 2694 4276 13495 2858 4275 13496 2733 4277 13497 2734 4278 13498 2735 4279 13499 2855 4280 13500 2735 4279 13501 2669 4281 13502 2669 4281 13503 2735 4279 13504 2858 4282 13505 2735 4279 13506 2734 4278 13507 2858 4282 13508 2858 4282 13509 2734 4278 13510 2670 4283 13511 2860 4228 13512 2835 4230 13513 2861 4284 13514 2835 4230 13515 2862 4285 13516 2861 4284 13517 2861 4284 13518 2862 4285 13519 2863 4286 13520 2891 4287 13521 2911 4288 13522 2864 4289 13523 2911 4288 13524 2909 4290 13525 2864 4289 13526 2909 4290 13527 2865 4291 13528 2864 4289 13529 2864 4289 13530 2865 4291 13531 2893 4268 13532 2710 4292 13533 2866 4293 13534 2670 4283 13535 2866 4293 13536 2867 4294 13537 2670 4283 13538 2670 4283 13539 2867 4294 13540 2858 4282 13541 2700 4295 13542 2899 4296 13543 2868 4297 13544 2868 4297 13545 2899 4296 13546 2869 4298 13547 2899 4296 13548 2870 4299 13549 2869 4298 13550 2869 4298 13551 2870 4299 13552 2910 4300 13553 2737 4301 13554 2710 4302 13555 2736 4303 13556 2736 4304 13557 2670 4305 13558 2669 3952 13559 2670 4305 13560 2857 4306 13561 2669 3952 13562 2857 4306 13563 2694 3950 13564 2669 3952 13565 2849 3965 13566 2871 4307 13567 2656 3927 13568 2656 3927 13569 2871 4307 13570 2698 3995 13571 2698 3995 13572 2871 4307 13573 2702 4010 13574 2709 4308 13575 2675 4309 13576 2738 4310 13577 2738 4310 13578 2675 4309 13579 2848 4311 13580 2675 4312 13581 2739 4313 13582 2848 4314 13583 2714 4315 13584 2702 4316 13585 2850 4317 13586 2702 4316 13587 2871 4318 13588 2850 4317 13589 2850 4317 13590 2871 4318 13591 2708 4319 13592 2715 4320 13593 2849 4321 13594 2708 4322 13595 2708 4322 13596 2849 4321 13597 2738 4323 13598 2937 4324 13599 2879 4325 13600 2936 4326 13601 2936 4326 13602 2879 4325 13603 2872 4327 13604 2939 4263 13605 2936 4326 13606 2905 4264 13607 2936 4326 13608 2872 4327 13609 2905 4264 13610 2905 4264 13611 2872 4327 13612 2873 4328 13613 2888 4227 13614 2874 4226 13615 2875 4329 13616 2874 4226 13617 2878 4330 13618 2875 4329 13619 2888 4227 13620 2876 4331 13621 2887 4332 13622 2876 4331 13623 2875 4333 13624 2887 4332 13625 2887 4332 13626 2875 4333 13627 2877 4334 13628 2878 4330 13629 2873 4328 13630 2875 4329 13631 2873 4328 13632 2872 4327 13633 2875 4329 13634 2875 4329 13635 2872 4327 13636 2879 4325 13637 2879 4325 13638 2937 4324 13639 3054 4335 13640 2940 4336 13641 2883 4337 13642 2884 4338 13643 2877 4334 13644 2882 4339 13645 2886 4340 13646 2882 4339 13647 2731 4341 13648 2886 4340 13649 3054 4342 13650 2883 4343 13651 2884 4344 13652 2883 4345 13653 2731 4346 13654 2884 4347 13655 2877 4334 13656 2886 4340 13657 2887 4332 13658 2665 4348 13659 2887 4332 13660 2731 4341 13661 2731 4341 13662 2887 4332 13663 2886 4340 13664 2887 4332 13665 2892 4349 13666 2888 4227 13667 2892 4349 13668 2894 4350 13669 2888 4227 13670 2888 4227 13671 2894 4350 13672 2889 4225 13673 2894 4350 13674 2895 4351 13675 2889 4225 13676 2662 3944 13677 2665 4057 13678 2881 3940 13679 2665 4352 13680 2890 4353 13681 2731 4354 13682 2694 4355 13683 2853 4267 13684 2890 4356 13685 2856 4270 13686 2858 4269 13687 2862 4285 13688 2858 4269 13689 2867 4294 13690 2862 4285 13691 2862 4285 13692 2867 4294 13693 2863 4286 13694 2867 4294 13695 2866 4293 13696 2863 4286 13697 2863 4286 13698 2866 4293 13699 2891 4357 13700 2665 4348 13701 2890 4356 13702 2887 4332 13703 2887 4332 13704 2890 4356 13705 2892 4349 13706 2890 4356 13707 2853 4267 13708 2892 4349 13709 2853 4267 13710 2893 4268 13711 2892 4349 13712 2892 4349 13713 2893 4268 13714 2894 4350 13715 2894 4350 13716 2893 4268 13717 2895 4351 13718 2893 4268 13719 2865 4291 13720 2895 4351 13721 2896 4358 13722 2903 4241 13723 2897 4359 13724 2903 4241 13725 2688 4360 13726 2897 4359 13727 2897 4359 13728 2688 4360 13729 2659 4234 13730 2688 4361 13731 2898 3991 13732 2659 4362 13733 2659 4362 13734 2898 3991 13735 2689 3993 13736 2674 4363 13737 2656 4364 13738 2899 4296 13739 2656 4364 13740 2702 4365 13741 2899 4296 13742 2899 4296 13743 2702 4365 13744 2870 4299 13745 2702 4365 13746 2714 4366 13747 2870 4299 13748 2870 4299 13749 2714 4366 13750 2900 4367 13751 2900 4367 13752 2714 4366 13753 2901 4368 13754 2714 4366 13755 2902 4244 13756 2901 4368 13757 2901 4368 13758 2902 4244 13759 2896 4358 13760 2896 4358 13761 2902 4244 13762 2903 4241 13763 2902 4244 13764 2904 4245 13765 2903 4241 13766 2903 4241 13767 2904 4245 13768 2745 4239 13769 2934 4265 13770 2935 4262 13771 2659 4234 13772 2935 4262 13773 2905 4264 13774 2659 4234 13775 2659 4234 13776 2905 4264 13777 2897 4359 13778 2905 4264 13779 2874 4369 13780 2897 4359 13781 2897 4359 13782 2874 4369 13783 2906 4370 13784 2906 4370 13785 2874 4369 13786 2907 4371 13787 2874 4369 13788 2908 4372 13789 2907 4371 13790 2908 4372 13791 2909 4290 13792 2907 4371 13793 2907 4371 13794 2909 4290 13795 2910 4300 13796 2909 4290 13797 2911 4288 13798 2910 4300 13799 2910 4300 13800 2911 4288 13801 2869 4298 13802 2911 4288 13803 2737 4373 13804 2869 4298 13805 2869 4298 13806 2737 4373 13807 2673 4374 13808 3043 4375 13809 2960 4376 13810 2915 4377 13811 2913 4378 13812 2914 4379 13813 2912 4380 13814 3075 4381 13815 2912 4380 13816 3056 4382 13817 2915 4377 13818 2960 4376 13819 2914 4383 13820 2914 4383 13821 2960 4376 13822 3058 4384 13823 3043 4375 13824 2915 4377 13825 2978 4385 13826 2915 4377 13827 2917 4386 13828 2978 4385 13829 3090 4387 13830 2977 4388 13831 2916 4389 13832 2977 4388 13833 2979 4390 13834 2916 4389 13835 2916 4389 13836 2979 4390 13837 2917 4386 13838 2917 4386 13839 2979 4390 13840 2978 4385 13841 3090 4387 13842 3015 4391 13843 2977 4388 13844 2112 4392 13845 2919 4393 13846 2923 3676 13847 2924 4394 13848 2923 3676 13849 2832 4395 13850 2920 4396 13851 2918 3671 13852 2919 4393 13853 2918 3671 13854 2923 3676 13855 2919 4393 13856 2082 4397 13857 2922 3672 13858 2920 4396 13859 2922 3672 13860 2918 3671 13861 2920 4396 13862 2085 4398 13863 2921 3668 13864 2082 4397 13865 2082 4397 13866 2921 3668 13867 2922 3672 13868 2086 4399 13869 2921 3668 13870 2085 4398 13871 2923 3676 13872 2924 4394 13873 2112 4392 13874 2112 4392 13875 2924 4394 13876 3075 4381 13877 2924 4394 13878 2913 4378 13879 3075 4381 13880 2913 4378 13881 2912 4380 13882 3075 4381 13883 2931 4400 13884 2091 4401 13885 2926 3942 13886 2932 4402 13887 2925 4403 13888 2940 4404 13889 2092 4405 13890 2944 3937 13891 2091 4401 13892 2944 3937 13893 2926 3942 13894 2091 4401 13895 3067 2992 13896 2943 3938 13897 2092 4405 13898 2943 3938 13899 2944 3937 13900 2092 4405 13901 2094 2993 13902 2658 3935 13903 3067 2992 13904 3067 2992 13905 2658 3935 13906 2943 3938 13907 2095 4406 13908 2945 4407 13909 2094 2993 13910 2945 4407 13911 2658 3935 13912 2094 2993 13913 2103 4408 13914 3086 4409 13915 2829 4410 13916 3086 4409 13917 2928 4411 13918 2829 4410 13919 2830 4412 13920 2829 4410 13921 2927 4413 13922 2927 4413 13923 2829 4410 13924 2928 4411 13925 2929 4414 13926 2766 4415 13927 2930 4416 13928 3084 4417 13929 2765 4418 13930 2930 4416 13931 2765 4418 13932 2929 4414 13933 2930 4416 13934 2930 4416 13935 2766 4415 13936 2927 4413 13937 2766 4415 13938 2830 4412 13939 2927 4413 13940 2796 4419 13941 2765 4418 13942 3084 4417 13943 2926 3942 13944 2932 4420 13945 2931 4400 13946 2931 4400 13947 2932 4420 13948 2090 4421 13949 2932 4420 13950 3086 4409 13951 2090 4421 13952 3086 4409 13953 2103 4408 13954 2090 4421 13955 2934 4422 13956 2938 4423 13957 2935 4424 13958 2938 4425 13959 2934 4426 13960 2933 4427 13961 2933 4428 13962 2934 4429 13963 2935 4430 13964 2937 4324 13965 2936 4326 13966 2939 4263 13967 2933 4431 13968 2938 4432 13969 2096 4433 13970 2939 4434 13971 2934 4435 13972 2935 4436 13973 2657 4437 13974 3065 4438 13975 2941 4439 13976 2941 4440 13977 2945 4407 13978 2095 4406 13979 2593 4441 13980 2946 4442 13981 2947 4443 13982 2971 4444 13983 2956 4445 13984 2955 4446 13985 2958 4447 13986 3044 4448 13987 3011 4449 13988 2994 4450 13989 2959 4451 13990 2996 4452 13991 3056 3814 13992 2960 4453 13993 2614 3815 13994 2614 3815 13995 2960 4453 13996 2641 4454 13997 2961 4455 13998 2962 4456 13999 2613 4457 14000 2962 4456 14001 3035 4458 14002 2613 4457 14003 2964 4459 14004 2957 4460 14005 2961 4455 14006 2961 4455 14007 2957 4460 14008 2962 4456 14009 3042 4461 14010 2957 4460 14011 2963 4462 14012 2963 4462 14013 2957 4460 14014 2964 4459 14015 2967 4463 14016 2644 4464 14017 3040 4465 14018 2644 4464 14019 2965 4466 14020 3040 4465 14021 2967 4463 14022 2966 4467 14023 2644 4464 14024 2983 4468 14025 2968 4469 14026 2608 4470 14027 2608 4470 14028 2968 4469 14029 2969 4471 14030 2970 4472 14031 2973 4473 14032 2968 4469 14033 2973 4473 14034 2969 4471 14035 2968 4469 14036 2971 4474 14037 2601 4475 14038 2972 4476 14039 2972 4476 14040 2601 4475 14041 2970 4472 14042 2970 4472 14043 2601 4475 14044 2973 4473 14045 2600 4477 14046 2599 4478 14047 2972 4476 14048 2972 4476 14049 2599 4478 14050 2971 4474 14051 2954 4479 14052 2598 4480 14053 2974 4481 14054 2974 4481 14055 2598 4480 14056 2600 4482 14057 2950 4483 14058 2952 4484 14059 2626 4485 14060 2978 4486 14061 2979 4390 14062 2980 4487 14063 2960 4453 14064 3043 4488 14065 2641 4454 14066 2952 4489 14067 2982 4490 14068 2981 4491 14069 2981 4491 14070 2982 4490 14071 2967 4463 14072 2982 4490 14073 2983 4468 14074 2967 4463 14075 2983 4468 14076 2608 4470 14077 2967 4463 14078 2967 4463 14079 2608 4470 14080 2966 4467 14081 3032 4492 14082 2959 4451 14083 2984 4493 14084 2959 4451 14085 2994 4450 14086 2984 4493 14087 2987 4494 14088 2989 4495 14089 2985 4496 14090 2989 4495 14091 3025 4497 14092 2985 4496 14093 2986 4498 14094 2988 4499 14095 2987 4500 14096 2988 4499 14097 3025 4501 14098 2987 4500 14099 2989 4502 14100 2592 4503 14101 2990 4504 14102 2592 4505 14103 2991 4506 14104 2990 4507 14105 2990 4508 14106 2991 4509 14107 2593 4510 14108 2992 4511 14109 2993 4512 14110 2592 4513 14111 2993 4512 14112 2990 4514 14113 2592 4513 14114 2592 4515 14115 2990 4516 14116 2987 4517 14117 2990 4516 14118 2991 4518 14119 2987 4517 14120 2987 4517 14121 2991 4518 14122 2580 4519 14123 2994 4450 14124 2996 4452 14125 2995 4520 14126 2996 4452 14127 3027 4521 14128 2995 4520 14129 2995 4520 14130 3027 4521 14131 2997 4522 14132 2998 4523 14133 2999 4524 14134 3000 4525 14135 2999 4524 14136 3048 4526 14137 3000 4525 14138 3048 4526 14139 3001 4527 14140 3000 4525 14141 3000 4525 14142 3001 4527 14143 2984 4493 14144 2618 4528 14145 3002 4529 14146 2580 4519 14147 3002 4529 14148 2986 4530 14149 2580 4519 14150 2580 4519 14151 2986 4530 14152 2987 4517 14153 2951 4531 14154 2595 4532 14155 3003 4533 14156 2595 4532 14157 3036 4534 14158 3003 4533 14159 3003 4533 14160 3036 4534 14161 3004 4535 14162 3036 4534 14163 3005 4536 14164 3004 4535 14165 3004 4535 14166 3005 4536 14167 3049 4537 14168 2946 4538 14169 2618 4539 14170 2593 4540 14171 2593 4541 14172 2580 4542 14173 2988 4499 14174 2580 4542 14175 2996 4543 14176 2988 4499 14177 2996 4543 14178 3025 4501 14179 2988 4499 14180 2976 4544 14181 2948 4545 14182 2579 4546 14183 2948 4547 14184 2633 4548 14185 2579 4549 14186 2579 4549 14187 2633 4548 14188 2617 4550 14189 2617 4550 14190 2633 4548 14191 3006 4551 14192 2950 3887 14193 2626 4552 14194 2948 3888 14195 2948 3888 14196 2626 4552 14197 2975 4553 14198 2626 4552 14199 2952 4554 14200 2975 4553 14201 3037 4555 14202 3006 4551 14203 2975 4553 14204 3006 4551 14205 2633 4548 14206 2975 4553 14207 2633 4548 14208 2615 4556 14209 2975 4553 14210 2975 4553 14211 2615 4556 14212 2948 3888 14213 2977 4388 14214 3014 4557 14215 3007 4558 14216 3007 4558 14217 3014 4557 14218 3008 4559 14219 2979 4390 14220 3007 4558 14221 2980 4487 14222 3007 4558 14223 3008 4559 14224 2980 4487 14225 2980 4487 14226 3008 4559 14227 3009 4560 14228 3011 4449 14229 3044 4448 14230 3010 4561 14231 3044 4448 14232 3013 4562 14233 3010 4561 14234 3012 4563 14235 3010 4564 14236 3011 4565 14237 3011 4566 14238 3010 4567 14239 3017 4568 14240 3013 4562 14241 3009 4560 14242 3010 4561 14243 3009 4560 14244 3008 4559 14245 3010 4561 14246 3010 4561 14247 3008 4559 14248 3014 4557 14249 3014 4557 14250 2977 4388 14251 3015 4391 14252 3015 4569 14253 3016 4570 14254 3019 4571 14255 2586 4572 14256 3023 4573 14257 3018 4574 14258 3018 4575 14259 3021 4576 14260 3017 4577 14261 3016 4570 14262 3029 4578 14263 3019 4571 14264 3017 4577 14265 3021 4576 14266 3020 4579 14267 3029 4580 14268 3030 4581 14269 3021 4582 14270 3021 4582 14271 3030 4581 14272 3011 4449 14273 3030 4581 14274 3031 4583 14275 3011 4449 14276 3031 4583 14277 3033 4584 14278 3011 4449 14279 3011 4449 14280 3033 4584 14281 2958 4447 14282 3033 4584 14283 3022 4585 14284 2958 4447 14285 3023 4573 14286 3028 4586 14287 3018 4574 14288 3028 4586 14289 3030 4587 14290 3018 4574 14291 3024 4588 14292 3029 4589 14293 3030 4590 14294 3025 4591 14295 3032 4492 14296 3024 4592 14297 3024 4592 14298 3032 4492 14299 3031 4583 14300 3032 4593 14301 2989 4495 14302 3026 4594 14303 2989 4495 14304 2987 4494 14305 3026 4594 14306 3026 4594 14307 2987 4494 14308 3027 4521 14309 2987 4494 14310 2986 4530 14311 3027 4521 14312 3027 4521 14313 2986 4530 14314 2997 4522 14315 2986 4530 14316 3002 4529 14317 2997 4522 14318 2997 4522 14319 3002 4529 14320 2998 4595 14321 3028 4586 14322 3029 4596 14323 3030 4587 14324 3024 4592 14325 3031 4583 14326 3030 4581 14327 3032 4492 14328 2984 4493 14329 3031 4583 14330 3031 4583 14331 2984 4493 14332 3033 4584 14333 3033 4584 14334 2984 4493 14335 3022 4585 14336 2984 4493 14337 3001 4527 14338 3022 4585 14339 3041 4597 14340 2963 4462 14341 3034 4598 14342 2963 4462 14343 2613 4599 14344 3034 4598 14345 3034 4598 14346 2613 4599 14347 2641 4454 14348 2613 4600 14349 3035 3874 14350 2641 4601 14351 2641 4601 14352 3035 3874 14353 2614 3876 14354 2951 3844 14355 2579 3843 14356 3036 4534 14357 2579 3843 14358 2636 3901 14359 3036 4534 14360 3036 4534 14361 2636 3901 14362 3005 4536 14363 2636 3901 14364 3037 4602 14365 3005 4536 14366 3005 4536 14367 3037 4602 14368 3038 4603 14369 3038 4603 14370 3037 4602 14371 3039 4604 14372 3037 4602 14373 3040 4465 14374 3039 4604 14375 3039 4604 14376 3040 4465 14377 3041 4597 14378 3041 4597 14379 3040 4465 14380 2963 4462 14381 3040 4465 14382 2965 4466 14383 2963 4462 14384 2963 4462 14385 2965 4466 14386 3042 4461 14387 3043 4488 14388 2978 4486 14389 2641 4454 14390 2978 4486 14391 2980 4487 14392 2641 4454 14393 2641 4454 14394 2980 4487 14395 3034 4598 14396 2980 4487 14397 3044 4605 14398 3034 4598 14399 3034 4598 14400 3044 4605 14401 3045 4606 14402 3045 4606 14403 3044 4605 14404 3046 4607 14405 3044 4605 14406 3047 4608 14407 3046 4607 14408 3047 4608 14409 3048 4526 14410 3046 4607 14411 3046 4607 14412 3048 4526 14413 3049 4537 14414 3048 4526 14415 2999 4524 14416 3049 4537 14417 3049 4537 14418 2999 4524 14419 3004 4535 14420 2999 4524 14421 2946 4609 14422 3004 4535 14423 3004 4535 14424 2946 4609 14425 2947 4610 14426 2096 2996 14427 3050 4611 14428 2938 4612 14429 3050 4611 14430 3051 4613 14431 2938 4612 14432 3052 4614 14433 2934 4615 14434 3078 4616 14435 2934 4615 14436 2938 4612 14437 3078 4616 14438 3078 4616 14439 2938 4612 14440 3051 4613 14441 2937 4324 14442 2939 4263 14443 3053 4617 14444 3053 4617 14445 2939 4263 14446 3052 4614 14447 2939 4263 14448 2934 4615 14449 3052 4614 14450 3070 4618 14451 2098 4619 14452 3057 3822 14453 2105 4620 14454 3063 3818 14455 2098 4619 14456 3063 3818 14457 3057 3822 14458 2098 4619 14459 3061 4621 14460 3063 3818 14461 2105 4620 14462 2074 4622 14463 2581 3816 14464 2105 4623 14465 2105 4623 14466 2581 3816 14467 2642 4624 14468 2075 4625 14469 2581 3816 14470 2074 4622 14471 2110 4626 14472 3060 4627 14473 2075 4628 14474 2075 4625 14475 3060 3813 14476 2581 3816 14477 3057 3822 14478 3055 4629 14479 3070 4618 14480 3070 4618 14481 3055 4629 14482 2097 2997 14483 3055 4629 14484 3050 4611 14485 2097 2997 14486 3050 4611 14487 2096 2996 14488 2097 2997 14489 3043 4630 14490 3058 4631 14491 2978 4632 14492 3058 4631 14493 3043 4630 14494 2960 4633 14495 2960 4634 14496 3043 4635 14497 2978 4636 14498 2977 4388 14499 3007 4558 14500 2979 4390 14501 3043 4637 14502 2979 4638 14503 2978 4639 14504 2960 4640 14505 3058 4641 14506 3056 4642 14507 3063 4643 14508 2642 4644 14509 2581 4645 14510 2109 3033 14511 2092 4646 14512 2106 3032 14513 2092 4646 14514 2091 4647 14515 2106 3032 14516 2106 460 14517 2091 4401 14518 3071 4648 14519 3069 460 14520 2097 3030 14521 3064 4649 14522 2097 3030 14523 3065 3028 14524 3064 4649 14525 3064 4649 14526 3065 3028 14527 3066 4650 14528 3065 3028 14529 2095 4651 14530 3066 4650 14531 2095 4651 14532 3067 4652 14533 3066 4650 14534 3066 4650 14535 3067 4652 14536 2109 4653 14537 2109 4653 14538 3067 4652 14539 2092 460 14540 3075 460 14541 2110 460 14542 2111 460 14543 2111 3025 14544 2110 4626 14545 3068 3023 14546 2110 4626 14547 2075 4628 14548 3068 3023 14549 3068 4654 14550 2075 4655 14551 3095 4656 14552 2075 4655 14553 2105 4657 14554 3095 4656 14555 3095 4658 14556 2105 4659 14557 3069 4660 14558 2105 4659 14559 3070 4661 14560 3069 4660 14561 2091 4401 14562 2931 4400 14563 3071 4648 14564 2931 4400 14565 2103 4662 14566 3071 4648 14567 3071 4648 14568 2103 4662 14569 3072 460 14570 2103 4221 14571 3073 4223 14572 3072 3001 14573 3072 3001 14574 3073 4223 14575 2102 3000 14576 3073 4223 14577 2085 4663 14578 2102 3000 14579 2102 3010 14580 2085 4664 14581 2104 3008 14582 2085 4664 14583 2920 4665 14584 2104 3008 14585 2104 3011 14586 2920 4666 14587 3074 3012 14588 2920 4666 14589 2112 4667 14590 3074 3012 14591 3080 4668 14592 3054 4669 14593 3076 4670 14594 3054 4669 14595 3053 4617 14596 3076 4670 14597 3076 4670 14598 3053 4617 14599 3077 4671 14600 3053 4617 14601 3052 4614 14602 3077 4671 14603 3052 4614 14604 3078 4616 14605 3077 4671 14606 3077 4671 14607 3078 4616 14608 3087 4672 14609 3085 4673 14610 3086 4674 14611 3079 4675 14612 3086 4674 14613 2925 4676 14614 3079 4675 14615 3079 4675 14616 2925 4676 14617 3080 4668 14618 2925 4676 14619 3054 4669 14620 3080 4668 14621 3081 4677 14622 2913 4378 14623 3082 4678 14624 2913 4378 14625 2924 4394 14626 3082 4678 14627 3082 4678 14628 2924 4394 14629 3083 4679 14630 2924 4394 14631 3084 4417 14632 3083 4679 14633 3083 4679 14634 3084 4417 14635 3094 4680 14636 3084 4417 14637 2930 4416 14638 3094 4680 14639 2930 4416 14640 2927 4413 14641 3094 4680 14642 3094 4680 14643 2927 4413 14644 3085 4673 14645 3085 4673 14646 2927 4413 14647 3086 4674 14648 3078 4616 14649 3050 4611 14650 3087 4672 14651 3087 4672 14652 3050 4611 14653 3088 4681 14654 3050 4611 14655 3055 4629 14656 3088 4681 14657 3088 4681 14658 3055 4629 14659 3089 4682 14660 3055 4629 14661 3090 4387 14662 3089 4682 14663 3089 4682 14664 3090 4387 14665 3091 4683 14666 3090 4387 14667 2916 4389 14668 3091 4683 14669 3091 4683 14670 2916 4389 14671 3092 4684 14672 2916 4389 14673 2915 4685 14674 3092 4684 14675 3092 4684 14676 2915 4685 14677 3081 4677 14678 3081 4677 14679 2915 4685 14680 2913 4378 14681 3095 4656 14682 3089 4682 14683 3068 4654 14684 3089 4682 14685 3081 4686 14686 3068 4654 14687 3068 4654 14688 3081 4686 14689 3074 4687 14690 3074 4687 14691 3081 4686 14692 3093 4688 14693 3081 4686 14694 3094 4680 14695 3093 4688 14696 3093 4688 14697 3094 4680 14698 3072 4689 14699 3094 4680 14700 3085 4673 14701 3072 4689 14702 3072 4689 14703 3085 4673 14704 2106 4690 14705 2106 4690 14706 3085 4673 14707 3066 4691 14708 3085 4673 14709 3077 4692 14710 3066 4691 14711 3066 4691 14712 3077 4692 14713 3069 4693 14714 3077 4692 14715 3088 4681 14716 3069 4693 14717 3069 4693 14718 3088 4681 14719 3095 4656 14720 3095 4656 14721 3088 4681 14722 3089 4682 14723</p>
        </triangles>
      </mesh>
    </geometry>
  </library_geometries>
  <library_visual_scenes>
    <visual_scene id="Scene" name="Scene">
      <node id="rotor" name="rotor" type="NODE">
        <matrix sid="transform">1.91069e-15 -8.74228e-8 -1 0.015 4.37114e-8 -1 8.74228e-8 0 -1 -4.37114e-8 1.91069e-15 -0.027 0 0 0 1</matrix>
        <instance_geometry url="#rotor-mesh" name="rotor">
          <bind_material>
            <technique_common>
              <instance_material symbol="dark_powdercoat-material" target="#dark_powdercoat-material">
                <bind_vertex_input semantic="UVMap" input_semantic="TEXCOORD" input_set="0"/>
              </instance_material>
              <instance_material symbol="color-material" target="#color-material">
                <bind_vertex_input semantic="UVMap" input_semantic="TEXCOORD" input_set="0"/>
              </instance_material>
              <instance_material symbol="color__Cosmetic_Thread_-material" target="#color__Cosmetic_Thread_-material">
                <bind_vertex_input semantic="UVMap" input_semantic="TEXCOORD" input_set="0"/>
              </instance_material>
              <instance_material symbol="pw-mt11155-material" target="#pw-mt11155-material">
                <bind_vertex_input semantic="UVMap" input_semantic="TEXCOORD" input_set="0"/>
              </instance_material>
              <instance_material symbol="satin_finish_aluminum-material" target="#satin_finish_aluminum-material">
                <bind_vertex_input semantic="UVMap" input_semantic="TEXCOORD" input_set="0"/>
              </instance_material>
            </technique_common>
          </bind_material>
        </instance_geometry>
      </node>
      <node id="Light" name="Light" type="NODE">
        <matrix sid="transform">-0.2908646 -0.7711008 0.5663932 4.076245 0.9551712 -0.1998834 0.2183912 1.005454 -0.05518906 0.6045247 0.7946723 5.903862 0 0 0 1</matrix>
        <instance_light url="#Light-light"/>
      </node>
    </visual_scene>
  </library_visual_scenes>
  <scene>
    <instance_visual_scene url="#Scene"/>
  </scene>
</COLLADA>