<?xml version="1.0" encoding="utf-8"?>
<COLLADA xmlns="http://www.collada.org/2005/11/COLLADASchema" version="1.4.1" xmlns:xsi="http://www.w3.org/2001/XMLSchema-instance">
  <asset>
    <contributor>
      <author>Blender User</author>
      <authoring_tool>Blender 4.2.0 commit date:2024-07-16, commit time:06:20, hash:a51f293548ad</authoring_tool>
    </contributor>
    <created>2024-09-19T18:01:23</created>
    <modified>2024-09-19T18:01:23</modified>
    <unit name="meter" meter="1"/>
    <up_axis>Z_UP</up_axis>
  </asset>
  <library_cameras>
    <camera id="Camera-camera" name="Camera">
      <optics>
        <technique_common>
          <perspective>
            <xfov sid="xfov">39.59775</xfov>
            <aspect_ratio>1.777778</aspect_ratio>
            <znear sid="znear">0.1</znear>
            <zfar sid="zfar">100</zfar>
          </perspective>
        </technique_common>
      </optics>
      <extra>
        <technique profile="blender">
          <shiftx sid="shiftx" type="float">0</shiftx>
          <shifty sid="shifty" type="float">0</shifty>
          <dof_distance sid="dof_distance" type="float">10</dof_distance>
        </technique>
      </extra>
    </camera>
  </library_cameras>
  <library_lights>
    <light id="Light-light" name="Light">
      <technique_common>
        <point>
          <color sid="color">1000 1000 1000</color>
          <constant_attenuation>1</constant_attenuation>
          <linear_attenuation>0</linear_attenuation>
          <quadratic_attenuation>0</quadratic_attenuation>
        </point>
      </technique_common>
      <extra>
        <technique profile="blender">
          <type sid="type" type="int">0</type>
          <flag sid="flag" type="int">0</flag>
          <mode sid="mode" type="int">2097153</mode>
          <red sid="red" type="float">1</red>
          <green sid="green" type="float">1</green>
          <blue sid="blue" type="float">1</blue>
          <shadow_r sid="blender_shadow_r" type="float">0</shadow_r>
          <shadow_g sid="blender_shadow_g" type="float">0</shadow_g>
          <shadow_b sid="blender_shadow_b" type="float">0</shadow_b>
          <energy sid="blender_energy" type="float">1000</energy>
          <spotsize sid="spotsize" type="float">75</spotsize>
          <spotblend sid="spotblend" type="float">0.15</spotblend>
          <clipsta sid="clipsta" type="float">0.04999995</clipsta>
          <clipend sid="clipend" type="float">30.002</clipend>
          <bias sid="bias" type="float">1</bias>
          <radius sid="radius" type="float">0.1</radius>
          <area_shape sid="area_shape" type="int">1</area_shape>
          <area_size sid="area_size" type="float">0.1</area_size>
          <area_sizey sid="area_sizey" type="float">0.1</area_sizey>
          <area_sizez sid="area_sizez" type="float">1</area_sizez>
        </technique>
      </extra>
    </light>
  </library_lights>
  <library_effects>
    <effect id="Material_001-effect">
      <profile_COMMON>
        <technique sid="common">
          <lambert>
            <emission>
              <color sid="emission">0 0 0 1</color>
            </emission>
            <diffuse>
              <color sid="diffuse">0.1273601 0.1273601 0.1273601 1</color>
            </diffuse>
            <index_of_refraction>
              <float sid="ior">1.5</float>
            </index_of_refraction>
          </lambert>
        </technique>
      </profile_COMMON>
    </effect>
  </library_effects>
  <library_images/>
  <library_materials>
    <material id="Material_001-material" name="Material.001">
      <instance_effect url="#Material_001-effect"/>
    </material>
  </library_materials>
  <library_geometries>
    <geometry id="_inch_edf_-_propeller_5046c_reverse-1-mesh" name="5inch_edf - propeller_5046c_reverse-1">
      <mesh>
        <source id="_inch_edf_-_propeller_5046c_reverse-1-mesh-positions">
          <float_array id="_inch_edf_-_propeller_5046c_reverse-1-mesh-positions-array" count="912">-0.001301169 0.006966114 0.01796233 -0.003331363 0.006284177 0.0169999 0.002452731 0.006680846 0.02384829 0.005586981 0.004573106 0.02500021 0.007058143 1.73097e-4 0.02499997 0.006389141 0.003213644 0.02273041 0.006982862 -9.53376e-4 0.01964962 0.007083833 2.07247e-4 0.01699995 0.006717443 -0.002388119 0.01795572 0.005774974 0.004148423 0.01699995 0.004888653 0.005198001 0.02244704 0.001465559 0.00703001 0.01699978 0.001111626 0.007006883 0.02499997 0.001641929 -0.006973803 0.02352672 -0.001669406 -0.007026553 0.02499985 -0.003699243 -0.006112873 0.02049171 -0.003967821 -0.005867302 0.01699995 -0.002174913 -0.006761372 0.02015656 3.86624e-5 -0.00712639 0.01699995 0.003820896 -0.005937218 0.01699995 0.006177604 -0.003470003 0.01699995 0.006329476 -0.003185153 0.02500003 0.003642678 -0.006100773 0.02499997 -0.007076323 5.71835e-4 0.02380776 -0.005742192 0.004180967 0.02499985 -0.00271219 0.006531596 0.02499997 -0.005546092 0.004541754 0.02078145 -0.006894171 0.002219855 0.01699995 -0.006424427 -0.003016889 0.0169999 -0.00708574 -0.001020252 0.02353829 -0.005818724 -0.004067659 0.02500003 -0.00713104 -2.22557e-5 0.02500009 0.002271354 -0.006767511 0.02255785 -0.008779287 -0.06161767 0.01767581 -0.008786618 -0.06161904 0.01767188 -0.008788585 -0.06161713 0.01767134 -0.008803129 -0.06161987 0.01766341 0.003643989 -0.0513094 0.02421653 7.16693e-4 -0.05278909 0.0232194 -0.009232878 -0.06150072 0.01748973 0.006142854 -0.04038184 0.02527594 -0.006984114 -0.04437601 0.01832467 -0.008551478 -0.05805432 0.01777935 -0.003885507 -0.05381554 0.02111887 -0.002902865 -0.05751085 0.02130472 -0.005109667 -0.06038564 0.01972472 -0.008442461 -0.06155198 0.01785862 -0.008190214 -0.06147485 0.01801168 -0.008826732 -0.06162208 0.01765108 -0.007727444 -0.06138426 0.01824164 -0.007757306 -0.06139212 0.01822561 -0.007735669 -0.06138318 0.01823866 -0.007797956 -0.06139963 0.01820516 -0.007861137 -0.06141597 0.01817286 -0.007863402 -0.06141388 0.01817137 -0.008724033 -0.06160593 0.01770722 -0.008738756 -0.06160879 0.01769918 -0.00879395 -0.06162035 0.01766788 -0.008795857 -0.0616185 0.01766741 -0.0088104 -0.06162118 0.01765948 -0.008817672 -0.06162256 0.01765549 -0.008833944 -0.06162345 0.01764714 -0.008824944 -0.06162393 0.01765155 -0.008841156 -0.06162482 0.01764321 -0.008832156 -0.0616253 0.01764762 -0.008823215 -0.06162571 0.01765203 -0.007882714 -0.06142455 0.01815819 -0.008489727 -0.06156212 0.01783275 -0.008479475 -0.0615617 0.01783698 -0.008483886 -0.06156265 0.0178346 -0.008491456 -0.0615642 0.01783049 -0.008639872 -0.06159389 0.01775032 -0.008755862 -0.06161594 0.01768779 -0.008766353 -0.0616129 0.01768445 -0.008771955 -0.0616163 0.01767981 -0.008821487 -0.06162756 0.01765251 -0.008801281 -0.06162172 0.01766389 -0.008808553 -0.06162309 0.01765996 -0.008815884 -0.0616244 0.01765596 -0.007790327 -0.06140077 0.01820784 -0.007821679 -0.06140893 0.01819103 -0.007852971 -0.06141698 0.01817417 -0.005340516 -0.0045982 0.01800453 -0.008109033 -0.02876329 0.0171529 0.001112878 -0.04579365 0.02356493 -0.008830487 -0.06162708 0.0176481 -0.008839428 -0.06162661 0.01764369 -0.008848369 -0.06162613 0.01763927 -0.009665548 -0.061594 0.01723319 -0.008826136 -0.06162732 0.01765042 -0.008844316 -0.06162637 0.01764225 -0.008813738 -0.06162333 0.01765757 0.003810346 -0.01258003 0.02420121 0.002376735 -0.01386928 0.02398747 4.74433e-5 -0.01380926 0.02318537 -0.001602947 -0.01272809 0.02228462 -3.26348e-4 -0.01419454 0.02303636 0.003658354 -0.01293176 0.02423113 -0.004247665 -0.03083765 0.02147209 -3.68549e-4 -0.03964525 0.02415889 -0.001857638 -0.05639797 0.02248525 -0.001404285 -0.05284279 0.02351742 0.003863811 -0.03094583 0.02503824 0.003092646 -0.04491895 0.02503234 -3.86556e-4 -0.05720847 0.02215945 0.001129746 -0.05306273 0.02382218 -0.00582844 -0.06023198 0.0197913 -0.008726358 -0.06160807 0.01770502 -0.008764028 -0.06161588 0.0176841 -0.008716225 -0.06160628 0.01771044 -0.007708311 -0.06018799 0.01899725 -0.008821606 -0.06162208 0.01765483 2.10713e-4 -0.04877978 0.02433586 -0.003761231 -0.05200809 0.02254486 -0.003775954 -0.05581814 0.02211123 -0.006045281 -0.04407465 0.01991295 -0.007128655 -0.05605381 0.01968258 -0.004845857 -0.04381042 0.02128988 -0.00642544 -0.02184206 0.01883947 0.00552386 -0.004461705 0.02389603 -0.01843219 0.01994776 0.0171135 -0.04897314 0.03841078 0.017677 -0.04897063 0.03841787 0.01767301 -0.04896789 0.03841871 0.01767301 -0.04896301 0.03843277 0.01766496 -0.04913073 0.03765124 0.0181294 -0.04898965 0.03835642 0.01770704 -0.04820531 0.02587771 0.02321314 -0.03746968 0.01448512 0.02521884 -0.03597229 0.02898281 0.01817256 -0.04294192 0.02868694 0.0213654 -0.0446037 0.0353716 0.01781344 -0.04720771 0.03466862 0.01949894 -0.04850858 0.03916573 0.01722055 -0.04527598 0.02612882 0.02302056 -0.04980474 0.03377759 0.02020484 -0.0495249 0.03070616 0.02151614 -0.04905426 0.03818345 0.0178045 -0.04895287 0.03845518 0.01765108 -0.04929655 0.03738433 0.01824164 -0.04928845 0.03741419 0.01822555 -0.04929149 0.03739088 0.01823866 -0.04927468 0.03745305 0.01820516 -0.04925757 0.03751486 0.01817172 -0.04898476 0.0383706 0.01769912 -0.04896813 0.0384249 0.01766902 -0.04896545 0.03842574 0.01766902 -0.04896056 0.03843975 0.01766097 -0.04895806 0.03844678 0.01765692 -0.04895049 0.03846216 0.01764714 -0.04895561 0.03845381 0.01765292 -0.04894804 0.03846907 0.01764321 -0.04895311 0.03846079 0.01764887 -0.04895812 0.0384531 0.01765298 -0.04896461 0.03842139 0.01767045 -0.04925382 0.037539 0.01815813 -0.04906946 0.03813338 0.01783275 -0.04907423 0.03812432 0.01783698 -0.04907286 0.03812861 0.0178346 -0.04907041 0.03813594 0.01783049 -0.04897958 0.03838723 0.01769077 -0.04897564 0.03840374 0.01768106 -0.04898101 0.03839564 0.01768511 -0.04896098 0.03845185 0.01765334 -0.04896563 0.038432 0.01766496 -0.04896312 0.03843903 0.01766097 -0.04896062 0.03844606 0.01765698 -0.04927957 0.03744661 0.01820808 -0.0492708 0.0374782 0.01819103 -0.03945374 0.0210914 0.02370208 -0.02457994 0.00643903 0.02510923 -0.04926216 0.03750938 0.01817417 -0.04895561 0.03846013 0.01764899 -0.04895067 0.03846776 0.01764488 -0.0489456 0.03847599 0.01763927 -0.04895806 0.03845632 0.01765102 -0.0489521 0.03846192 0.01764839 -0.04895311 0.03846395 0.0176469 -0.01958537 0.004773557 0.02477383 -0.01882952 0.005721032 0.0246303 -0.0193755 0.006360292 0.02461719 -0.02437871 0.02228474 0.01858758 -0.02327036 0.01904928 0.02088296 -0.04387366 0.0301277 0.02226513 -0.04919123 0.03665566 0.01887559 -0.04522329 0.02111089 0.02450251 -0.005805253 0.004024326 0.02258485 -0.03911703 0.01909625 0.02509713 -0.04575544 0.02469533 0.02415561 -0.04897671 0.03840404 0.01768064 -0.04899066 0.03836095 0.01770532 -0.04898685 0.03836596 0.01770305 -0.04898142 0.03838193 0.01769381 -0.04895424 0.03844767 0.01765716 -0.04793334 0.02916967 0.02271151 -0.04898959 0.03835225 0.01771086 -0.04390949 0.02663302 0.02377647 -0.0468477 0.03056836 0.02239942 -0.03522038 0.02721107 0.01999598 -0.04668295 0.03463685 0.02018237 -0.04844123 0.03822124 0.01794373 -0.03561049 0.02311074 0.0233165 -0.003008902 0.00641793 0.02006673 -0.03419947 0.01913189 0.02448284 0.05775213 0.02320569 0.01767581 0.05775696 0.02320003 0.01767188 0.05775624 0.02319741 0.01767134 0.0577659 0.02318614 0.01766341 0.05336785 0.02642196 0.02056074 0.04368191 0.02889549 0.02396404 0.05627101 0.02450835 0.01880079 0.04071193 0.01519894 0.0180251 0.05125707 0.02350413 0.02021819 0.05814969 0.02246397 0.01724791 0.03494894 0.02330327 0.02411103 0.04078245 0.02855193 0.02456825 0.05776649 0.02300208 0.01760751 0.04449129 0.02413386 0.02248865 0.05771261 0.02324831 0.01770734 0.05777966 0.02316683 0.01765108 0.05702406 0.02399992 0.01824164 0.05704593 0.02397787 0.01822549 0.05702722 0.02399224 0.01823866 0.05707263 0.02394658 0.01820516 0.05711764 0.02390086 0.01817172 0.05772233 0.02323675 0.01769912 0.05776178 0.02319437 0.01766788 0.05776113 0.0231918 0.01766741 0.05777072 0.02318054 0.01765948 0.05777555 0.02317494 0.01765549 0.05778443 0.02316129 0.01764714 0.05778032 0.02316933 0.01765155 0.0577892 0.02315568 0.01764321 0.05778515 0.02316373 0.01764762 0.0577811 0.02317172 0.01765203 0.05713671 0.02388548 0.01815813 0.05746018 0.02354735 0.01791226 0.05755847 0.02342706 0.0178321 0.05755376 0.02343738 0.01783698 0.0575568 0.02343398 0.0178346 0.05756187 0.0234282 0.01783049 0.05773234 0.0232324 0.0176931 0.05773204 0.02322548 0.01769119 0.05774724 0.02321135 0.01767981 0.05778169 0.02317428 0.01765257 0.05776661 0.02318871 0.01766389 0.05777144 0.02318304 0.01765996 0.05777627 0.02317738 0.01765596 0.05706977 0.02395373 0.01820784 0.05709254 0.02393066 0.01819103 0.05711513 0.02390754 0.01817417 0.03910702 0.01788139 0.02053803 0.006837904 0.00175786 0.02031725 0.05778586 0.02316606 0.0176481 0.05778992 0.02315807 0.01764369 0.05779397 0.02315014 0.01763927 0.05166208 0.02270513 0.0206536 0.04774171 0.02311336 0.02244633 0.05002278 0.01987361 0.01799917 0.04739868 0.02749621 0.02325636 0.03953313 0.02601468 0.02486449 0.03063786 0.02153491 0.02513492 0.04878973 0.02829253 0.02250432 0.05770939 0.02325379 0.01771128 0.05774438 0.02321648 0.01768296 0.05771934 0.02324157 0.01770299 0.05703437 0.02397876 0.0182377 0.05772638 0.02323138 0.01770055 0.05773156 0.02322959 0.01769328 0.05777078 0.02317851 0.01766002 0.05136096 0.02656602 0.02179002 0.04493761 0.02534568 0.02392774 0.05774384 0.02321338 0.01768302 0.05766105 0.02331471 0.01775091 0.05779212 0.02315378 0.01764225 0.05778801 0.02316188 0.01764637 0.0577839 0.02316993 0.01765042 0.05590319 0.02422738 0.01920455 0.0506317 0.02511942 0.02210628 0.03725785 0.02023392 0.02394354 0.04183179 0.01687973 0.01953601 0.05428141 0.02209991 0.01873767 0.0263158 0.007511496 0.01896297 0.03564631 0.01600015 0.0219568 0.03016841 0.008016586 0.01717042 0.01465922 0.01589727 0.02490001 0.03029549 0.02465087 0.02523821 -0.002526283 -0.001861572 0.01700991 -0.002250313 0.001756072 0.01710051 0.002436101 0.001164495 0.01714807 8.5514e-4 0.00258857 0.01712012 0.002775967 -0.001337885 0.01700568 -4.47491e-4 -0.002683639 0.01717859 -0.002569139 -6.4894e-4 0.02489358 -0.00114721 -0.002357006 0.0249347 0.001235365 -0.002390503 0.02492177 -0.001255571 0.002300262 0.02493607 -0.00261873 6.43494e-4 0.02495676 0.002441346 9.31917e-4 0.02494305 0.002559959 -6.24202e-4 0.02492558 0.001000463 0.00249356 0.02492785 -0.001103341 0.002358257 0.01741993 -0.002369582 -9.96438e-4 0.01739615 0.002072632 -0.001681864 0.01740723</float_array>
          <technique_common>
            <accessor source="#_inch_edf_-_propeller_5046c_reverse-1-mesh-positions-array" count="304" stride="3">
              <param name="X" type="float"/>
              <param name="Y" type="float"/>
              <param name="Z" type="float"/>
            </accessor>
          </technique_common>
        </source>
        <source id="_inch_edf_-_propeller_5046c_reverse-1-mesh-normals">
          <float_array id="_inch_edf_-_propeller_5046c_reverse-1-mesh-normals-array" count="2229">0.4566181 0.8396708 0.2940286 0.6012703 0.7610905 -0.2433422 0.9385471 0.313793 0.1437467 0.9827056 0.1779306 -0.05128753 0.9767941 -0.2119422 0.03087985 0.976113 -0.2152639 0.02941113 0.9355813 -0.2305567 -0.267453 0.9883434 -0.0960083 0.1181513 0.946237 0.3142411 -0.07673412 0.8826735 0.4669138 0.05365687 0.554506 0.8292676 -0.0695582 0.5074339 0.8611944 -0.02924031 0.5417162 -0.7985184 -0.2625107 0.1620051 -0.9296635 0.3308778 -0.06080794 -0.9832384 -0.1718857 -0.577912 -0.8104372 0.09596425 -0.6850287 -0.7284675 0.008418202 -0.7412738 -0.6388744 -0.2057976 -0.6189605 -0.7742012 0.1322891 -0.2983199 -0.9492739 -0.09941995 -0.04609531 -0.9954994 0.08280283 0.2994258 -0.9523067 -0.05878925 0.5681933 -0.8221251 0.03559005 0.7227578 -0.6904166 -0.03076022 0.7139316 -0.6578925 0.2397481 -0.9435262 0.3117752 0.1120476 -0.9381848 0.3461287 0.002057552 -0.665917 0.7453833 -0.03095936 -0.6128501 0.7899786 0.01866519 -0.309332 0.9509484 -0.003301739 -0.1438051 0.9248858 -0.3520033 -0.3910664 0.9013161 0.1862698 -0.7450526 0.6531162 -0.1354102 -0.9360325 0.3254608 0.1338596 -0.9933253 -0.089096 -0.07325792 -0.9359647 -0.303622 0.1782802 -0.9991371 0.01260769 -0.03957456 0.8444836 -0.5355727 0.003046274 0.895187 -0.4456893 -0.001116693 -0.9266822 -0.3752659 0.02087271 -0.8209375 -0.570874 -0.01282459 0.2473157 0.9688375 0.01374149 -0.1233412 0.992361 -0.002588748 -0.001714706 0.9981189 0.06128448 0.4354935 0.210479 -0.8752394 0.6038757 -0.0374543 -0.7961981 0.4993975 0.06063401 -0.8642486 0.2921597 0.03066712 -0.9558777 0.3130769 0.02046322 -0.9495073 0.4757823 0.08246797 -0.8756884 0.4397154 0.1492183 -0.8856548 0.4395924 0.1496498 -0.885643 0.4030957 0.0612573 -0.9131054 0.4111014 0.02173042 -0.9113305 0.3017005 0.1504788 -0.9414526 0.2399955 0.1693452 -0.9558893 0.276075 0.2914488 -0.9158822 0.3573139 0.3811523 -0.8526721 0.3604362 0.3754187 -0.8539007 0.3032398 0.5020354 -0.8099421 0.3693248 0.3248413 -0.8706763 0.3579474 0.3483089 -0.8663456 0.4245092 0.2608211 -0.8670434 0.4371219 0.2078264 -0.8750615 0.4230366 0.261255 -0.8676324 0.4231223 0.2619051 -0.8673945 0.4232015 0.2644452 -0.8665848 0.4406257 0.1983797 -0.8754967 0.4234006 0.2657197 -0.8660976 0.4419895 0.1946572 -0.8756448 0.4408525 0.1933391 -0.8765096 0.4412221 0.1917973 -0.8766624 0.2881122 0.5875875 -0.7561299 0.2904667 0.5798547 -0.7611818 0.2903012 0.5811339 -0.7602689 0.5043591 -0.4049218 -0.7626665 0.2953522 0.5776406 -0.7609853 0.4223653 0.2566604 -0.869329 0.3798754 0.3867672 -0.840301 0.3169158 0.5506778 -0.7722166 0.4244646 0.26023 -0.8672428 -0.129209 0.9908887 -0.03800696 0.426728 0.2429901 -0.8711252 0.4228091 0.257491 -0.8688676 0.4283666 0.3125234 -0.8478392 0.4259892 0.2472285 -0.8702938 0.4335431 0.2112593 -0.8760194 0.441249 0.1874861 -0.8775811 0.4395874 0.194632 -0.8768588 0.4393735 0.1995191 -0.875867 0.438597 0.1986125 -0.8764621 0.4413392 0.1872372 -0.8775886 0.4229531 0.2605755 -0.8678773 0.4360326 0.2111393 -0.8748118 0.4362327 0.2067538 -0.8757591 0.4264059 0.2451152 -0.8706874 0.4262233 0.2459845 -0.8705316 0.4373739 0.2022424 -0.8762432 0.4383816 0.2034388 -0.8754623 0.4230961 0.261714 -0.867465 0.3688557 0.8386787 -0.4007039 0.4209945 0.2140111 -0.881455 0.3601027 0.3764133 -0.8536036 0.360087 0.3783006 -0.8527755 0.2815031 0.5142742 -0.8101099 0.4728183 -0.0965563 -0.8758537 0.2365468 0.6421232 -0.7291937 0.4236626 0.2656043 -0.8660048 0.401691 -0.03553789 -0.9150855 0.3505971 -0.02991718 -0.9360484 0.2009305 0.6842661 -0.7010041 0.2008475 0.6866096 -0.698733 0.5543702 0.02438092 -0.8319131 0.3255891 0.4429553 -0.8353337 0.4748367 -0.0367859 -0.8793048 0.6530586 -0.009779095 -0.7572442 0.5639573 -0.03553318 -0.8250392 0.5444288 -0.03693026 -0.8379938 0.4846616 -0.03549349 -0.8739812 0.6256673 -0.07714563 -0.776266 0.4307633 0.3200704 -0.8437998 0.4398338 0.1974492 -0.8761051 0.4403147 0.1954654 -0.8763083 0.4405086 0.1909889 -0.8771975 0.4414299 0.1870646 -0.8775799 0.4415346 0.1871839 -0.8775017 0.4413965 0.1877737 -0.8774452 0.4422075 0.1886755 -0.8768433 0.4422608 0.1884503 -0.8768649 0.4428847 0.1891579 -0.8763974 0.4232306 0.2646836 -0.8664978 0.4318907 0.3181056 -0.8439664 0.4175593 0.3208454 -0.8501191 -0.04997044 -0.9987447 -0.003460347 -0.0512076 -0.998688 -2.30865e-4 -0.4400809 -0.22858 0.8683778 -0.3263121 -0.04852283 0.9440159 -0.4376561 0.07817333 0.8957377 -0.6559277 -0.03304785 0.7540999 -0.4820885 0.08360171 0.8721247 -0.3374534 0.2236421 0.9143902 -0.3247879 0.02855348 0.9453558 -0.08600336 0.004327118 0.9962854 0.09638381 -0.1178629 0.9883413 3.82517e-4 -0.3723651 0.9280863 -0.09616309 -0.7387169 0.6671207 -0.3515579 -0.491862 0.7965419 -0.09560251 -0.7398229 0.6659747 -0.2455439 -0.6092861 0.7539752 -0.3566126 -0.4839964 0.7991088 -0.2463443 -0.6326575 0.7342063 -0.2018348 -0.6522486 0.7306398 -0.2521331 -0.6025603 0.7571988 -0.1303951 -0.7142063 0.6876819 -0.3425784 -0.4865082 0.8037101 -0.311148 -0.5052033 0.8049575 -0.3360843 -0.490426 0.8040707 -0.632084 -0.2593618 0.7302064 -0.3745309 -0.4100081 0.831637 -0.3551142 -0.4629749 0.8121256 -0.3525319 -0.4788995 0.8039755 -0.341222 -0.486967 0.8040091 -0.3233649 -0.5317917 0.7827087 -0.2969937 -0.5173926 0.8025581 -0.3416216 -0.4867577 0.8039662 -0.3773887 -0.393782 0.8381608 -0.3580331 -0.4539015 0.8159568 -0.3508914 -0.4800642 0.8039985 -0.4304059 -0.4176512 0.8001989 -0.2711937 -0.5821859 0.7664944 -0.4799093 0.02616912 0.8769277 -0.3634101 -0.4392343 0.8215876 0.4806032 -0.09759467 -0.8714905 -0.3884075 -0.3886367 0.8355244 -0.480422 0.03050434 0.8765068 -0.3546807 -0.4627736 0.8124298 -0.5097014 0.4855059 0.7102736 -0.4794207 0.01993668 0.8773588 -0.3556571 -0.460157 0.8134885 -0.4791207 0.01861566 0.8775516 -0.3508155 -0.4736806 0.8078089 -0.4685951 -0.05887651 0.8814489 0.1792859 -0.9837428 0.0103324 -0.4805206 0.0314781 0.8764184 -0.3534741 -0.4660719 0.811069 -0.4677801 -0.06227213 0.8816485 0.1845208 -0.9828282 9.73351e-4 -0.3976834 -0.3455251 0.8499767 -0.4759127 -0.006660282 0.8794673 -0.4808732 0.03403258 0.8761295 -0.3514862 -0.4733449 0.8077141 -0.4688002 -0.05795377 0.881401 0.1473474 -0.9867726 0.06759083 -0.4753754 -0.007958173 0.8797471 -0.3522278 -0.4717774 0.8083079 -0.4687849 -0.05783689 0.8814168 -0.1995593 -0.7542474 0.6255294 -0.1981258 -0.7688301 0.6079856 -0.4453576 -0.1611901 0.8807238 -0.3505234 -0.4817598 0.8031443 -0.08791774 -0.9900421 0.1099414 -0.2006507 -0.7534148 0.6261833 -0.4688306 -0.05715376 0.8814371 -0.4793773 0.02084743 0.8773612 -0.3505325 -0.4747154 0.8073241 -0.4689241 -0.05771476 0.8813508 0.1717247 -0.9848541 0.02393752 -0.223238 -0.7258146 0.6506597 -0.4772617 0.565518 0.6726148 -0.4667158 0.6040944 0.645946 -0.4427985 -0.1913117 0.8759734 -0.4760202 0.5596469 0.6783806 -0.4429307 -0.1889665 0.8764155 -0.179962 -0.787831 0.5890129 -0.4685901 -0.05936801 0.8814187 -0.2038356 -0.7499251 0.6293357 -0.469098 0.5967206 0.6510542 -0.4429392 -0.1888853 0.8764286 -0.04453372 -0.5651046 0.8238165 -0.3178382 -0.5257847 0.7890053 -0.4115144 -0.4332112 0.8018628 -0.06298553 -0.1321536 0.9892261 -0.1375044 -0.2599572 0.9557796 -0.1305744 -0.1456325 0.9806842 -0.2272524 0.01213246 0.9737603 0.1480977 -0.4143254 0.8979986 -0.06265419 -0.1317078 0.9893066 -0.255036 -0.2394629 0.9368106 -0.09033811 -0.5082354 0.8564671 -0.2784161 -0.3422232 0.8974229 -0.4056196 -0.008015573 0.9140068 -0.2394968 0.003620982 0.9708904 -0.3903908 -0.03016346 0.920155 -0.4100061 -0.1015698 0.9064097 -0.3784743 -0.2866014 0.8801233 -0.8586628 -0.02344214 0.5120046 -0.5532736 -0.09208214 0.8278944 -0.8646618 0.07930409 0.4960554 -0.8305859 0.06448203 0.5531448 -0.875688 0.2084018 0.4355907 -0.5630812 0.04520851 0.8251641 -0.4806073 0.03086543 0.8763926 -0.6835023 0.02126771 0.7296384 -0.6654723 0.02615249 0.7459642 -0.811566 0.07254636 0.5797392 -0.887749 0.1068334 0.4477592 -0.6908634 0.04393857 0.721649 -0.7355219 0.02011954 0.6772021 -0.7562222 0.02568584 0.6538106 -0.7462235 0.01936733 0.6654137 -0.758153 0.05607533 0.6496611 -0.03726679 0.04538881 0.9982741 0.09047317 0.04560506 0.9948542 -0.2156691 0.04125022 0.9755949 -0.136754 0.06601613 0.9884029 -0.1873047 0.04560214 0.9812428 -0.4476974 0.05987966 0.8921779 -0.507934 0.0387957 0.8605219 -0.6157233 -0.04409408 0.7867277 -0.2865964 0.04268831 0.9570999 -0.3348476 0.02879399 0.9418323 0.05880808 0.03933328 0.9974941 -0.5201086 0.03129965 0.8535265 0.1656259 -0.5306499 -0.8312514 -0.3699187 -0.502806 -0.7812466 -0.357377 -0.5261924 -0.7716239 -0.3445162 -0.4946518 -0.7978897 -0.1327718 -0.2820137 -0.9501789 -0.1335611 -0.2596904 -0.9564112 -0.222315 -0.3785151 -0.8985001 -0.1840974 -0.410023 -0.8933025 -0.1164153 -0.4754577 -0.8720019 -0.1085278 -0.3998665 -0.9101256 -0.0827499 -0.4594239 -0.8843541 -0.03271359 -0.3393406 -0.9400946 -0.03870075 -0.2834001 -0.9582206 -0.1106352 -0.3987535 -0.9103601 0.1518884 -0.5001137 -0.8525351 0.1456146 -0.4999555 -0.8537219 0.2800295 -0.5134371 -0.8111509 0.2205498 -0.4901779 -0.8432577 0.1299816 -0.4880924 -0.8630589 -0.06432348 -0.4708429 -0.8798689 -0.1599052 -0.4370332 -0.8851171 0.1602116 -0.5326124 -0.8310573 -0.3725096 -0.3597081 -0.8554804 -0.3704983 -0.3604347 -0.8560478 0.7307811 -0.5123465 -0.4510654 -0.3966452 -0.3450428 -0.8506575 0.7084417 -0.5197113 -0.4775047 -0.3892197 -0.3487012 -0.8525934 -0.3873668 -0.3517841 -0.8521707 0.1242708 -0.5262834 -0.8411793 0.2997518 -0.5272287 -0.7950967 0.3577292 -0.5418983 -0.7605103 0.3579291 -0.5419816 -0.7603569 0.2320688 -0.5308989 -0.8150401 0.3633187 -0.5394091 -0.7596297 0.1757053 -0.5280734 -0.8308227 0.1068755 -0.5418911 -0.8336256 -0.08684772 -0.4640435 -0.8815448 -0.5824524 -0.2119484 -0.7847465 -0.7144191 -0.1224796 -0.6889151 0.177575 -0.5328963 -0.8273383 -0.1005991 -0.4644129 -0.8798866 -0.6179167 0.009512841 -0.7861859 0.1761947 -0.5324798 -0.8279014 0.1167628 -0.5220339 -0.8448947 0.1326994 -0.525693 -0.8402605 0.1412926 -0.5293709 -0.8365423 0.1405207 -0.5267487 -0.8383255 0.113577 -0.5218306 -0.8454544 -0.3719269 -0.3596875 -0.8557426 0.1663548 -0.5329968 -0.8296025 0.1594348 -0.5300825 -0.8328223 0.1823692 -0.534072 -0.8255354 0.1505534 -0.5263168 -0.8368538 0.1181139 -0.5221862 -0.8446128 0.1504262 -0.528477 -0.8355143 0.151284 -0.5313307 -0.8335472 -0.3723273 -0.3597618 -0.8555372 -0.00492227 -0.5130606 -0.8583383 0.145978 -0.5000292 -0.8536166 0.1477953 -0.5010106 -0.852728 0.1398173 -0.5006653 -0.8542748 0.2847515 -0.51569 -0.8080721 -0.7193822 0.6272661 0.2983731 -0.2578457 -0.3708349 -0.8921867 -0.2138494 -0.3061686 -0.9276472 -0.1768205 -0.2703788 -0.9463772 0.1407616 -0.5008635 -0.8540035 0.1423283 -0.5017947 -0.8531968 0.2672727 -0.5036081 -0.8215499 -0.2678331 -0.39355 -0.8794225 -0.300335 -0.4512804 -0.8403244 -0.3074825 -0.4560292 -0.8351597 -0.3289108 -0.5484106 -0.7688065 -0.3879116 -0.3533771 -0.8512634 -0.3944502 -0.3486353 -0.8502132 0.1334047 -0.5281353 -0.8386157 0.1236022 -0.523921 -0.842751 0.1134529 -0.5218437 -0.845463 0.113528 -0.5219815 -0.8453678 0.1150614 -0.5222999 -0.8449637 0.115875 -0.5252217 -0.8430392 -0.3775468 -0.3570857 -0.8543701 -0.3799597 -0.3530221 -0.8549889 0.5974266 -0.5446332 -0.5886054 -0.1091223 -0.4643828 -0.8788862 0.1704806 -0.5311527 -0.8299476 -0.8473168 0.3266673 -0.4187395 0.2168681 0.4579326 0.8621287 -0.5622185 -0.07521903 -0.8235609 0.07876539 0.08760184 0.9930367 0.03210538 0.03783285 0.9987682 -0.1000034 -0.009464621 0.994942 -0.4809889 0.1707745 0.8599336 -0.3418477 0.04010939 0.938899 -0.6819996 0.4214373 0.5977185 -0.338414 0.5893304 0.7335977 -0.6773852 0.4266936 0.5992345 -0.533666 0.5098237 0.6747447 -0.3286363 0.587417 0.7395536 -0.3517482 0.5750132 0.7386698 -0.6630216 0.4430836 0.6033899 -0.3054314 0.5892005 0.7480337 -0.5262724 0.5132626 0.6779373 -0.6610379 0.4411563 0.6069679 -0.2193287 0.5317782 0.8179895 -0.2180199 0.5030506 0.8363058 -0.2191326 0.5249101 0.8224661 -0.219736 0.5996029 0.7695405 -0.1560439 0.524688 0.8368709 -0.1773807 0.5311602 0.8284956 0.8712663 0.3341389 0.3595085 0.06435924 0.3692675 0.9270919 -0.7741715 0.4234933 0.4704379 -0.9241991 0.1010385 -0.3683031 -0.174937 0.5313453 0.8288965 0.4735277 0.2539958 0.8433609 -0.5931184 0.658689 0.4629679 0.06500661 0.4831634 0.8731135 -0.1119462 0.5263087 0.8428921 -0.1624499 0.5302672 0.8321217 -0.1465676 0.5273675 0.8368999 -0.1631363 0.5289052 0.832854 0.07982391 0.4795191 0.8738934 -0.1692525 0.5318269 0.8297672 -0.1387087 0.5262216 0.8389582 -0.1611483 0.5298554 0.832637 -0.149388 0.5277152 0.8361818 -0.1752241 0.5330688 0.8277283 -0.1337223 0.5254317 0.8402618 -0.396755 0.5573117 0.7293758 -0.1629258 0.5330874 0.8302247 -0.1702942 0.5320557 0.8294073 -0.1376764 0.5260643 0.8392269 -0.3416466 0.5540087 0.7591785 -0.157539 0.5314601 0.832305 -0.118068 0.5202471 0.8458149 -0.1120598 0.5200697 0.8467409 -0.11311 0.5202886 0.8464667 -0.1969032 0.5372061 0.8201456 -0.1170439 0.5225853 0.8445149 -0.4290218 0.5581904 0.7101858 -0.1643007 0.5335282 0.8296704 -0.1069205 0.5205945 0.8470829 -0.1120061 0.5216641 0.8457666 -0.4739096 0.5579458 0.6812535 -0.1463295 0.5305703 0.8349149 -0.1644715 0.5344186 0.8290632 0.9865705 -0.05539858 0.1536548 -0.1453068 0.5303188 0.8352532 -0.4929549 0.5573267 0.6681187 -0.12382 0.5240366 0.8426472 -0.1067285 0.5206719 0.8470596 -0.1945374 0.5367726 0.8209935 -0.1185091 0.5228462 0.8441489 -0.4347833 0.5582444 0.7066305 -0.1646202 0.5336987 0.8294974 0.5611722 0.2519758 0.7884123 -0.6858829 0.5261591 0.5027139 0.2254859 0.4001095 0.8882953 0.09004944 0.4744271 0.8756769 0.5627922 0.2505525 0.7877109 -0.6811751 0.527814 0.5073587 -0.2182438 0.5359482 0.8155545 -0.1367746 0.52003 0.8431261 -0.3121833 0.5461626 0.7773339 -0.1133404 0.5247066 0.8437044 -0.1466662 0.5311925 0.83446 0.5611527 0.2520529 0.7884016 -0.6866096 0.525872 0.5020219 -0.05998069 0.5454845 0.835972 -0.08472573 0.2684631 0.9595567 -0.2826368 0.1672779 0.9445288 -0.3268114 0.3457574 0.8795716 -0.2802677 0.5865586 0.7598677 -0.1931621 0.5877572 0.7856398 -0.2416011 0.3861608 0.8902296 0.01265656 0.1803816 0.9835153 -0.06839829 0.08603394 0.9939416 0.1184624 0.2439817 0.9625174 -0.07976579 0.2756531 0.957942 -0.1137195 0.4364504 0.8925127 0.1948623 0.3389143 0.920416 -0.1254972 0.4786258 0.8690039 0.09964853 0.3941073 0.9136463 0.1094599 0.4721987 0.8746696 -0.02582818 0.5204128 0.8535242 0.2135501 0.3859424 0.8974658 0.4102491 0.732802 0.5428599 0.4121736 0.6194663 0.6681126 0.5954286 0.8030111 -0.02525991 0.517612 0.7104221 0.4768421 0.4429757 0.5647237 0.6963186 0.315176 0.4603641 0.8298969 0.3288275 0.4747052 0.8164114 0.3231909 0.5008879 0.8029065 0.383144 0.5732457 0.724286 0.4116119 0.6169044 0.6708238 0.3895651 0.6421287 0.6602346 0.37102 0.6185016 0.692676 0.4804881 0.670994 0.5647107 0.4085958 0.6133189 0.6759359 0.01732581 -0.1669841 0.9858074 0.1002781 0.07035404 0.992469 0.1241649 0.1261962 0.9842041 0.201594 0.2602598 0.9442588 -0.2945345 -0.928679 0.225399 0.09505921 0.08532565 0.9918081 0.1514089 0.1859546 0.9708225 0.2478365 0.3524269 0.9024258 0.09520256 0.1102922 0.9893291 0.1214426 0.1512798 0.9810026 0.4201893 0.8050064 0.4188147 -0.3994385 0.2721509 -0.8754329 -0.2811646 0.6881181 -0.6689096 -0.2666868 0.5305131 -0.8046329 -0.2832826 0.5599165 -0.778617 -0.2407062 0.4718963 -0.8481594 -0.3204853 0.3683701 -0.8726928 -0.1565529 0.2570744 -0.9536267 -0.2769353 0.3072277 -0.9104493 -0.3177626 0.3340533 -0.8873755 -0.27317 0.2858162 -0.9185246 -0.3842216 0.3080171 -0.8703443 -0.1847931 0.2872619 -0.9398576 -0.2344542 0.2458828 -0.9405173 -0.2286694 0.3027725 -0.9252239 -0.4383254 0.2623581 -0.8596738 -0.5086746 0.1189911 -0.8526964 -0.5052727 0.1245461 -0.8539249 -0.6018225 -0.0120843 -0.7985385 -0.5534325 0.09082025 -0.8279275 -0.4239724 0.2589843 -0.8678563 -0.3986271 0.27457 -0.8750473 -0.409467 0.2640239 -0.8732859 -0.4100273 0.2639663 -0.8730404 -0.3546352 0.3177164 -0.8793691 -0.393131 0.2816999 -0.8752675 -0.355077 0.3174458 -0.8792886 -0.3890674 0.2857172 -0.8757809 -0.3873583 0.2853893 -0.8766451 -0.3856896 0.2869713 -0.8768643 -0.5749413 0.04392176 -0.8170149 -0.5223966 0.1323754 -0.8423648 -0.4893781 0.1814754 -0.8529806 -0.4617315 0.1995121 -0.864291 -0.4626095 0.1991549 -0.8639038 -0.5256059 0.1276881 -0.8410911 -0.4629319 0.2009201 -0.8633222 -0.4240943 0.2595266 -0.8676347 -0.6458294 -1.80864e-4 -0.7634817 -0.4144481 0.2548995 -0.873647 -0.4079095 0.2643722 -0.8739091 -0.4117654 0.2605636 -0.8732444 -0.4052137 0.2654401 -0.8748391 -0.3882879 0.2827813 -0.8770788 -0.4072263 0.2645457 -0.8741752 -0.4131477 0.2633186 -0.8717639 -0.387619 0.2834609 -0.8771553 -0.3833574 0.2880207 -0.8775427 -0.3886711 0.2830552 -0.8768207 -0.3934518 0.2800052 -0.8756671 -0.3920963 0.2797548 -0.8763548 -0.383176 0.2882387 -0.8775503 -0.4089393 0.2641088 -0.8735074 -0.4005165 0.2723272 -0.8748854 -0.3973513 0.2743532 -0.8756953 -0.385614 0.2855393 -0.8773649 -0.3854441 0.2857195 -0.8773809 -0.3942021 0.2773991 -0.876159 -0.3954397 0.2776191 -0.8755314 -0.4094494 0.2640262 -0.8732934 -0.5057973 0.123953 -0.8537006 -0.5074158 0.1230025 -0.8528773 -0.5034562 0.1292214 -0.8543031 -0.5966389 -4.77728e-4 -0.8025098 -0.4059216 0.264844 -0.8746916 -0.1872735 0.3936433 -0.8999854 -0.2443096 0.4231404 -0.872505 -0.5042576 0.1283265 -0.8539652 -0.5058621 0.1274273 -0.8531505 -0.6803851 -0.2264555 -0.6969893 -0.2042155 0.4290319 -0.879902 -0.2540552 0.5106112 -0.8214209 -0.2370891 0.4860172 -0.8411754 -0.3084329 0.545502 -0.7792925 -0.4199323 0.263235 -0.8685414 -0.3918878 0.2814753 -0.875897 -0.3899655 0.2833076 -0.8761641 -0.384569 0.2867411 -0.8774315 -0.3834474 0.2877963 -0.877577 -0.3839498 0.2878633 -0.8773353 -0.3832417 0.2885274 -0.8774267 -0.3845466 0.2888042 -0.8767645 -0.385218 0.2881709 -0.8766781 -0.3861534 0.2883576 -0.8762052 -0.3544631 0.3178209 -0.8794009 -0.1684352 0.3638473 -0.916103 -0.1439067 0.2935653 -0.9450451 -0.22457 0.4611979 -0.8584083 -0.4322105 0.2559027 -0.8647011 -0.4896587 0.1801191 -0.853107 0.7250522 0.1642754 0.6688145 0.2022981 0.01473259 0.9792132 0.04456251 -0.02820414 0.9986084 0.02489238 0.1038441 0.994282 0.2952061 0.3308011 0.8963392 0.4951 0.4234482 0.7586616 0.6190377 0.2564509 0.7423108 0.5514451 -0.1081408 0.8271723 0.4605323 -0.187972 0.8675117 0.5809664 -0.06670105 0.81119 -0.1507523 -0.6354556 0.7572779 0.6646249 0.1895181 0.7227425 0.6998621 0.6261044 0.3437823 0.8035218 0.5843479 -0.1135351 0.7392929 0.3782534 0.5571091 0.02276891 -0.6149224 0.7882589 0.52671 -0.1410664 0.8382582 0.8337003 0.4627869 -0.301284 0.715029 0.2225783 0.6627159 0.6978905 0.3229499 0.639259 0.6221043 -0.05063396 0.7812954 -0.1774434 0.518895 -0.8362188 0.6654198 0.09868252 0.7399177 0.562444 -0.09460586 0.8214052 0.6581625 0.08541125 0.7480155 0.6076155 0.6668392 -0.4314267 0.1636596 -0.435368 0.8852515 0.6550664 -0.09726953 0.749284 0.5749597 -0.08204293 0.814058 0.3025408 -0.04905205 0.9518734 0.2099648 0.06429636 0.9755925 0.5248495 0.08284413 0.847154 0.3798381 0.1912129 0.905075 0.8236739 0.5381966 0.1786221 0.7385808 0.1766838 0.6506007 -0.2130204 -0.6788064 0.7027405 0.7270082 0.1521034 0.6695697 0.2313456 -0.4179751 0.8785079 0.2315242 -0.4178473 0.8785216 0.7248809 0.1471702 0.67297 -0.2220049 -0.6818251 0.6970139 0.7419766 0.1821452 0.6452082 0.2327458 -0.4169215 0.8786386 0.7174434 0.1316093 0.6840716 -0.2383754 -0.6873333 0.6861124 0.7430626 0.1825573 0.6438407 -0.006197512 -0.6113983 0.7912988 0.6473097 0.03509366 0.7614188 0.5751157 0.7406581 -0.3473725 -0.352146 -0.7234238 0.5938445 0.7429093 0.181889 0.6442067 -0.248135 -0.6905575 0.6793816 0.7160385 0.1288098 0.6860736 0.2327774 -0.4168988 0.8786411 0.4927353 -0.2241423 0.8408164 0.5883275 0.7383118 -0.3297973 -0.2467998 -0.691854 0.6785485 -0.255263 -0.699422 0.66757 0.7364758 0.1663489 0.6556916 0.7381622 0.1702636 0.652784 -0.03012061 -0.5921131 0.8052918 -0.03955382 -0.6016333 0.7977925 0.6602107 0.03157657 0.7504164 0.7023521 0.1030067 0.7043373 0.2449399 -0.4074184 0.879781 0.2445726 -0.4078966 0.8796617 0.4953998 -0.1747529 0.8509057 0.4607141 -0.2001644 0.864683 -0.1086376 0.4886616 -0.8656834 0.5565423 -0.09894979 0.8249058 0.5751689 0.7406495 -0.3473025 -0.3516425 -0.7233314 0.5942552 0.7437004 0.1841492 0.6426498 -0.2544326 -0.6926075 0.674951 0.7162232 0.129172 0.6858126 0.2242232 -0.4232975 0.8778059 0.1416949 -0.2098955 0.9674018 0.1337297 -0.2070389 0.9691498 0.1768533 0.05250942 0.9828355 0.3524839 0.02683836 0.935433 0.6617051 0.179856 0.7278724 0.5593413 -0.09981077 0.8229065 0.7664765 -0.2227743 0.6023998 0.7097173 0.7043185 -0.01538622 0.8081803 0.2820969 0.5169775 0.2293632 -0.4194242 0.878337 0.7229454 0.1429715 0.6759505 -0.2285425 -0.6840324 0.692725 0.7424245 0.1827311 0.644527 0.2313403 -0.4179787 0.8785075 0.7273437 0.1529962 0.6690017 0.8070967 0.5881501 0.05171519 0.7099592 0.2044291 0.6739189 0.4929236 0.8346807 -0.2456306 0.475481 -0.04762625 0.8784358 0.221739 -0.3303073 0.9174579 0.2854453 -0.254598 0.9239593 0.5770413 -0.1547048 0.8019287 0.4101316 -0.3353007 0.8481542 0.4669861 -0.742641 0.4800087 0.3757584 -0.7453706 0.5506617 0.3552379 -0.3659548 0.8601646 0.4185125 -0.3814145 0.8242392 0.3152917 -0.6918272 0.6495894 0.3442069 -0.7007341 0.6248946 0.3261697 -0.6769878 0.6597735 0.3793745 -0.848273 0.3694698 0.2611492 -0.5495284 0.7936117 0.280472 -0.5784389 0.7659922 0.2340758 -0.4846032 0.8428335 0.2533699 -0.4883087 0.8350798 0.3453292 -0.7421007 0.5744861 0.3544303 -0.7574543 0.5483084 0.3581614 -0.6350601 0.6844115 0.3828015 -0.6727347 0.6331596 0.2953484 -0.7579247 0.5816524 0.2965124 -0.5575603 0.7753754 0.07548564 -0.2273293 0.9708879 0.04719406 -0.1747379 0.9834833 0.1166099 -0.2794188 0.953062 -0.002892374 -0.03344535 0.9994364 0.8885415 0.4587117 -0.008809268 0.8900997 0.4557595 -0.002398967 0.8903581 0.4552587 -0.001451194 0.01990211 -0.01745867 -0.9996496 0.002500116 2.41325e-4 -0.9999969 0.0239588 0.02320718 -0.9994435 0.00427705 -0.02767693 -0.9996078 0.01153612 -0.01945811 -0.9997441 -0.02069687 0.0540111 -0.9983258 -0.03419184 -0.01135069 -0.9993509 -0.0134533 -0.03455406 -0.9993122 -0.01654767 -0.02481323 -0.9995552 -0.01220506 0.03883332 -0.9991711 -0.04940003 -0.009987533 -0.9987292 -0.00106287 9.95734e-4 -0.9999989 -0.00145775 3.65824e-4 -0.9999989 0.002055346 0.001741945 -0.9999964 7.02738e-4 0.002228736 -0.9999973 0.1007788 0.05097281 -0.9936023 -0.003317594 0.01891654 0.9998155 0.0056113 0.01332318 0.9998955 0.0166915 -0.04818111 0.9986991 0.02441996 0.007912456 0.9996705 0.003954589 0.02736353 0.9996177 0.009248554 0.01291614 0.9998739 -0.01719909 0.00375843 0.999845 -0.01215761 0.01117956 0.9998636 -0.01659518 0.01030153 0.9998093 0.009211421 -0.01194113 0.9998863 0.01446837 5.99302e-4 0.9998951 0.01007831 -0.00327742 0.9999439 -0.01422524 -0.003402888 0.999893 -0.01305079 -0.004417657 0.9999051 -0.01434868 -0.01232057 0.9998211 0.001806795 -0.01449024 0.9998934 0.005004048 -0.01609784 0.9998579 -0.008620798 -0.01576197 0.9998387 0.08534848 -0.9963333 -0.005959928 0.9987851 -0.04023617 0.02844709 0.9980136 0.03575789 0.05186849 0.4842658 -0.8691436 -0.1003799 0.7722331 -0.6352486 0.01073592 0.6612222 0.7496641 0.02808684 0.7686289 0.6396291 -0.009189307 -0.3726057 0.9268541 0.04589545 0.0138235 0.9990708 -0.04082328 -0.9971076 -0.07598668 -0.001594424 -0.9903704 0.1306411 0.04582005 -0.7995765 0.5996826 -0.0325312 0.1146192 -0.9933077 -0.01421678 -0.6692956 -0.7429884 0.003423571 -0.7347222 -0.6780809 -0.01973831 -0.3763384 0.9177411 0.1269671 -0.4895016 -0.01685547 -0.8718395 0.1872071 -0.7142838 0.6743531 0.2177026 0.3647586 -0.9052938 0.9681945 -0.06783187 -0.2408285</float_array>
          <technique_common>
            <accessor source="#_inch_edf_-_propeller_5046c_reverse-1-mesh-normals-array" count="743" stride="3">
              <param name="X" type="float"/>
              <param name="Y" type="float"/>
              <param name="Z" type="float"/>
            </accessor>
          </technique_common>
        </source>
        <vertices id="_inch_edf_-_propeller_5046c_reverse-1-mesh-vertices">
          <input semantic="POSITION" source="#_inch_edf_-_propeller_5046c_reverse-1-mesh-positions"/>
        </vertices>
        <triangles material="Material_001-material" count="743">
          <input semantic="VERTEX" source="#_inch_edf_-_propeller_5046c_reverse-1-mesh-vertices" offset="0"/>
          <input semantic="NORMAL" source="#_inch_edf_-_propeller_5046c_reverse-1-mesh-normals" offset="1"/>
          <p>2 0 12 0 3 0 3 1 5 1 2 1 4 2 5 2 3 2 4 3 6 3 5 3 21 4 6 4 4 4 21 5 8 5 6 5 7 6 8 6 20 6 8 7 7 7 252 7 9 8 252 8 7 8 252 9 9 9 10 9 10 10 9 10 11 10 11 11 2 11 10 11 119 12 22 12 13 12 13 13 22 13 14 13 14 14 15 14 13 14 30 15 15 15 14 15 15 16 30 16 82 16 16 17 82 17 28 17 16 18 17 18 82 18 17 19 16 19 18 19 17 20 18 20 32 20 32 21 18 21 19 21 32 22 19 22 119 22 20 23 119 23 19 23 22 24 119 24 21 24 23 25 31 25 24 25 23 26 24 26 186 26 202 27 186 27 24 27 202 28 24 28 25 28 25 29 0 29 202 29 1 30 0 30 11 30 0 31 1 31 26 31 26 32 1 32 27 32 26 33 27 33 29 33 28 34 29 34 27 34 31 35 29 35 30 35 31 36 23 36 29 36 119 37 20 37 21 37 21 38 20 38 8 38 29 39 28 39 30 39 30 40 28 40 82 40 2 41 11 41 12 41 12 42 11 42 25 42 25 43 11 43 0 43 33 44 34 44 35 44 43 45 42 45 41 45 88 46 43 46 39 46 84 47 40 47 38 47 37 48 38 48 40 48 43 49 44 49 39 49 45 50 39 50 44 50 47 51 39 51 45 51 38 52 44 52 43 52 43 53 84 53 38 53 44 54 38 54 104 54 37 55 104 55 38 55 44 56 104 56 45 56 49 57 50 57 51 57 51 58 50 58 52 58 51 59 52 59 47 59 51 60 47 60 45 60 51 61 45 61 49 61 55 62 56 62 39 62 57 63 36 63 58 63 58 64 36 64 39 64 39 65 59 65 60 65 61 66 39 66 48 66 61 67 48 67 62 67 63 68 39 68 61 68 63 69 61 69 64 69 64 70 61 70 62 70 64 71 62 71 65 71 46 72 68 72 67 72 67 73 68 73 69 73 67 74 69 74 70 74 46 75 67 75 71 75 71 76 67 76 70 76 46 77 71 77 39 77 72 78 73 78 71 78 55 79 71 79 56 79 73 80 39 80 56 80 73 81 56 81 71 81 74 82 72 82 33 82 74 83 33 83 39 83 39 84 33 84 35 84 33 85 72 85 34 85 72 86 75 86 76 86 76 87 75 87 77 87 78 88 60 88 77 88 77 89 60 89 59 89 77 90 59 90 76 90 77 91 75 91 78 91 39 92 35 92 58 92 58 93 35 93 34 93 58 94 34 94 57 94 57 95 34 95 72 95 57 96 72 96 76 96 57 97 76 97 36 97 36 98 76 98 59 98 36 99 59 99 39 99 73 100 72 100 39 100 55 101 39 101 71 101 50 102 79 102 52 102 52 103 79 103 80 103 80 104 53 104 52 104 52 105 53 105 54 105 52 106 54 106 47 106 72 107 74 107 39 107 119 108 84 108 32 108 40 109 84 109 119 109 80 110 81 110 53 110 53 111 81 111 66 111 53 112 66 112 54 112 54 113 66 113 47 113 17 114 32 114 84 114 41 115 83 115 43 115 83 116 82 116 43 116 82 117 17 117 43 117 43 118 17 118 84 118 88 119 42 119 43 119 48 120 39 120 60 120 48 121 60 121 62 121 62 122 60 122 78 122 62 123 78 123 65 123 65 124 78 124 75 124 65 125 75 125 85 125 65 126 85 126 64 126 64 127 85 127 86 127 64 128 86 128 63 128 63 129 86 129 87 129 63 130 87 130 39 130 39 131 87 131 88 131 39 132 47 132 46 132 85 133 75 133 89 133 90 134 87 134 86 134 85 135 91 135 86 135 96 136 93 136 94 136 96 137 94 137 95 137 116 138 88 138 110 138 13 139 15 139 95 139 97 140 92 140 93 140 13 141 94 141 93 141 103 142 40 142 102 142 37 143 40 143 103 143 100 144 104 144 105 144 45 145 106 145 49 145 49 146 106 146 51 146 50 147 51 147 106 147 50 148 106 148 79 148 79 149 106 149 52 149 47 150 66 150 53 150 53 151 81 151 106 151 106 152 81 152 80 152 106 153 80 153 52 153 68 154 46 154 110 154 68 155 110 155 67 155 110 156 71 156 70 156 110 157 70 157 67 157 75 158 72 158 108 158 107 159 109 159 55 159 55 160 109 160 110 160 110 161 109 161 71 161 108 162 71 162 107 162 107 163 55 163 110 163 108 164 56 164 110 164 72 165 71 165 108 165 108 166 107 166 56 166 56 167 107 167 110 167 73 168 108 168 110 168 47 169 53 169 106 169 33 170 108 170 74 170 33 171 74 171 91 171 74 172 108 172 91 172 91 173 108 173 73 173 57 174 108 174 34 174 57 175 34 175 91 175 35 176 91 176 73 176 34 177 108 177 33 177 34 178 33 178 91 178 77 179 108 179 76 179 77 180 76 180 91 180 36 181 91 181 58 181 36 182 58 182 73 182 76 183 108 183 57 183 76 184 57 184 91 184 58 185 91 185 35 185 58 186 35 186 73 186 89 187 75 187 108 187 89 188 108 188 65 188 65 189 108 189 78 189 65 190 78 190 91 190 60 191 91 191 59 191 60 192 59 192 73 192 85 193 89 193 65 193 85 194 65 194 91 194 62 195 91 195 60 195 62 196 60 196 111 196 111 197 60 197 73 197 111 198 73 198 88 198 46 199 106 199 110 199 88 200 48 200 111 200 62 201 111 201 64 201 62 202 64 202 91 202 78 203 108 203 77 203 78 204 77 204 91 204 59 205 91 205 36 205 59 206 36 206 73 206 90 207 86 207 111 207 90 208 111 208 63 208 63 209 111 209 61 209 63 210 61 210 88 210 87 211 90 211 63 211 87 212 63 212 88 212 109 213 107 213 71 213 86 214 91 214 64 214 86 215 64 215 111 215 61 216 111 216 48 216 61 217 48 217 88 217 106 218 45 218 104 218 46 219 47 219 106 219 110 220 88 220 73 220 37 221 112 221 105 221 101 222 100 222 105 222 101 223 105 223 112 223 102 224 99 224 103 224 105 225 104 225 37 225 37 226 103 226 112 226 100 227 101 227 114 227 106 228 104 228 100 228 100 229 114 229 106 229 113 230 112 230 99 230 103 231 99 231 112 231 113 232 101 232 112 232 114 233 101 233 113 233 106 234 114 234 110 234 83 235 41 235 115 235 110 236 114 236 113 236 42 237 115 237 41 237 42 238 116 238 115 238 116 239 42 239 88 239 95 240 15 240 98 240 96 241 95 241 98 241 98 242 117 242 113 242 116 243 113 243 117 243 15 244 82 244 83 244 118 245 15 245 83 245 98 246 15 246 118 246 98 247 118 247 115 247 98 248 115 248 117 248 83 249 115 249 118 249 115 250 116 250 117 250 119 251 92 251 102 251 102 252 92 252 97 252 93 253 102 253 97 253 92 254 119 254 13 254 92 255 13 255 93 255 94 256 13 256 95 256 99 257 96 257 98 257 113 258 116 258 110 258 96 259 99 259 102 259 96 260 102 260 93 260 102 261 40 261 119 261 113 262 99 262 98 262 121 263 122 263 123 263 132 264 133 264 131 264 131 265 129 265 132 265 132 266 129 266 130 266 134 267 169 267 185 267 169 268 128 268 185 268 169 269 134 269 130 269 130 270 134 270 132 270 132 271 125 271 133 271 136 272 132 272 134 272 132 273 135 273 125 273 127 274 136 274 134 274 127 275 134 275 185 275 136 276 135 276 132 276 139 277 140 277 141 277 141 278 140 278 142 278 141 279 142 279 125 279 141 280 125 280 135 280 141 281 135 281 139 281 126 282 144 282 154 282 126 283 154 283 133 283 145 284 124 284 146 284 146 285 124 285 154 285 154 286 147 286 148 286 149 287 154 287 138 287 149 288 138 288 150 288 151 289 154 289 149 289 151 290 149 290 152 290 152 291 149 291 150 291 152 292 150 292 153 292 125 293 157 293 156 293 156 294 157 294 158 294 156 295 158 295 159 295 137 296 125 296 156 296 137 297 156 297 159 297 162 298 160 298 137 298 160 299 162 299 154 299 126 300 137 300 144 300 160 301 154 301 144 301 160 302 144 302 137 302 161 303 162 303 121 303 161 304 121 304 154 304 154 305 121 305 123 305 121 306 162 306 122 306 164 307 163 307 165 307 166 308 148 308 165 308 165 309 148 309 147 309 165 310 147 310 164 310 165 311 163 311 166 311 154 312 123 312 146 312 146 313 123 313 122 313 146 314 122 314 145 314 145 315 122 315 162 315 145 316 162 316 163 316 145 317 163 317 164 317 145 318 164 318 124 318 124 319 164 319 147 319 124 320 147 320 154 320 133 321 125 321 126 321 140 322 167 322 142 322 142 323 167 323 168 323 168 324 143 324 142 324 142 325 143 325 125 325 162 326 161 326 154 326 169 327 26 327 29 327 170 328 169 328 29 328 169 329 170 329 128 329 168 330 171 330 143 330 143 331 171 331 155 331 143 332 155 332 125 332 130 333 26 333 169 333 0 334 26 334 120 334 120 335 26 335 130 335 129 336 120 336 130 336 138 337 154 337 148 337 138 338 148 338 150 338 150 339 148 339 166 339 150 340 166 340 153 340 153 341 166 341 163 341 153 342 163 342 172 342 153 343 172 343 152 343 152 344 172 344 173 344 152 345 173 345 151 345 151 346 173 346 174 346 151 347 174 347 154 347 154 348 174 348 133 348 126 349 125 349 137 349 172 350 163 350 175 350 176 351 174 351 173 351 172 352 177 352 173 352 179 353 180 353 178 353 128 354 170 354 187 354 187 355 185 355 128 355 136 356 127 356 194 356 188 357 127 357 185 357 135 358 184 358 139 358 139 359 184 359 141 359 140 360 141 360 184 360 140 361 184 361 167 361 167 362 184 362 142 362 184 363 125 363 155 363 184 364 155 364 143 364 143 365 171 365 184 365 184 366 171 366 168 366 184 367 168 367 142 367 157 368 125 368 200 368 157 369 200 369 156 369 200 370 137 370 159 370 200 371 159 371 156 371 162 372 137 372 189 372 163 373 162 373 189 373 126 374 190 374 195 374 191 375 190 375 126 375 191 376 126 376 195 376 192 377 144 377 191 377 192 378 189 378 190 378 192 379 190 379 144 379 144 380 190 380 191 380 192 381 191 381 195 381 189 382 192 382 160 382 121 383 189 383 161 383 121 384 161 384 160 384 160 385 161 385 189 385 133 386 192 386 195 386 145 387 189 387 122 387 145 388 122 388 160 388 122 389 189 389 121 389 122 390 121 390 160 390 165 391 189 391 164 391 165 392 164 392 160 392 124 393 160 393 146 393 124 394 146 394 193 394 164 395 189 395 145 395 164 396 145 396 160 396 146 397 160 397 123 397 146 398 123 398 193 398 193 399 123 399 160 399 175 400 163 400 189 400 175 401 189 401 153 401 153 402 189 402 166 402 153 403 166 403 160 403 148 404 160 404 147 404 148 405 147 405 193 405 172 406 175 406 153 406 172 407 153 407 160 407 150 408 160 408 148 408 150 409 148 409 176 409 176 410 148 410 193 410 193 411 138 411 176 411 150 412 176 412 152 412 150 413 152 413 160 413 160 414 152 414 177 414 160 415 177 415 172 415 166 416 189 416 165 416 166 417 165 417 160 417 147 418 160 418 124 418 147 419 124 419 193 419 151 420 176 420 149 420 151 421 149 421 193 421 133 422 193 422 160 422 133 423 160 423 192 423 174 424 176 424 151 424 174 425 151 425 193 425 195 426 137 426 200 426 137 427 195 427 190 427 137 428 190 428 189 428 173 429 177 429 152 429 173 430 152 430 176 430 149 431 176 431 138 431 149 432 138 432 193 432 133 433 174 433 193 433 196 434 194 434 188 434 194 435 127 435 188 435 135 436 136 436 194 436 200 437 125 437 184 437 133 438 195 438 200 438 194 439 197 439 135 439 188 440 187 440 196 440 187 441 188 441 185 441 187 442 203 442 196 442 194 443 196 443 197 443 184 444 135 444 199 444 196 445 203 445 201 445 197 446 199 446 135 446 183 447 197 447 196 447 199 448 197 448 183 448 184 449 199 449 200 449 201 450 183 450 196 450 120 451 129 451 198 451 199 452 198 452 200 452 129 453 131 453 200 453 129 454 200 454 198 454 131 455 133 455 200 455 182 456 201 456 186 456 202 457 182 457 186 457 183 458 201 458 182 458 198 459 199 459 183 459 202 460 181 460 182 460 183 461 182 461 198 461 182 462 181 462 198 462 120 463 202 463 0 463 202 464 120 464 181 464 170 465 29 465 23 465 179 466 178 466 23 466 179 467 23 467 180 467 186 468 203 468 23 468 178 469 170 469 23 469 170 470 178 470 180 470 203 471 180 471 23 471 186 472 201 472 203 472 187 473 170 473 180 473 187 474 180 474 203 474 198 475 181 475 120 475 204 476 205 476 206 476 213 477 258 477 251 477 213 478 251 478 212 478 258 479 211 479 251 479 251 480 217 480 212 480 212 481 210 481 213 481 286 482 215 482 214 482 208 483 212 483 217 483 208 484 210 484 212 484 262 485 208 485 217 485 213 486 210 486 216 486 214 487 215 487 217 487 215 488 262 488 217 488 262 489 215 489 209 489 219 490 213 490 216 490 220 491 221 491 222 491 222 492 221 492 223 492 222 493 223 493 210 493 222 494 210 494 220 494 218 495 225 495 216 495 226 496 207 496 227 496 227 497 207 497 216 497 216 498 228 498 229 498 230 499 213 499 219 499 230 500 219 500 231 500 232 501 213 501 230 501 232 502 230 502 233 502 233 503 230 503 231 503 233 504 231 504 234 504 235 505 236 505 210 505 210 506 236 506 238 506 210 507 238 507 237 507 237 508 238 508 239 508 237 509 239 509 240 509 210 510 237 510 273 510 273 511 237 511 240 511 242 512 241 512 216 512 218 513 273 513 225 513 225 514 273 514 241 514 242 515 216 515 225 515 242 516 225 516 241 516 243 517 241 517 244 517 243 518 244 518 204 518 243 519 204 519 216 519 216 520 204 520 206 520 204 521 244 521 205 521 245 522 244 522 246 522 247 523 229 523 246 523 246 524 229 524 228 524 246 525 228 525 245 525 246 526 244 526 247 526 216 527 206 527 227 527 227 528 206 528 205 528 227 529 205 529 226 529 226 530 205 530 244 530 226 531 244 531 245 531 226 532 245 532 207 532 207 533 245 533 228 533 207 534 228 534 216 534 221 535 248 535 223 535 223 536 248 536 249 536 249 537 224 537 223 537 223 538 224 538 210 538 241 539 243 539 216 539 217 540 10 540 214 540 10 541 2 541 285 541 249 542 250 542 224 542 224 543 250 543 235 543 224 544 235 544 210 544 10 545 217 545 252 545 284 546 8 546 251 546 8 547 252 547 251 547 211 548 284 548 251 548 219 549 216 549 229 549 219 550 229 550 231 550 231 551 229 551 247 551 231 552 247 552 234 552 234 553 247 553 244 553 234 554 244 554 253 554 234 555 253 555 233 555 233 556 253 556 254 556 233 557 254 557 232 557 232 558 254 558 255 558 232 559 255 559 213 559 10 560 285 560 214 560 214 561 285 561 286 561 251 562 252 562 217 562 216 563 210 563 218 563 218 564 210 564 273 564 273 565 240 565 267 565 209 566 215 566 260 566 260 567 286 567 261 567 260 568 215 568 286 568 259 569 262 569 209 569 270 570 208 570 262 570 277 571 210 571 208 571 241 572 264 572 244 572 240 573 237 573 267 573 241 574 273 574 263 574 265 575 263 575 218 575 210 576 266 576 220 576 225 577 267 577 268 577 265 578 267 578 225 578 218 579 267 579 265 579 265 580 225 580 268 580 265 581 268 581 263 581 222 582 220 582 266 582 248 583 221 583 266 583 266 584 221 584 222 584 223 585 248 585 266 585 224 586 266 586 235 586 235 587 266 587 236 587 266 588 224 588 250 588 236 589 266 589 277 589 218 590 263 590 267 590 242 591 272 591 268 591 272 592 243 592 264 592 272 593 264 593 241 593 259 594 271 594 278 594 259 595 209 595 271 595 277 596 208 596 270 596 262 597 259 597 270 597 273 598 267 598 263 598 269 599 227 599 206 599 206 600 227 600 272 600 272 601 205 601 204 601 204 602 205 602 264 602 264 603 205 603 226 603 226 604 205 604 272 604 272 605 227 605 207 605 207 606 227 606 269 606 264 607 245 607 246 607 246 608 245 608 272 608 272 609 228 609 229 609 229 610 228 610 269 610 269 611 267 611 219 611 267 612 236 612 277 612 267 613 230 613 219 613 219 614 230 614 269 614 269 615 231 615 229 615 229 616 231 616 272 616 272 617 247 617 246 617 246 618 247 618 264 618 267 619 213 619 255 619 267 620 255 620 232 620 232 621 255 621 274 621 232 622 274 622 269 622 269 623 274 623 254 623 269 624 254 624 233 624 233 625 254 625 275 625 233 626 275 626 272 626 272 627 275 627 253 627 272 628 253 628 234 628 234 629 253 629 276 629 234 630 276 630 264 630 264 631 276 631 244 631 237 632 238 632 236 632 237 633 236 633 267 633 268 634 272 634 241 634 267 635 232 635 230 635 230 636 232 636 269 636 269 637 233 637 231 637 231 638 233 638 272 638 272 639 234 639 247 639 247 640 234 640 264 640 260 641 279 641 271 641 260 642 261 642 279 642 271 643 209 643 260 643 270 644 259 644 278 644 277 645 266 645 210 645 241 646 263 646 268 646 268 647 267 647 242 647 242 648 267 648 272 648 272 649 267 649 269 649 264 650 226 650 245 650 245 651 226 651 272 651 272 652 207 652 228 652 228 653 207 653 269 653 264 654 243 654 204 654 204 655 243 655 272 655 206 656 272 656 269 656 250 657 249 657 266 657 266 658 249 658 223 658 270 659 278 659 277 659 257 660 271 660 279 660 271 661 257 661 278 661 213 662 267 662 277 662 278 663 256 663 277 663 211 664 280 664 284 664 280 665 211 665 258 665 257 666 256 666 278 666 213 667 277 667 256 667 213 668 256 668 281 668 256 669 283 669 280 669 281 670 256 670 280 670 258 671 281 671 280 671 5 672 6 672 283 672 282 673 283 673 6 673 283 674 279 674 5 674 257 675 279 675 283 675 8 676 282 676 6 676 282 677 8 677 284 677 282 678 280 678 283 678 280 679 282 679 284 679 281 680 258 680 213 680 257 681 283 681 256 681 5 682 261 682 2 682 2 683 261 683 285 683 5 684 279 684 261 684 286 685 285 685 261 685 253 686 244 686 276 686 274 687 255 687 254 687 253 688 275 688 254 688 288 689 27 689 1 689 287 690 28 690 27 690 287 691 27 691 288 691 11 692 290 692 1 692 1 693 290 693 288 693 7 694 291 694 289 694 7 695 289 695 9 695 9 696 289 696 290 696 9 697 290 697 11 697 18 698 292 698 19 698 19 699 292 699 291 699 19 700 291 700 20 700 20 701 291 701 7 701 28 702 287 702 16 702 16 703 287 703 18 703 18 704 287 704 292 704 22 705 295 705 14 705 14 706 295 706 294 706 297 707 31 707 293 707 293 708 31 708 30 708 293 709 30 709 294 709 294 710 30 710 14 710 4 711 299 711 21 711 21 712 299 712 22 712 22 713 299 713 295 713 296 714 25 714 24 714 296 715 24 715 297 715 297 716 24 716 31 716 3 717 300 717 298 717 3 718 298 718 4 718 4 719 298 719 299 719 25 720 296 720 12 720 12 721 296 721 300 721 12 722 300 722 3 722 301 723 300 723 296 723 293 724 302 724 288 724 293 725 288 725 297 725 297 726 288 726 301 726 297 727 301 727 296 727 294 728 292 728 302 728 294 729 302 729 293 729 295 730 303 730 292 730 295 731 292 731 294 731 298 732 289 732 299 732 299 733 289 733 303 733 299 734 303 734 295 734 300 735 301 735 290 735 300 736 290 736 289 736 300 737 289 737 298 737 303 738 291 738 292 738 289 739 291 739 303 739 301 740 288 740 290 740 287 741 302 741 292 741 287 742 288 742 302 742</p>
        </triangles>
      </mesh>
    </geometry>
    <geometry id="_inch_edf_-_motor_cobra_2217_12-1-mesh" name="5inch_edf - motor_cobra_2217_12-1">
      <mesh>
        <source id="_inch_edf_-_motor_cobra_2217_12-1-mesh-positions">
          <float_array id="_inch_edf_-_motor_cobra_2217_12-1-mesh-positions-array" count="426">8.99325e-4 -0.00114417 -0.03057998 -0.001006841 0.001044511 -0.03057998 -0.001385748 -4.14144e-4 -0.03057998 -4.41547e-4 -0.001349747 -0.03057998 0.001420557 1.76962e-4 -0.03057998 5.37908e-4 0.001362264 -0.03057998 -0.001254618 -7.64731e-4 -0.01999998 1.53338e-4 -0.001429021 -0.01999998 0.001371979 4.34861e-4 -0.01999998 0.001186668 -7.68053e-4 -0.01999998 -0.001215398 7.50669e-4 -0.01999998 1.56058e-4 0.001472115 -0.01999998 -0.001587331 0.01070255 -0.01999998 0.007470488 0.002243995 -0.01999998 -8.0959e-4 0.00814414 -0.01999998 0.0110833 0.0034343 -0.02000027 8.60309e-4 0.01164966 -0.02000063 0.008710086 0.002110123 -0.01999998 -0.002469241 0.009781241 -0.01999998 9.78715e-5 0.009855389 -0.01999998 0.009026467 0.007185339 -0.02000004 0.006608188 0.00122404 -0.01999998 -0.002270519 0.008606314 -0.01999998 0.009212613 7.12907e-4 -0.01999998 0.006204426 0.009760618 -0.02000015 0.007687747 -3.47908e-4 -0.01999998 0.00164324 -0.01076346 -0.01999998 -0.008157253 -0.008162915 -0.01999998 0.001183211 -0.01154178 -0.02000015 2.8124e-4 -0.008475065 -0.01999998 0.005564033 -0.01012629 -0.02000004 4.99474e-5 -0.00995928 -0.01999998 0.00251609 -0.009437441 -0.01999998 0.009526252 -0.006697833 -0.02000063 0.001976072 -0.008291423 -0.01999998 0.01146334 -0.001581728 -0.0200001 -0.008495748 -0.002246975 -0.01999998 -0.01155012 9.22303e-5 -0.02000004 -0.009240031 -5.229e-4 -0.01999998 -0.01055097 0.004897058 -0.02000051 -0.007380425 1.94539e-4 -0.01999998 -0.006142377 0.0099532 -0.02000087 -0.006688177 -0.001720249 -0.01999998 -0.00439161 -0.01076924 -0.02000057 -0.01068788 -0.004529356 -0.02000027 -0.01359343 -0.003739535 -0.01299178 -0.007211863 0.01211875 -0.01299852 -0.01112997 0.008596658 -0.01300275 -0.01307946 0.005085885 -0.01300328 -0.01399534 0.001281261 -0.01300489 0.002795159 0.01381891 -0.01299858 -0.002291083 0.01387172 -0.01299452 0.01239383 0.006597578 -0.01300418 0.009802281 0.01010078 -0.01299637 0.006734609 0.01229977 -0.01300102 0.01361548 -0.003766 -0.0130074 0.01391804 0.002242386 -0.01300048 -0.002453148 -0.01391732 -0.01299202 -0.007590472 -0.01183581 -0.01299583 -0.01112687 -0.00862056 -0.01300984 0.01118916 -0.008498787 -0.01300662 0.008305013 -0.01132702 -0.0129975 0.003849804 -0.01357108 -0.01301169 -0.01355016 -0.0036906 0.007999598 -0.01405483 7.86345e-4 0.008000433 -0.004593074 -0.013314 0.007998883 -0.008794784 -0.01096469 0.008001983 -0.01185411 -0.007578432 0.00799942 0.009670376 -0.01033812 0.008000314 0.004091322 -0.01348495 0.008001565 -3.20181e-4 -0.01403158 0.008000016 0.0104748 0.009385108 0.00799936 0.01305478 0.005260705 0.008002161 0.01403337 7.06737e-4 0.007999181 0.01334017 -0.004657626 0.007999241 -0.005597472 0.01290309 0.007999956 -0.01013869 0.009817361 0.008002221 -0.0129773 0.005391001 0.008001208 0.007009685 0.01218438 0.007999002 0.00341469 0.01361644 0.008000731 -8.85982e-4 0.01404666 0.008000254 -0.007048785 0.001757264 0.01199895 -0.003933489 -0.006104469 0.0120002 -0.006663501 -0.002641975 0.01200115 0.006186604 -0.003544449 0.01200002 0.00436294 -0.005682885 0.01200032 7.51339e-4 -0.007173359 0.0120024 0.005221545 0.004964232 0.01199972 0.006873488 0.001932084 0.01200115 0.007091045 -9.88829e-4 0.01199984 -0.00431627 0.005787909 0.0120005 0.002116203 0.006829559 0.01199978 -8.30089e-4 0.007102012 0.01200115 -0.004546165 -0.005679368 0.01699995 -0.00702995 -0.001573204 0.01699995 0.003771245 -0.006101429 0.01699995 4.69897e-5 -0.007199645 0.01699995 0.006994783 0.001922845 0.01699995 0.006570219 -0.003025352 0.01699995 -0.003800928 0.006071865 0.01699995 -0.006586134 0.003004252 0.01699995 0.004152178 0.005909979 0.01699995 -1.40372e-4 0.007208168 0.01699995 -0.001246035 -0.002238929 0.01699995 -0.001771092 0.001889348 0.01699995 -0.002574682 -4.20113e-4 0.01699995 0.001406908 -0.002286195 0.01699995 0.001851618 0.001726567 0.01699995 0.002567827 1.27499e-4 0.01699995 3.21272e-4 0.002553105 0.01699995 -0.002447605 6.95883e-4 0.03691995 -0.00223726 -0.001305639 0.03691995 0.001785635 -0.001854479 0.03691995 -3.31914e-4 -0.002568125 0.03691995 0.00258255 2.47143e-4 0.03691995 -0.001305282 0.002229094 0.03691995 0.001142561 0.002361297 0.03691995 -0.00793153 -0.001044154 -0.0142489 -0.007394015 1.7018e-4 -0.01499694 -0.00660783 -0.001228094 -0.0149942 -0.007516682 -0.002265989 -0.01499855 -0.008752524 -0.002066433 -0.01499938 -0.009136736 -3.42825e-4 -0.01498568 0.00793153 0.001044154 -0.0142489 0.008670449 0.002088367 -0.01499992 0.009244322 0.001079976 -0.01499855 0.00853002 -1.21017e-4 -0.01499825 0.007065236 3.03703e-5 -0.01499605 0.006666183 0.001231551 -0.01500034 0.007414877 0.002271056 -0.0149964 0.001239955 -0.009418725 -0.0142489 0.002509653 -0.008897185 -0.01498997 0.001929163 -0.01055538 -0.01499271 5.43452e-4 -0.01051902 -0.0149998 -8.396e-5 -0.009162306 -0.01499551 0.001052498 -0.008125245 -0.01499843 -0.001239955 0.009418725 -0.0142489 1.05703e-4 0.00968343 -0.01499503 -7.25514e-4 0.00820434 -0.01499718 -0.00240767 0.00867486 -0.01498889 -0.002238214 0.01023119 -0.01499891 -0.00114417 0.01072114 -0.01499933</float_array>
          <technique_common>
            <accessor source="#_inch_edf_-_motor_cobra_2217_12-1-mesh-positions-array" count="142" stride="3">
              <param name="X" type="float"/>
              <param name="Y" type="float"/>
              <param name="Z" type="float"/>
            </accessor>
          </technique_common>
        </source>
        <source id="_inch_edf_-_motor_cobra_2217_12-1-mesh-normals">
          <float_array id="_inch_edf_-_motor_cobra_2217_12-1-mesh-normals-array" count="840">0 0 -1 0 0 -1 0 0 -1 0 0 -1 -0.9678118 0.2513841 -0.01209479 -0.7037944 -0.7102494 -0.01481187 -0.999578 0.02585428 0.01324641 0.1515352 -0.9883235 -0.01592797 -0.4266669 -0.904245 0.01721292 0.5387996 -0.8422948 0.01530981 0.9883059 -0.1522608 0.008247196 0.9301457 -0.3669874 -0.01221799 -0.2014398 0.9793456 -0.01743793 -0.4655104 0.8849083 0.0154047 0.802004 0.5972196 -0.01087719 0.6489172 0.7607007 0.01552277 -1.47055e-4 -2.92542e-4 -1 5.41002e-4 -0.002070665 -0.9999977 0 0 -1 0 0 -1 -1.01973e-4 -3.6676e-5 -1 0 0 -1 2.37818e-4 -2.27639e-4 -1 0 0 -1 0 0 -1 -8.9791e-5 -4.50497e-5 -1 -1.21757e-4 -1.21704e-6 -1 0 0 -1 -1.77902e-5 2.55718e-5 -1 -9.45048e-7 -8.74921e-6 -1 -2.54765e-4 -2.46774e-4 -0.9999999 8.77916e-5 -6.02893e-6 -1 0 0 -1 2.43494e-5 -1.67144e-5 -1 0 0 -1 2.50459e-4 4.23588e-5 -1 2.47277e-4 3.32122e-5 -1 0 0 -1 -7.97793e-6 5.55967e-5 -1 9.12071e-5 1.83017e-4 -1 -8.75998e-6 -2.32682e-6 -1 0 0 -1 -2.47263e-5 1.7681e-5 -1 1.32528e-6 0 -1 -6.67681e-5 2.76388e-4 -1 1.31679e-6 -2.05205e-7 -1 -8.19009e-5 -3.85933e-5 -1 -1.23924e-4 1.60512e-4 -1 -5.37345e-5 -1.10666e-4 -1 4.94905e-7 1.04886e-6 -1 0 9.42044e-7 -1 3.4437e-7 0 -1 8.53444e-6 -9.46091e-5 -1 8.7345e-5 3.77063e-5 -1 0 1.42451e-6 -1 2.87448e-6 -9.51866e-5 -1 4.25696e-5 5.38874e-5 -1 3.38341e-5 -8.76982e-5 -1 2.12007e-5 -9.6216e-5 -1 -1.55508e-6 1.80015e-6 -1 3.21652e-5 1.40735e-4 -1 1.17629e-4 8.619e-6 -1 1.2808e-4 4.05882e-4 -0.9999998 -0.9161709 0.1904771 -0.3526318 -0.9452016 -0.0764932 -0.3173997 -0.9168217 -0.1710303 -0.360814 -0.8506329 -0.4287247 -0.3043333 -0.3172413 0.8912518 -0.3240805 -0.6342602 0.7059513 -0.3151933 -0.6974472 0.608094 -0.3791955 -0.8304442 0.4611818 -0.3125278 -0.9154147 0.2205091 -0.3367368 0.3377184 0.8763306 -0.3434981 0.3111293 0.8801032 -0.3586319 0.009679675 0.9544066 -0.2983525 -0.2175133 0.8979301 -0.3826349 0.9286935 0.07034176 -0.364116 0.8974509 0.3138123 -0.310006 0.8191885 0.4492114 -0.3565661 0.7615416 0.5640804 -0.3191671 0.6296694 0.6899908 -0.3569721 0.5520993 0.7695153 -0.3209866 0.9504104 -0.04750001 -0.3073498 0.05146211 -0.9536304 -0.2965481 -0.1271138 -0.9174692 -0.3769514 -0.358235 -0.8846932 -0.2983048 -0.5311288 -0.7672975 -0.3593837 -0.6373825 -0.702426 -0.316767 -0.7655223 -0.5331849 -0.3601244 0.8688036 -0.3289079 -0.370135 0.8452659 -0.4333894 -0.3125685 0.6602495 -0.6743568 -0.3306259 0.610454 -0.7055482 -0.3599274 0.4280474 -0.8478504 -0.31293 0.2860964 -0.8854327 -0.3662756 -0.9937041 -0.1120126 0.002308428 -0.9967993 -0.07980626 -0.004703223 -0.973693 0.2278491 0.0026111 -0.9722263 0.2340388 0.001329064 -0.1656161 -0.9861237 0.01146018 -0.3754903 -0.9267532 -0.01164156 -0.4880025 -0.8728035 0.008220016 -0.6726736 -0.7398973 -0.007885634 -0.742002 -0.670355 0.007567465 -0.8924971 -0.4509725 -0.00852406 -0.916576 -0.3998505 0.002820134 0.8398919 -0.5425928 0.01321423 0.7000892 -0.7139562 -0.01189756 0.4912614 -0.8709649 0.009075939 0.4498481 -0.8931038 -0.00150901 0.1229791 -0.9924058 0.002654552 0.05481672 -0.9984359 -0.01100522 0.847767 0.5303217 0.00707674 0.943835 0.3303034 -0.008675336 0.9776347 0.2100731 0.009992182 0.9986934 -0.0502758 -0.009162366 0.9917251 -0.1281563 0.007558643 0.8898475 -0.4561933 -0.007700085 -0.2358617 0.9717562 0.007691144 -0.3355627 0.9419711 -0.009384691 -0.5619714 0.8270651 0.01231366 -0.6684731 0.7436448 -0.01167076 -0.8417507 0.5398018 0.008352577 -0.8742527 0.4854631 -0.002799332 0.8039123 0.5947228 -0.00547719 0.6283951 0.7778681 0.006387472 0.5826087 0.8127465 -0.003163933 0.3597947 0.9330314 4.15318e-4 0.3700703 0.9290017 -0.001960813 0.09953254 0.9950121 0.00665766 0.01038122 0.9999054 -0.009023785 -0.4970252 -0.04309868 0.866665 -0.4891334 -0.05529826 0.8704543 -0.504501 0.1179053 0.8553228 -0.08296483 -0.4925985 0.8662931 -0.1087355 -0.4747784 0.8733625 -0.2520297 -0.4518848 0.8557343 -0.3737592 -0.337031 0.8641262 -0.3841126 -0.3030913 0.8721199 -0.4683573 -0.2043455 0.8595839 0.4348354 -0.2807552 0.8556253 0.3751763 -0.3198292 0.8700299 0.2530078 -0.4482324 0.857365 0.1875334 -0.4531815 0.8714687 0.0629481 -0.5103555 0.8576566 0.4296578 0.2693523 0.8618837 0.4344686 0.2371018 0.8689187 0.4989637 0.1066598 0.8600342 0.492304 0.03628873 0.8696665 0.5102531 -0.06592309 0.8574939 0.4620527 -0.1634665 0.871657 -0.1201587 0.4948502 0.8606307 -0.1731113 0.4588283 0.8714981 -0.2907983 0.4285962 0.855419 -0.4071491 0.2756945 0.8707595 -0.4197174 0.2689579 0.8668904 0.3206875 0.3970775 0.8599355 0.2525271 0.4203687 0.8715046 0.1882789 0.4715932 0.8614818 0.04991298 0.4999217 0.8646311 0.04652649 0.4989337 0.8653903 -0.9947147 -0.08714908 -0.05429184 -0.9930387 0.09627729 0.06785923 -0.2222757 -0.9743022 -0.03645116 -0.3139368 -0.9485067 0.0421741 -0.7845346 -0.6185536 -0.0435518 -0.8546612 -0.5169745 0.04787302 0.7608567 -0.6488577 0.008988201 0.7392723 -0.6726843 0.03118211 0.3812665 -0.9239036 -0.03221923 0.2826719 -0.9585853 0.03479832 0.8779519 0.4783131 -0.02042597 0.9969487 0.07426011 -0.02405774 0.9939778 -0.08529311 0.06879788 0.9420366 -0.3333894 -0.03766381 -0.3525679 0.9353435 0.0287832 -0.2963715 0.9547792 -0.02367693 -0.7398219 0.6717225 0.03811073 -0.826053 0.5600347 -0.06322693 0.8125689 0.579319 0.06419765 0.5142346 0.8560749 -0.05194872 0.2889833 0.9555715 0.05806857 0.09200602 0.9951837 -0.03382772 0 0 1 0 0 1 0 0 1 0 0 1 0 0 1 0 0 1 0 0 1 0 0 1 0 0 1 0 0 1 0 0 1 0 0 1 0 0 1 0 0 1 0 0 1 0 0 1 0 0 1 -0.9944512 -0.1044893 0.01219928 -0.01781052 -0.9997181 -0.01570212 -0.5523003 -0.8335649 0.01157188 -0.8074384 -0.5898184 -0.01254415 0.3193124 -0.9475392 0.01446473 0.9126372 0.4087584 -0.003131091 0.9011883 -0.4334235 0.00193566 0.93499 -0.3545306 -0.01009267 -0.3023501 0.9531527 -0.009185492 -0.8018877 0.5974134 0.008562862 -0.9443911 0.3285913 -0.01238292 0.8264411 0.5629063 0.01148033 0.4751842 0.8798161 -0.01112031 -0.05392044 0.9984751 0.0118376 0 0 1 0 0 1 0 0 1 0 0 1 0 0 1 -0.5001457 -0.2828121 -0.8184569 -0.4167487 0.3683956 -0.8310266 0.088144 0.5425112 -0.8354114 0.5725021 0.1340441 -0.8088717 0.162151 -0.568575 -0.806492 -0.871657 -0.4900933 -0.004759907 -0.9393218 -0.3395978 0.04845434 -0.7511758 0.6579998 -0.05264186 0.1593433 0.9868416 -0.02744883 -0.279313 0.958428 0.05831015 0.9756151 0.2177064 -0.02791339 0.9176095 0.3961262 0.03281587 0.2823668 -0.9592986 -0.003901779 0.3598208 -0.9326568 0.02608263 -0.08142542 -0.5433527 -0.8355464 -0.4719237 -0.2697713 -0.8393518 -0.4810373 0.2858997 -0.8287729 0.05669122 0.5604555 -0.8262419 0.5216823 0.1703016 -0.8359695 0.448374 -0.3197435 -0.8347005 -0.9405415 -0.3382799 0.0307998 -0.570101 0.819466 0.05882501 -0.8590317 0.5109184 -0.03204852 0.1025128 0.9927791 -0.06229656 0.9489544 0.3152046 -0.01147836 0.8228601 0.5651044 0.05965262 0.7636185 -0.6455568 0.01196908 0.8114275 -0.5843908 -0.008537888 -0.86906 -0.494624 -0.009037494 -0.1439814 -0.9895654 -0.005437791 -0.1073896 -0.9942082 0.004183113 -0.2664592 -0.5118694 -0.816694 -0.5529059 0.1948665 -0.810137 0.01880675 0.5554158 -0.8313601 0.5116736 0.2392207 -0.8252052 0.3822494 -0.4212088 -0.822477 -0.9036924 -0.4258373 0.04475235 -0.9430996 0.3300786 0.04013997 -0.8337592 0.5488304 -0.06025624 0.4499042 0.8913578 0.05538672 0.026389 0.9987258 -0.04301559 0.9867938 -0.1537786 0.05089259 0.9067733 0.4194673 -0.04253482 0.6730611 -0.7377427 -0.05219751 -0.4671243 -0.8823559 -0.05694568 0.1075853 -0.9927904 0.052845 -0.3660231 -0.4442284 -0.8177335 -0.5070793 0.2861301 -0.8130191 0.1539989 0.564795 -0.8107348 0.5640789 -0.06670391 -0.8230223 0.2231219 -0.4989234 -0.8374318 -0.8717425 0.4898861 0.008755207 -0.8833327 0.4684206 0.01747667 0.3016418 0.9534094 -0.004778921 0.2692656 0.9629312 -0.0161125 0.9934536 -0.1083715 -0.03613418 0.9856974 0.1667057 0.02469557 0.4084707 -0.9121816 -0.03281003 0.7220973 -0.6911903 0.02883559 -0.6385252 -0.7691807 -0.02542906 -0.4487102 -0.8926379 0.04309034</float_array>
          <technique_common>
            <accessor source="#_inch_edf_-_motor_cobra_2217_12-1-mesh-normals-array" count="280" stride="3">
              <param name="X" type="float"/>
              <param name="Y" type="float"/>
              <param name="Z" type="float"/>
            </accessor>
          </technique_common>
        </source>
        <vertices id="_inch_edf_-_motor_cobra_2217_12-1-mesh-vertices">
          <input semantic="POSITION" source="#_inch_edf_-_motor_cobra_2217_12-1-mesh-positions"/>
        </vertices>
        <triangles material="Material_001-material" count="280">
          <input semantic="VERTEX" source="#_inch_edf_-_motor_cobra_2217_12-1-mesh-vertices" offset="0"/>
          <input semantic="NORMAL" source="#_inch_edf_-_motor_cobra_2217_12-1-mesh-normals" offset="1"/>
          <p>1 0 5 0 0 0 0 1 2 1 1 1 0 2 3 2 2 2 0 3 5 3 4 3 2 4 10 4 1 4 3 5 6 5 2 5 2 6 6 6 10 6 0 7 7 7 3 7 3 8 7 8 6 8 0 9 9 9 7 9 4 10 8 10 9 10 4 11 9 11 0 11 11 12 5 12 1 12 11 13 1 13 10 13 8 14 4 14 5 14 8 15 5 15 11 15 16 16 19 16 12 16 16 17 12 17 41 17 10 18 22 18 14 18 19 19 13 19 14 19 23 20 17 20 15 20 21 21 25 21 14 21 12 22 18 22 41 22 14 23 11 23 10 23 11 24 14 24 8 24 35 25 23 25 15 25 15 26 17 26 20 26 13 27 21 27 14 27 25 28 23 28 35 28 20 29 17 29 13 29 19 30 16 30 13 30 16 31 24 31 13 31 7 32 9 32 25 32 20 33 13 33 24 33 25 34 8 34 14 34 18 35 22 35 41 35 41 36 22 36 10 36 25 37 9 37 8 37 7 38 25 38 35 38 31 39 26 39 28 39 35 40 34 40 7 40 34 41 29 41 7 41 30 42 26 42 32 42 7 43 29 43 27 43 28 44 26 44 30 44 27 45 29 45 31 45 34 46 33 46 32 46 34 47 35 47 33 47 30 48 32 48 33 48 27 49 6 49 7 49 42 50 40 50 10 50 10 51 6 51 42 51 10 52 40 52 41 52 44 53 38 53 36 53 27 54 42 54 6 54 39 55 38 55 37 55 37 56 38 56 44 56 39 57 40 57 38 57 40 58 39 58 41 58 36 59 42 59 27 59 31 60 28 60 27 60 44 61 36 61 27 61 28 62 43 62 27 62 49 63 39 63 37 63 49 64 37 64 45 64 45 65 37 65 44 65 45 66 44 66 59 66 51 67 41 67 46 67 46 68 41 68 47 68 47 69 41 69 39 69 47 70 39 70 48 70 48 71 39 71 49 71 54 72 24 72 50 72 50 73 24 73 16 73 50 74 16 74 51 74 51 75 16 75 41 75 56 76 35 76 15 76 56 77 15 77 52 77 52 78 15 78 20 78 52 79 20 79 53 79 53 80 20 80 24 80 53 81 24 81 54 81 55 82 35 82 56 82 28 83 62 83 57 83 28 84 57 84 43 84 43 85 57 85 58 85 43 86 58 86 27 86 27 87 58 87 59 87 27 88 59 88 44 88 35 89 55 89 33 89 33 90 55 90 60 90 33 91 60 91 61 91 33 92 61 92 30 92 30 93 61 93 62 93 30 94 62 94 28 94 45 95 63 95 64 95 45 96 64 96 49 96 49 97 64 97 77 97 49 98 77 98 48 98 57 99 70 99 65 99 57 100 65 100 58 100 58 101 65 101 66 101 58 102 66 102 59 102 59 103 66 103 67 103 59 104 67 104 45 104 45 105 67 105 63 105 60 106 74 106 68 106 60 107 68 107 61 107 61 108 68 108 69 108 61 109 69 109 62 109 62 110 69 110 70 110 62 111 70 111 57 111 52 112 71 112 72 112 52 113 72 113 56 113 56 114 72 114 73 114 56 115 73 115 55 115 55 116 73 116 74 116 55 117 74 117 60 117 80 118 51 118 75 118 75 119 51 119 46 119 75 120 46 120 76 120 76 121 46 121 47 121 76 122 47 122 77 122 77 123 47 123 48 123 71 124 52 124 53 124 71 125 53 125 78 125 78 126 53 126 54 126 78 127 54 127 50 127 78 128 50 128 79 128 79 129 50 129 80 129 80 130 50 130 51 130 63 131 83 131 81 131 63 132 81 132 64 132 64 133 81 133 77 133 70 134 86 134 65 134 65 135 86 135 82 135 65 136 82 136 66 136 66 137 82 137 67 137 67 138 82 138 83 138 67 139 83 139 63 139 74 140 84 140 68 140 68 141 84 141 85 141 68 142 85 142 69 142 69 143 85 143 86 143 69 144 86 144 70 144 71 145 87 145 72 145 72 146 87 146 88 146 72 147 88 147 73 147 73 148 88 148 89 148 73 149 89 149 74 149 74 150 89 150 84 150 92 151 80 151 75 151 92 152 75 152 90 152 90 153 75 153 76 153 90 154 76 154 81 154 81 155 76 155 77 155 87 156 71 156 78 156 87 157 78 157 91 157 91 158 78 158 79 158 91 159 79 159 80 159 91 160 80 160 92 160 83 161 94 161 81 161 81 162 94 162 100 162 86 163 96 163 82 163 82 164 96 164 93 164 82 165 93 165 83 165 83 166 93 166 94 166 84 167 98 167 85 167 85 168 98 168 95 168 85 169 95 169 86 169 86 170 95 170 96 170 87 171 97 171 88 171 88 172 97 172 89 172 89 173 97 173 98 173 89 174 98 174 84 174 102 175 92 175 90 175 102 176 90 176 99 176 99 177 90 177 100 177 100 178 90 178 81 178 97 179 87 179 101 179 101 180 87 180 91 180 101 181 91 181 102 181 102 182 91 182 92 182 105 183 94 183 93 183 105 184 93 184 103 184 95 185 106 185 96 185 96 186 106 186 103 186 96 187 103 187 93 187 104 188 99 188 100 188 104 189 100 189 105 189 105 190 100 190 94 190 97 191 108 191 98 191 98 192 108 192 106 192 98 193 106 193 95 193 101 194 109 194 107 194 101 195 107 195 97 195 97 196 107 196 108 196 99 197 104 197 102 197 102 198 104 198 109 198 102 199 109 199 101 199 105 200 111 200 110 200 106 201 113 201 103 201 103 202 113 202 111 202 103 203 111 203 105 203 106 204 112 204 113 204 107 205 114 205 108 205 108 206 114 206 106 206 106 207 114 207 112 207 115 208 109 208 104 208 115 209 104 209 110 209 110 210 104 210 105 210 114 211 107 211 116 211 116 212 107 212 109 212 116 213 109 213 115 213 115 214 114 214 116 214 112 215 114 215 115 215 115 216 113 216 112 216 111 217 113 217 115 217 115 218 110 218 111 218 118 219 119 219 117 219 119 220 120 220 117 220 120 221 121 221 117 221 121 222 122 222 117 222 122 223 118 223 117 223 118 224 40 224 119 224 119 225 40 225 42 225 42 226 120 226 119 226 36 227 121 227 120 227 36 228 120 228 42 228 38 229 122 229 121 229 38 230 121 230 36 230 40 231 118 231 122 231 40 232 122 232 38 232 123 233 129 233 124 233 123 234 124 234 125 234 125 235 126 235 123 235 126 236 127 236 123 236 123 237 127 237 128 237 128 238 129 238 123 238 125 239 17 239 23 239 25 240 126 240 23 240 23 241 126 241 125 241 25 242 127 242 126 242 21 243 128 243 127 243 21 244 127 244 25 244 13 245 129 245 21 245 21 246 129 246 128 246 17 247 125 247 124 247 17 248 124 248 129 248 17 249 129 249 13 249 130 250 135 250 131 250 131 251 132 251 130 251 132 252 133 252 130 252 130 253 133 253 134 253 134 254 135 254 130 254 131 255 34 255 32 255 26 256 132 256 131 256 26 257 131 257 32 257 31 258 133 258 26 258 26 259 133 259 132 259 29 260 134 260 31 260 31 261 134 261 133 261 29 262 135 262 134 262 34 263 131 263 135 263 34 264 135 264 29 264 141 265 137 265 136 265 136 266 137 266 138 266 138 267 139 267 136 267 136 268 139 268 140 268 140 269 141 269 136 269 14 270 138 270 137 270 14 271 137 271 19 271 22 272 139 272 14 272 14 273 139 273 138 273 18 274 140 274 139 274 18 275 139 275 22 275 12 276 141 276 140 276 12 277 140 277 18 277 19 278 137 278 141 278 19 279 141 279 12 279</p>
        </triangles>
      </mesh>
    </geometry>
    <geometry id="_inch_edf_-_duct_servo_connector-1-mesh" name="5inch_edf - duct_servo_connector-1">
      <mesh>
        <source id="_inch_edf_-_duct_servo_connector-1-mesh-positions">
          <float_array id="_inch_edf_-_duct_servo_connector-1-mesh-positions-array" count="438">-0.01699995 0.08481997 0.01699995 -0.01560384 0.08481997 0.01068854 0.009207487 0.08481997 0.01286292 0.007775425 0.08481997 0.001339435 0.01270365 0.08481997 0.01631784 -0.001249313 0.08481997 0.007743239 0.001964926 0.08481997 0.003914415 -0.001332044 0.08481997 0.003966987 0 0.08481997 0.003999948 0.004141092 0.08481997 -8.58483e-4 -0.009743154 0.08481997 -0.01113617 2.47853e-4 0.08481997 -0.009227275 -0.001146793 0.08481997 -0.007228016 0.001087605 0.08481997 -0.004033327 0.001119971 0.08481997 -0.007579624 -0.011963 0.08481997 0.009445369 -0.009269416 0.08481997 -1.96639e-4 -0.00316894 0.08481997 -0.002794981 -0.006763935 0.08481997 -6.28907e-4 -0.008010685 0.08481997 0.001172661 -0.003956317 0.08481997 0.001202583 0.01699995 0.08481997 3.625e-4 0.01699995 0.08481997 0.01699995 0.0162779 0.08481997 0.01294243 0.01268655 0.08481997 0.009082555 0.01063269 0.08481997 -0.01006937 0.01699995 0.08481997 -0.01699995 3.625e-4 0.08481997 -0.0164889 0.01608681 0.08481997 -0.01199603 0.01372337 0.08481997 -0.009509146 0.01503074 0.08481997 -0.01517468 0.01157617 0.08481997 -0.01599681 0.009366095 0.08481997 -0.01302027 0.0073089 0.08481997 -0.001116514 0.009140312 0.08481997 -3.19606e-4 1.2489e-4 0.08481997 0.009233951 0.001057803 0.08481997 0.007161796 -0.01549977 0.08481997 0.01467633 -0.009321093 0.08481997 0.01203048 -0.01158916 0.08481997 0.01608997 -0.01699995 0.08481997 -0.01699995 -0.01609909 0.08481997 -0.01277214 -0.01384401 0.08481997 -0.01607394 -0.009874165 0.08481997 -0.01461941 -0.01371818 0.08481997 -0.009236812 -0.01699995 0.07349997 -0.01699995 0.01699995 0.07349997 -0.01699995 0.01699995 0.07349997 0.01699995 -0.01699995 0.07349997 0.01699995 0 0.07349997 -0.01699995 0.01386576 0.07349997 -0.01399821 -0.003417849 0.07349997 -0.01193672 0.01133513 0.07349997 -0.01391327 0.009379327 0.07349997 -0.007649302 0.003202557 0.07349997 -0.0119313 0.01414012 0.07349997 -0.01159226 0.01166313 0.07349997 -0.01138299 0.01100319 0.07349997 0.005089461 0 0.07349997 0.01699995 0.007194459 0.07349997 0.009771704 0.01427513 0.07349997 0.01338112 0.01101922 0.07349997 0.01252514 0.01335006 0.07349997 0.01094645 0.01208811 0.07349997 -0.001696646 0.0123763 0.07349997 0.01446223 -0.01172626 0.07349997 0.01134824 -0.006589353 0.07349997 0.01009941 -0.0140556 0.07349997 0.01154506 -0.01366484 0.07349997 0.01427853 -0.01081103 0.07349997 0.005709648 -1.31999e-4 0.07349997 0.01230305 -0.01114159 0.07349997 0.01345735 -0.01307797 0.07349997 -0.01438403 -0.01226335 0.07349997 -0.01085972 -0.01123136 0.07349997 -0.01357996 -0.0144658 0.07349997 -0.01282709 -0.011743 0.07349997 -0.004208803 -0.01137459 0.08081996 0.01393562 -0.01155394 0.08081996 0.01150155 -0.01352173 0.08081996 0.01121592 -0.0143184 0.08081996 0.01361709 -0.009369611 0.08081996 0.01277208 -0.01501232 0.08081996 0.01520681 -0.01136428 0.08081996 0.01593619 -0.01132071 0.08081996 0.009495317 -0.01598107 0.08081996 0.01119065 0.01455456 0.08081996 0.01316708 0.01184374 0.08081996 0.01097089 0.01172935 0.08081996 0.01420462 0.01614129 0.08081996 0.01272237 0.009474396 0.08081996 0.01141846 0.01042497 0.08081996 0.0152288 0.01406955 0.08081996 0.0159195 0.01371449 0.08081996 0.009320974 -0.01093107 0.08081996 -0.01268506 -0.01293176 0.08081996 -0.0144965 -0.01447135 0.08081996 -0.01231944 -0.01255506 0.08081996 -0.01104915 -0.009627223 0.08081996 -0.01455682 -0.01629066 0.08081996 -0.01226836 -0.01299017 0.08081996 -0.009324431 -0.01016855 0.08081996 -0.01059842 -0.01387536 0.08081996 -0.01592862 0.01385998 0.08081996 -0.0114721 0.01403939 0.08081996 -0.01407498 0.01139003 0.08081996 -0.01375472 0.01149046 0.08081996 -0.01139962 0.01606845 0.08081996 -0.01313531 0.01083374 0.08081996 -0.009945631 0.01457643 0.08081996 -0.009750008 0.01419544 0.08081996 -0.01580321 0.01101899 0.08081996 -0.01561111 0.009325385 0.08081996 -0.01291501 -0.01237958 0.07981997 6.08021e-5 0.01214504 0.07981997 -6.88447e-4 0.008993089 0.07981997 -0.008460938 0 0.07981997 -0.00909996 0 0.07981997 0.01199996 0.001900911 0.07981997 0.01197785 -0.00918138 0.07981997 2.28116e-5 0.009065926 0.07981997 -7.2488e-4 0.009457349 0.07981997 0.008087515 0.001007318 0.07981997 -0.01216316 -0.007912755 0.07981997 -0.009560942 -0.007907748 0.07981997 -0.001267075 -2.77646e-4 0.07981997 -0.009096384 9.35101e-4 0.07981997 0.008705556 5.81099e-4 0.07981997 -0.00694555 0.006640732 0.07981997 -1.80748e-4 -0.001274883 0.07981997 -0.007763385 -0.002817213 0.07981997 0.01194417 -0.007184088 0.07981997 0.001135826 -5.71312e-4 0.07981997 0.006916105 0.008470356 0.07981997 0.001084864 9.07841e-4 0.07981997 -0.009031414 7.39218e-4 0.07981997 0.006939828 -0.009265124 0.07981997 0.007845044 -9.22571e-4 0.07981997 0.008904159 0 0.07349997 -0.01199996 0 0.07981997 0.006899952 0.003596663 0.08261996 0.002121448 0.003808379 0.08261996 -0.001574933 3.4136e-4 0.08261996 -0.004278898 -0.003959357 0.08261996 -0.001527786 -0.002923607 0.08262002 0.003026187 5.98175e-4 0.08261996 0.00404489</float_array>
          <technique_common>
            <accessor source="#_inch_edf_-_duct_servo_connector-1-mesh-positions-array" count="146" stride="3">
              <param name="X" type="float"/>
              <param name="Y" type="float"/>
              <param name="Z" type="float"/>
            </accessor>
          </technique_common>
        </source>
        <source id="_inch_edf_-_duct_servo_connector-1-mesh-normals">
          <float_array id="_inch_edf_-_duct_servo_connector-1-mesh-normals-array" count="939">-1.36608e-5 1 -1.9252e-5 1.53906e-5 1 5.13684e-6 -1.10947e-5 1 -3.70302e-6 -2.96001e-6 1 4.89449e-6 1.40816e-6 1 9.92433e-7 0 1 0 0 1 0 -3.26315e-7 1 -2.10393e-6 -2.01817e-6 1 -9.20596e-7 0 1 0 -5.51195e-7 1 -2.10598e-6 0 1 0 -4.50554e-6 1 -4.85958e-7 3.89491e-6 1 1.86081e-6 0 1 0 2.83508e-6 1 -8.03842e-7 0 1 0 0 1 0 0 1 0 -6.24758e-7 1 -3.93233e-6 2.80654e-6 1 2.72616e-6 0 1 0 0 1 0 1.95404e-6 1 0 -6.63771e-6 1 -4.13778e-6 0 1 0 0 1 0 -2.73553e-7 1 -8.90587e-6 -7.49843e-7 1 1.94639e-6 1.71613e-6 1 1.8515e-6 0 1 0 0 1 0 0 1 0 0 1 0 0 1 0 -2.07274e-6 1 3.42737e-6 3.81422e-6 1 5.8382e-7 -2.49518e-6 1 -1.75853e-6 -1.21758e-6 1 3.04736e-6 -5.00791e-6 1 -7.05759e-6 1.00126e-6 1 -1.2443e-7 0 1 0 0 1 0 0 1 0 2.17757e-7 1 9.482e-6 -1.54471e-6 1 -9.97304e-7 0 1 0 0 1 0 0 1 0 0 1 0 3.22225e-7 1 -1.65533e-6 -2.51823e-6 1 5.36574e-7 0 1 0 2.63218e-7 1 -8.9428e-6 0 1 0 2.15023e-6 1 5.77414e-7 6.24304e-7 1 3.41844e-6 -3.23053e-6 1 0 0 1 0 0 1 0 0 1 0 0 0 -1 0 0 -1 1 0 0 1 0 0 1 0 0 0 0.06015187 0.9981893 -0.1568126 0 0.9876284 0.02295923 0 0.9997364 -1 0 0 -1 0 0 0 -1 0 0 -1 0 0 -1 0 1.11851e-6 -1 8.34856e-6 -8.4705e-7 -1 -5.1811e-7 0 -1 0 0 -1 0 0 -1 0 -8.88086e-7 -1 0 0 -1 0 0 -1 0 0 -1 0 0 -1 0 0 -1 0 0 -1 0 0 -1 0 0 -1 0 0 -1 0 0 -1 0 0 -1 0 0 -1 0 0 -1 4.78876e-7 1.20349e-6 -1 6.49602e-7 0 -1 0 0 -1 0 0 -1 0 2.93115e-6 -1 4.75769e-7 0 -1 0 0 -1 0 0 -1 0 0 -1 0 0 -1 0 0 -1 0 0 -1 0 0 -1 0 0 -1 0 0 -1 0 -4.51249e-6 -1 -7.67202e-7 -1.35107e-7 -1 -1.10966e-6 0 -1 0 -0.9966315 -0.03652304 0.07342827 -0.9635178 0.0170893 0.2670983 0.08414864 0.03863614 0.9957039 -0.1436179 -0.0173431 0.9894813 0.9871193 0.07538121 -0.1411141 0.947689 -0.05497908 0.3144247 0.107239 -0.0799722 -0.9910117 -0.3090283 0.05220556 -0.9496189 0 1 0 0 1 0 0 1 0 0 1 0 0 1 0 0 1 0 0 1 0 0 1 0 0 1 0 -0.6956726 -0.1028348 0.7109603 -0.854498 0.1046893 0.508796 0.3406001 0.08540236 0.9363216 0.3224824 0.06358098 0.9444376 0.9684295 0.08703541 -0.2336003 0.9949366 -0.09709286 -0.0259661 0.1958224 0.04866367 -0.9794312 0.338777 -0.08300065 -0.9371986 -0.8702196 -0.07958793 -0.4861931 -0.8456284 -0.02704584 -0.5330864 -0.9338001 0.04601764 0.3548234 -0.6240718 -0.1309915 0.7703088 0.5572581 0.1119257 0.8227612 0.9939044 -0.1044896 0.03515678 0.8178926 0.05212157 -0.5730053 -0.4947804 -0.006519734 -0.8689935 -0.3440412 -0.06337547 -0.9368133 0 1 0 0 1 0 0 1 0 0 1 0 0 1 0 0 1 0 0 1 0 0 1 0 -0.7242699 -0.1459642 0.6738899 -0.8140401 -0.004148006 0.5807939 0.7221608 -0.19181 0.6645998 0.4373234 0.1650642 0.8840261 0.9592226 0.1504208 -0.2393022 0.1838309 0.1593562 -0.9699545 0.6883342 -0.2024798 -0.6965616 -0.8377769 0.05847579 -0.5428725 -0.6777529 -0.1599734 -0.7176765 -0.9318739 0.08145052 -0.3535208 -0.39914 0.02205491 0.9166247 -0.6698344 -0.06296163 0.7398363 0.7464739 -0.004682004 0.6653982 0.8158347 -0.03939092 0.576942 0.5525153 4.52677e-4 -0.8335027 0.6652697 0.05215638 -0.7447791 -0.7089224 -0.04646223 -0.7037545 2.21006e-6 1 -2.44103e-6 -4.03921e-6 1 1.99759e-6 0 1 0 0 1 0 0 1 0 3.74811e-6 1 -1.36965e-6 2.22783e-6 1 -1.46787e-6 -4.17825e-6 1 -2.95478e-6 -1.54354e-6 1 1.017e-6 -0.9870374 0.08682441 -0.1349765 -0.9974325 -0.0609945 0.03752422 -0.3440226 -0.006549358 0.9389384 0.8345898 0.01345551 0.5507076 -0.3070842 0.03695213 0.9509647 0.8253672 0.031475 0.5637184 0.6594412 0.1362191 -0.7393117 0.8244578 -0.1094052 -0.5552476 -0.4299082 -0.07523989 -0.8997322 -0.4108785 -0.05484426 -0.910039 -0.9969492 -0.03702479 -0.06871265 -0.9932565 0.02474641 0.1132662 0.1199659 -0.02239739 0.9925253 0.03352284 0.009688973 0.999391 0.9914389 0.02309209 -0.1285136 0.9990698 -0.006566524 -0.04261749 -0.08419418 -0.0042454 -0.9964403 -0.03058618 0.01523745 -0.999416 0 1 0 0 1 0 0 1 0 0 1 0 0 1 0 0 1 0 0 1 0 0 1 0 0 1 0 0 1 0 -0.9086486 0.1182368 -0.4004719 -0.2302474 -0.1039496 0.9675643 -0.8157954 0.08036655 0.5727295 -0.9455491 -0.08513164 0.3141487 0.06013929 0.08749747 0.9943478 0.9187561 -0.01974225 -0.3943318 0.8028571 0.007513284 0.5961242 0.8449147 -0.06652092 0.5307486 0.05205506 0.07109212 -0.9961105 0.178313 -0.02146816 -0.9837395 0.8911442 0.03078758 -0.4526743 -0.7202783 -0.1123861 -0.6845207 0 -1 0 8.00814e-6 -1 2.63353e-6 0 -1 0 2.66031e-6 -1 -7.92788e-7 0 -1 0 2.35729e-6 -1 2.32759e-6 0 -1 0 1.66582e-6 -1 0 0 -1 0 0 -1 0 0 -1 0 0 -1 0 0 -1 0 0 -1 0 0 -1 0 2.1253e-6 -1 -1.7202e-5 -1.77941e-6 -1 1.66906e-6 -1.08693e-6 -1 2.34454e-6 0 -1 0 -9.03392e-7 -1 -2.56645e-7 0 -1 0 3.39398e-6 -1 -3.04021e-6 3.69084e-6 -1 -1.64447e-6 0 -1 0 0 -1 0 0 -1 0 -2.06329e-5 -1 0 0 -1 0 2.45438e-7 -1 2.29712e-6 5.48818e-6 -1 9.69694e-7 -1.6626e-7 -1 -1.55607e-6 -0.9254693 -0.05153799 0.3753004 -0.9868868 0.03405493 -0.1577803 -0.9518827 -0.09453606 -0.291517 -0.3260427 0.0563212 -0.9436759 -0.4565194 -0.07284295 -0.8867264 -0.7711372 0.1089479 -0.6272781 0.7195655 0.05780792 -0.6920143 0.5350374 -0.07367902 -0.8416094 0.321849 0.08319646 -0.9431286 0.007124602 -0.05367124 -0.9985333 0.8905723 -0.189608 0.4134365 0.9825717 0.1613361 -0.09232306 0.9236932 -0.1010737 -0.3695606 0.01849371 0.02286112 0.9995676 0.2764575 -0.1596226 0.9476771 0.6660269 0.2039747 0.7174974 -0.9101895 -0.002436637 0.4141851 -0.5683071 0.07054758 0.8197866 -0.4179491 -0.1120982 0.9015279 -0.02143412 0.02921944 0.9993432 -0.943545 -0.1153278 -0.3105196 -0.7707167 0.06286132 -0.6340695 0.5647911 0.1200615 -0.8164535 0.9691388 -0.1639639 -0.1840812 0.2163949 0.1515871 0.964466 -0.3980767 -0.06822717 0.9148114 -0.9922102 0.05833745 0.1100714 -0.1059051 0.08751928 -0.9905173 -0.9069205 -0.1038078 -0.4083124 0.7308911 -0.108674 -0.6737864 0.9793874 0.104191 0.1730456 0.02823269 -0.0582239 0.9979043 0.2424193 -0.1262437 0.9619228 -0.05375552 -0.04086834 0.9977174 -0.8152588 -0.1306212 -0.5641732 0.4865638 -0.02975744 -0.8731381 0.7303807 0.1256971 -0.671375 0.1677602 -0.162481 0.9723458 0.7109062 0.04332232 0.7019513 -0.9420062 0.1792798 0.2836955 -0.879574 -0.09786671 0.4655874 -0.1523663 -0.1081622 -0.9823877 -0.9842472 0.08653247 -0.1541737 0.4017007 0.08731311 -0.9115992 0.7988416 -0.06831181 0.59765 0.8173941 -0.08199483 0.5702136 -0.05466032 0.03187197 0.9979962 -0.8623066 -0.3191459 -0.393158 -0.9843074 0.167212 -0.05638456 -0.6105524 0.1197392 0.7828719 -0.7158927 -0.1159793 0.6885102 0.5173177 0.2799626 0.8087047 0.2738175 -0.197932 0.9411944 0.9404609 0.2641669 -0.2138903 0.9538006 -0.2344646 0.1878581 0.2719333 0.2053041 -0.9401609 0.7067502 -0.2243902 -0.6709346 -0.5191816 0.2745559 -0.8093637 -0.01592546 -0.04933285 -0.9986554 2.77105e-6 1 -2.26626e-6 0 1 -2.73418e-6 0 1 0 0 1 0</float_array>
          <technique_common>
            <accessor source="#_inch_edf_-_duct_servo_connector-1-mesh-normals-array" count="313" stride="3">
              <param name="X" type="float"/>
              <param name="Y" type="float"/>
              <param name="Z" type="float"/>
            </accessor>
          </technique_common>
        </source>
        <vertices id="_inch_edf_-_duct_servo_connector-1-mesh-vertices">
          <input semantic="POSITION" source="#_inch_edf_-_duct_servo_connector-1-mesh-positions"/>
        </vertices>
        <triangles material="Material_001-material" count="313">
          <input semantic="VERTEX" source="#_inch_edf_-_duct_servo_connector-1-mesh-vertices" offset="0"/>
          <input semantic="NORMAL" source="#_inch_edf_-_duct_servo_connector-1-mesh-normals" offset="1"/>
          <p>3 0 6 0 5 0 5 1 6 1 8 1 5 2 8 2 7 2 3 3 9 3 6 3 25 4 13 4 9 4 11 5 25 5 10 5 10 6 12 6 11 6 13 7 14 7 12 7 12 8 17 8 13 8 11 9 14 9 25 9 25 10 14 10 13 10 17 11 12 11 10 11 15 12 16 12 10 12 15 13 19 13 16 13 20 14 17 14 18 14 10 15 16 15 18 15 20 16 18 16 19 16 20 17 19 17 15 17 10 18 18 18 17 18 5 19 7 19 15 19 15 20 7 20 20 20 21 21 23 21 22 21 22 22 23 22 4 22 23 23 21 23 24 23 24 24 21 24 2 24 2 25 21 25 25 25 21 26 29 26 25 26 27 27 31 27 26 27 32 28 31 28 27 28 26 29 31 29 30 29 26 30 28 30 21 30 30 31 28 31 26 31 28 32 29 32 21 32 25 33 34 33 2 33 2 34 34 34 3 34 3 35 33 35 9 35 25 36 33 36 34 36 9 37 33 37 25 37 2 38 36 38 35 38 5 39 36 39 3 39 2 40 3 40 36 40 35 41 5 41 15 41 25 42 32 42 27 42 25 43 27 43 10 43 4 44 39 44 0 44 0 45 39 45 37 45 0 46 37 46 1 46 4 47 2 47 35 47 4 48 35 48 15 48 4 49 15 49 38 49 4 50 38 50 39 50 40 51 41 51 42 51 1 52 41 52 40 52 40 53 42 53 27 53 1 54 15 54 10 54 1 55 10 55 44 55 42 56 43 56 27 56 1 57 44 57 41 57 27 58 43 58 10 58 0 59 1 59 40 59 27 60 26 60 40 60 45 61 40 61 46 61 40 62 26 62 46 62 46 63 26 63 21 63 46 64 21 64 47 64 47 65 21 65 22 65 4 66 48 66 47 66 4 67 47 67 22 67 48 68 4 68 0 68 48 69 0 69 40 69 48 70 40 70 45 70 50 71 52 71 46 71 46 72 52 72 49 72 55 73 50 73 46 73 51 74 52 74 54 74 54 75 56 75 53 75 63 76 55 76 46 76 49 77 52 77 51 77 56 78 55 78 63 78 56 79 54 79 52 79 53 80 56 80 63 80 47 81 60 81 46 81 46 82 62 82 63 82 70 83 61 83 58 83 61 84 70 84 59 84 47 85 64 85 60 85 60 86 62 86 46 86 57 87 63 87 62 87 58 88 61 88 64 88 58 89 64 89 47 89 62 90 61 90 59 90 57 91 62 91 59 91 76 92 65 92 67 92 76 93 67 93 48 93 70 94 71 94 66 94 66 95 65 95 69 95 66 96 71 96 65 96 65 97 76 97 69 97 48 98 68 98 58 98 58 99 71 99 70 99 68 100 71 100 58 100 48 101 67 101 68 101 51 102 74 102 49 102 74 103 72 103 49 103 49 104 72 104 45 104 45 105 75 105 48 105 72 106 75 106 45 106 75 107 73 107 48 107 48 108 73 108 76 108 51 109 76 109 73 109 51 110 73 110 74 110 71 111 77 111 78 111 78 112 65 112 71 112 79 113 67 113 65 113 79 114 65 114 78 114 80 115 68 115 67 115 80 116 67 116 79 116 77 117 68 117 80 117 77 118 71 118 68 118 77 119 81 119 78 119 78 120 81 120 84 120 77 121 83 121 81 121 80 122 82 122 83 122 80 123 83 123 77 123 84 124 79 124 78 124 85 125 80 125 79 125 85 126 79 126 84 126 82 127 80 127 85 127 15 128 84 128 38 128 38 129 84 129 81 129 1 130 85 130 84 130 1 131 84 131 15 131 37 132 82 132 85 132 37 133 85 133 1 133 39 134 83 134 82 134 39 135 82 135 37 135 38 136 81 136 39 136 39 137 81 137 83 137 60 138 86 138 62 138 87 139 62 139 86 139 87 140 61 140 62 140 88 141 61 141 87 141 88 142 64 142 61 142 86 143 60 143 64 143 86 144 64 144 88 144 92 145 88 145 91 145 86 146 89 146 93 146 86 147 93 147 87 147 87 148 90 148 88 148 88 149 90 149 91 149 92 150 86 150 88 150 89 151 86 151 92 151 90 152 87 152 93 152 24 153 93 153 23 153 23 154 93 154 89 154 2 155 90 155 24 155 24 156 90 156 93 156 2 157 91 157 90 157 4 158 92 158 91 158 4 159 91 159 2 159 23 160 89 160 92 160 23 161 92 161 4 161 73 162 94 162 74 162 95 163 72 163 74 163 95 164 74 164 94 164 95 165 75 165 72 165 96 166 75 166 95 166 97 167 73 167 96 167 96 168 73 168 75 168 94 169 73 169 97 169 94 170 98 170 95 170 96 171 99 171 100 171 96 172 100 172 97 172 101 173 94 173 97 173 101 174 97 174 100 174 98 175 94 175 101 175 102 176 95 176 98 176 99 177 96 177 95 177 99 178 95 178 102 178 101 179 10 179 98 179 98 180 10 180 43 180 42 181 98 181 43 181 42 182 99 182 102 182 42 183 102 183 98 183 41 184 99 184 42 184 44 185 100 185 99 185 44 186 99 186 41 186 10 187 101 187 44 187 44 188 101 188 100 188 55 189 103 189 104 189 55 190 104 190 50 190 105 191 52 191 104 191 104 192 52 192 50 192 106 193 56 193 52 193 106 194 52 194 105 194 106 195 55 195 56 195 103 196 55 196 106 196 104 197 107 197 110 197 103 198 109 198 107 198 103 199 107 199 104 199 106 200 108 200 109 200 106 201 109 201 103 201 111 202 104 202 110 202 112 203 105 203 111 203 111 204 105 204 104 204 108 205 106 205 112 205 112 206 106 206 105 206 109 207 28 207 107 207 31 208 110 208 30 208 30 209 110 209 107 209 30 210 107 210 28 210 31 211 111 211 110 211 25 212 112 212 32 212 32 213 112 213 31 213 31 214 112 214 111 214 29 215 109 215 108 215 29 216 108 216 25 216 25 217 108 217 112 217 28 218 109 218 29 218 125 219 122 219 116 219 116 220 122 220 134 220 117 221 137 221 118 221 130 222 137 222 117 222 114 223 120 223 115 223 124 224 119 224 113 224 114 225 133 225 120 225 123 226 124 226 113 226 118 227 137 227 126 227 121 228 133 228 114 228 118 229 126 229 121 229 128 230 129 230 127 230 129 231 128 231 132 231 129 232 123 232 125 232 128 233 135 233 132 233 113 234 119 234 131 234 131 235 136 235 113 235 115 236 134 236 122 236 122 237 125 237 123 237 115 238 128 238 134 238 128 239 115 239 120 239 128 240 127 240 134 240 123 241 132 241 131 241 121 242 128 242 133 242 135 243 128 243 121 243 123 244 129 244 132 244 123 245 131 245 124 245 135 246 121 246 126 246 132 247 136 247 131 247 130 248 132 248 137 248 132 249 130 249 136 249 115 250 63 250 114 250 114 251 63 251 57 251 114 252 57 252 121 252 70 253 118 253 59 253 59 254 118 254 121 254 59 255 121 255 57 255 69 256 136 256 66 256 66 257 136 257 130 257 66 258 130 258 70 258 70 259 130 259 118 259 76 260 123 260 113 260 76 261 113 261 69 261 69 262 113 262 136 262 138 263 122 263 51 263 51 264 122 264 123 264 51 265 123 265 76 265 63 266 115 266 53 266 53 267 115 267 54 267 54 268 115 268 122 268 54 269 122 269 138 269 133 270 3 270 120 270 120 271 3 271 34 271 128 272 3 272 133 272 128 273 33 273 3 273 120 274 33 274 128 274 120 275 34 275 33 275 36 276 135 276 126 276 137 277 35 277 126 277 126 278 35 278 36 278 137 279 5 279 35 279 132 280 5 280 137 280 139 281 36 281 132 281 132 282 36 282 5 282 135 283 36 283 139 283 131 284 19 284 18 284 119 285 16 285 131 285 131 286 16 286 19 286 124 287 18 287 16 287 124 288 16 288 119 288 131 289 18 289 124 289 11 290 134 290 14 290 127 291 12 291 14 291 127 292 14 292 134 292 129 293 12 293 127 293 125 294 11 294 129 294 129 295 11 295 12 295 134 296 11 296 125 296 140 297 6 297 9 297 140 298 9 298 141 298 13 299 142 299 141 299 13 300 141 300 9 300 17 301 143 301 142 301 17 302 142 302 13 302 20 303 144 303 143 303 20 304 143 304 17 304 7 305 145 305 144 305 7 306 144 306 20 306 6 307 140 307 145 307 6 308 145 308 7 308 144 309 145 309 143 309 143 310 141 310 142 310 143 311 140 311 141 311 145 312 140 312 143 312</p>
        </triangles>
      </mesh>
    </geometry>
    <geometry id="_inch_edf_-_5inch_propeller_duct_right-1-mesh" name="5inch_edf - 5inch_propeller_duct_right-1">
      <mesh>
        <source id="_inch_edf_-_5inch_propeller_duct_right-1-mesh-positions">
          <float_array id="_inch_edf_-_5inch_propeller_duct_right-1-mesh-positions-array" count="3549">0.06128382 -0.0232585 -0.02500498 -0.0665102 -0.009496808 -0.02499967 -0.06669425 0.008116424 -0.02500081 -0.06526368 -0.007151603 -0.02500009 -0.05453222 -0.03640609 -0.02499997 -0.05680137 -0.03565597 -0.02500003 -0.06004601 -0.02640473 -0.02499997 -0.06253451 -0.02438527 -0.02500265 -0.06326031 -0.01707178 -0.0250073 -0.008843481 -0.06670314 -0.0249992 -0.01938849 -0.06286525 -0.02500027 -0.02739286 -0.06136173 -0.02499753 -0.03319036 -0.05656993 -0.02499997 -0.03838253 -0.05496072 -0.02499997 -0.04503017 -0.04781794 -0.02499997 -0.04850918 -0.04651266 -0.02499955 0.03798258 -0.05364507 -0.02499991 0.03903287 -0.05469471 -0.02500224 0.02646756 -0.06160831 -0.02500003 0.023135 -0.06142652 -0.02500003 0.01204729 -0.06615036 -0.02500152 0.007723331 -0.06524592 -0.02499979 0.0636264 -0.02124369 -0.02499997 0.05818504 -0.03353226 -0.02500087 0.05678445 -0.03282183 -0.02499997 0.04974734 -0.04273605 -0.02499997 0.04969525 -0.045062 -0.02499997 0.06385463 -0.01489096 -0.02499997 0.06675398 -0.007471621 -0.02500021 0.06575274 -0.001345932 -0.02499991 0.06683206 0.00567311 -0.02499997 0.05706328 0.03263384 -0.02499997 0.06043869 0.02905422 -0.02500003 0.06365257 0.016137 -0.02499997 0.06474053 0.01778358 -0.02500176 0.04114377 0.05099517 -0.02500569 0.04169064 0.05283474 -0.02499616 0.01297748 0.01260584 -0.02500236 0.04742115 0.04532408 -0.02500021 0.05428838 0.03950142 -0.02500104 4.21329e-4 0.06714093 -0.02499967 0.009819984 0.06492811 -0.02499997 0.01328474 0.0657587 -0.02500003 0.02295655 0.06142336 -0.02499997 0.02596825 0.06187736 -0.02500611 0.03310269 0.05662429 -0.02499997 -0.01452469 0.06556349 -0.02500134 -0.007540643 0.0652737 -0.02500003 -0.03582137 0.05487352 -0.025007 -0.04213172 0.05231112 -0.02499812 -0.0464223 0.04658073 -0.02499985 -0.02947837 0.06030863 -0.02500182 -0.02546924 0.06056475 -0.02499991 -0.06274265 0.01949292 -0.02500003 -0.06202548 0.02591699 -0.02501124 -0.05656188 0.03319567 -0.02499997 -0.05296415 0.04124927 -0.02500063 -0.06532424 0.005460321 -0.02499997 0.005665779 0.006409347 -0.02499997 0.005665779 -0.004553496 -0.02499997 0.001092314 0.005064547 -0.02500027 0.004794478 0.001987397 -0.02500355 -0.002885401 0.004189372 -0.02499997 -0.01619213 -0.007948756 -0.02499997 -0.001053214 -0.005087196 -0.02500098 0.004014968 -0.003396451 -0.02500176 -0.005665779 -0.002697587 -0.02499997 -0.004339456 0.006409347 -0.02499997 -0.005123615 9.67331e-4 -0.02499914 -0.004128515 -0.002935409 -0.02499997 -0.007969498 0.0162059 -0.02500867 -0.0122143 0.013345 -0.02500039 -0.01739472 0.005861222 -0.02499932 -0.01791715 -0.002223968 -0.02500998 -0.006181478 -9.03265e-4 -0.02500128 -0.008969664 -0.002380371 -0.02500241 -0.008033752 6.42664e-4 -0.02500152 -0.007244229 -0.00253272 -0.02499997 -0.009496092 -4.65595e-4 -0.02499997 0.01044672 0.01471859 -0.02500003 0.004572212 0.01762646 -0.02500039 -0.003199934 0.01777136 -0.02499997 0.01599836 -0.008593022 -0.02501279 0.01036447 -0.01482957 -0.02499997 0.01785224 -0.002744853 -0.02499938 0.0170992 0.006277859 -0.02499997 -0.003322005 -0.06549394 -0.02500647 -0.003093779 -0.01777064 -0.02500569 0.001273334 -0.01110768 -0.02500116 0.002954602 -0.009491264 -0.02500116 0.001585841 -0.007775068 -0.02500224 0.003674328 -0.01774972 -0.02500009 -5.63352e-4 -0.009108245 -0.02499771 -0.01294654 -0.0127511 -0.02499973 -0.007260501 -0.01654034 -0.02499997 0.007100224 0.002585887 -0.02500236 0.006840586 -4.49678e-4 -0.02499836 0.009219169 0.002071499 -0.02499997 0.009479045 3.23949e-4 -0.02500039 -0.002073585 0.00800234 -0.02499997 -2.41553e-4 0.008007943 -0.02500176 -0.001037657 0.01109993 -0.02499997 -0.00293076 0.009988665 -0.02500015 3.7518e-4 0.009887456 -0.02500003 -0.01301938 -0.007545113 -0.01099997 -0.003505408 -0.01469182 0.004999935 -0.009248912 0.0119329 0.005000233 -0.008208572 0.01295161 -0.01999962 -0.002479612 0.01494562 0.005000829 -1.42246e-4 0.01513028 -0.02000015 0.005506694 0.01417291 0.004999756 0.007656157 0.01313 -0.01999998 0.01161664 0.009652137 0.005000114 0.01346802 0.007002294 -0.0200001 0.01432937 0.004668354 0.004999995 0.01515197 -0.001241385 -0.0200001 0.01495027 -0.002950429 0.004999876 0.01282721 -0.007962048 -0.01999998 0.01108986 -0.01024293 0.005000472 -0.003876447 -0.01453799 -0.01999998 0.001324713 -0.01504594 -0.01999998 0.004727363 -0.01445561 0.005000531 0.008030414 -0.01283884 -0.02000033 -0.01462841 -0.003450632 -0.01999998 -0.01305323 -0.007515311 -0.01999998 -0.009944498 -0.01144784 0.004999399 -0.009976148 -0.01129448 -0.01099997 -0.003991425 -0.01461249 -0.01100081 -0.01405453 0.005939245 0.004999756 -0.01368689 0.006393671 -0.02000045 -0.01505416 6.71754e-4 -0.01999998 -0.01466673 -0.004291534 0.00500077 0.01159524 0.06611841 -0.01944559 -0.002241194 0.06712329 -0.01952725 -0.01849919 0.06456178 -0.0194981 -0.008326888 -0.06668949 -0.01946294 0.009897053 -0.06645679 -0.01948273 -0.06718587 -0.001597702 -0.001615166 -0.0667901 -0.007444798 -0.01944226 -0.06579321 -0.0134685 -0.001541852 -0.0627399 -0.02416914 -0.0194565 -0.06262743 -0.02424877 -0.001581192 -0.05631744 -0.03668701 -0.001488089 -0.04574245 -0.04954481 -0.01947218 -0.03763109 -0.05575436 -0.01942592 -0.03870552 -0.0548408 -0.001519441 -0.02699154 -0.06145411 -0.001503527 -0.02424097 -0.06261813 -0.01949185 -0.01745074 -0.06491446 -0.001542091 0.02776771 -0.06109225 -0.001483678 0.0324223 -0.05883711 -0.0195055 0.03901994 -0.0547924 -0.001591503 0.04547679 -0.04945307 -0.01948601 0.0535463 -0.04051774 -0.001524746 0.05478584 -0.03883665 -0.01948344 0.06136775 -0.02742338 -0.00153625 0.05984866 -0.03060418 -0.01942896 0.06383681 -0.02077436 -0.01943403 0.0665701 -0.0095703 -0.001531183 0.06701874 -0.005203187 -0.01950043 0.06681501 0.008619427 -0.001554131 0.06656926 0.008800327 -0.01945745 0.06303483 0.02357244 -0.01944547 0.06056213 0.0296474 -0.001527905 0.05424058 0.03978627 -0.001501619 0.05377703 0.04038196 -0.01942706 0.04495859 0.04978066 -0.01949816 0.04543316 0.04950827 -0.001554965 0.03617972 0.05654108 -0.01942074 0.02755105 0.06125676 -0.001543879 0.02536195 0.06220465 -0.01944863 -0.01780462 0.0646817 -0.001509189 -0.02993124 0.06031024 -0.00157094 -0.03282725 0.058775 -0.01941853 -0.047172 0.04781115 -0.01950722 -0.03736835 0.05580806 -0.001521646 -0.05619901 0.03664731 -0.01950895 -0.05029195 0.04460793 -0.001561641 -0.06319445 0.02283847 -0.01953709 -0.05953222 0.03110849 -0.001534521 -0.0645833 0.01811999 -0.001496553 -0.06669521 0.007367491 -0.01948535 -0.0671103 0.006910145 -0.001530885 -0.01122969 -0.06613034 -0.02249991 -0.0240156 -0.06277871 -0.02253812 0.0614947 -0.02728873 -0.0226072 0.05094063 -0.04405587 -0.02252483 0.03618705 -0.05659639 -0.02250397 0.0224716 -0.06325638 -0.02252745 0.04714226 0.0480135 -0.0225557 0.05290704 0.04131507 -0.02250367 0.05883783 0.03221893 -0.02255469 0.06357353 0.02166903 -0.02252447 0.06635004 0.01172757 -0.02261066 0.06707036 -0.002902328 -0.02248644 0.06470596 -0.01801717 -0.0225346 -0.03683143 0.05627822 -0.02252429 -0.02293348 0.0630927 -0.02253705 -0.01142513 0.06615257 -0.02252554 0.006536543 0.0669977 -0.02254551 0.02124267 0.06360828 -0.02251464 0.03441727 0.05781787 -0.0225476 -0.06482291 -0.01802688 -0.02254289 -0.05749821 -0.03484398 -0.02249801 -0.04599893 -0.04897654 -0.02250623 -0.03580945 -0.05672359 -0.02252763 -0.04970341 0.0451461 -0.0225293 -0.05762249 0.03446286 -0.02255666 -0.06341683 0.02284556 -0.02255111 -0.06609767 0.01190489 -0.02251034 -0.0671097 -0.001254618 -0.02251195 0.01249378 0.06850004 0.01058197 0.01490086 0.06849914 0.01252192 0.01307207 0.06849944 0.01484394 0.01054263 0.06849974 0.0131064 -0.01428037 0.06849795 -0.01120245 -0.01189202 0.06850016 -0.01485759 -0.01099902 0.06849962 -0.01135432 -0.01452195 0.06849998 -0.01378202 -0.01215982 0.06850075 0.01062822 -0.01064193 0.06849664 0.01282036 -0.01247829 0.06849998 0.01488465 -0.01465451 0.06849998 0.0135473 -0.01440674 0.06849992 0.01150876 0.01448082 0.06849998 -0.01384538 0.01437008 0.06849825 -0.0113427 0.01189208 0.06849879 -0.01079964 0.01064223 0.06849706 -0.01330184 0.01265841 0.06849998 -0.01481866 0.01070421 0.07349997 0.01234608 0.01122415 0.07349985 0.01425784 0.01405233 0.07350337 0.01441246 0.01456135 0.07350021 0.01161539 0.0119391 0.07350099 0.01074314 -0.01378405 0.07350683 -0.01453125 -0.01475244 0.07350045 -0.01197022 -0.01284134 0.07350003 -0.01065683 -0.01062291 0.07349956 -0.01204466 -0.0115351 0.07349997 -0.01443117 -0.0143783 0.07349932 0.01130843 -0.01434922 0.07350182 0.01407474 -0.01152521 0.07349878 0.01454287 -0.01105147 0.07349944 0.01123368 0.01057183 0.07350319 -0.01248508 0.01237356 0.07349997 -0.01068305 0.01466077 0.07349932 -0.01175326 0.01408994 0.07350122 -0.01434922 0.01189744 0.07349997 -0.01463061 -0.01699995 0.07349997 -0.01699995 -0.01697194 0.0664882 0.01704245 -0.01698833 0.06631863 5.75121e-4 -0.01699995 0.07349997 0.01699995 -0.01697504 0.06633019 -0.01706641 0.01699995 0.07349997 0.01699995 0.01699995 0.07349997 -0.01699995 0.01715666 0.06542003 -0.001469433 0.01072335 -0.06850004 0.0119456 0.01264023 -0.06849992 0.01066911 0.01117485 -0.06849998 0.01407307 0.01306927 -0.06850045 0.01483088 0.01457774 -0.06849992 0.01360273 0.01447862 -0.06849956 0.01155155 -0.01341176 -0.06849956 -0.01066637 -0.01320141 -0.06849998 -0.01474922 -0.01480942 -0.06850105 -0.0132631 -0.01075685 -0.06850016 -0.011904 -0.01120108 -0.06849986 -0.01416575 -0.01431334 -0.06849956 0.01408404 -0.01161742 -0.06849926 0.01079803 -0.01452666 -0.06850033 0.01158881 -0.01229763 -0.06849998 0.01475942 -0.01078367 -0.06849861 0.01347279 0.01135903 -0.06849998 -0.01119905 0.01069217 -0.06849533 -0.01321738 0.01336067 -0.0685001 -0.01068842 0.01480311 -0.06849849 -0.01250702 0.01312541 -0.06849849 -0.01489192 0.01469546 -0.07349783 0.01167958 0.0137245 -0.0735014 0.01461452 0.01113581 -0.0734995 0.01416397 0.01130443 -0.07350033 0.01103103 -0.01096057 -0.07349997 -0.01376867 -0.01108324 -0.07350021 -0.01133829 -0.01407033 -0.07349961 -0.01102262 -0.01473408 -0.07349997 -0.0132206 -0.0130788 -0.07349902 -0.01488167 -0.01061362 -0.0734992 0.01329386 -0.01288926 -0.07350033 0.01481974 -0.01481372 -0.07349997 0.01310986 -0.01399397 -0.07349997 0.01108586 -0.01189613 -0.07349705 0.01077711 0.01449066 -0.07349997 -0.01385056 0.01434892 -0.07350152 -0.01123774 0.01068502 -0.07349997 -0.01248711 0.01175618 -0.07349997 -0.01087296 0.01202768 -0.07349908 -0.01481795 0.01699995 -0.07349997 0.01699995 0.01699995 -0.07349997 -0.01699995 0.01696902 -0.06637471 -6.76585e-4 0.01707744 -0.06560915 -0.01735663 0.0170564 -0.06565469 0.01730155 -0.01699995 -0.07349997 0.01699995 -0.01699995 -0.07349997 -0.01699995 -0.01698172 -0.06654334 4.60203e-5 0.01272714 -0.08167713 0.03600233 -8.79494e-4 -0.08272504 0.03750669 -0.005212843 -0.08250617 0.03600466 -0.01681745 -0.08081334 0.03750002 -0.02335304 -0.07930511 0.03599804 -0.02906984 -0.07738673 0.03750061 0.07521939 -0.03425925 0.03600573 0.07314026 -0.03862333 0.03749662 0.06408113 -0.05245387 0.03599292 0.0633521 -0.05298453 0.03750002 0.05132287 -0.06488531 0.03749525 0.05118185 -0.06472593 0.03610193 0.03879898 -0.07292562 0.03599339 0.03591138 -0.07439255 0.03750407 0.02666801 -0.07813251 0.03599989 0.01962178 -0.08030575 0.03750395 0.05599302 0.06073355 0.03599363 0.06488603 0.05132222 0.03749209 0.06538307 0.0504592 0.03600019 0.07292568 0.03879892 0.03599423 0.07439249 0.0359115 0.03750401 0.07930397 0.02324855 0.03599321 0.080302 0.01948904 0.03758275 0.08258932 0.004202425 0.03607976 0.0827319 -9.5827e-4 0.03750461 0.08094823 -0.01697307 0.03600084 0.08003407 -0.02067857 0.03750103 -0.03963994 0.07255059 0.03599429 -0.04226624 0.07107746 0.03750061 -0.02216637 0.07976615 0.03749912 -0.02666801 0.07813251 0.03599983 -0.01272672 0.08167719 0.03600239 -0.001982688 0.0825873 0.03750443 0.001741588 0.082529 0.03600001 0.01688992 0.08106392 0.03750675 0.01743304 0.08081537 0.03601068 0.03411257 0.07529544 0.03600955 0.03827452 0.07333958 0.03750705 0.04545062 0.06888562 0.03611844 0.05298453 0.0633521 0.03750002 -0.0824576 -0.006712436 0.03749388 -0.08006417 -0.02052909 0.03599572 -0.07849544 -0.0259276 0.03754156 -0.07316988 -0.03858268 0.03599774 -0.07062923 -0.04297786 0.03750187 -0.0633521 -0.05298453 0.03599995 -0.06073373 -0.05599331 0.03750616 -0.05111467 -0.06506097 0.03600913 -0.0467599 -0.06825906 0.03749942 -0.0375787 -0.07350933 0.03599977 -0.05298453 0.0633521 0.03599995 -0.05599302 0.06073367 0.03750544 -0.06468355 0.0515809 0.03600889 -0.06538307 0.0504592 0.03749978 -0.07293325 0.03869074 0.03762799 -0.07446563 0.03569287 0.03609794 -0.07930475 0.0232464 0.03750592 -0.08030539 0.01962226 0.03598999 -0.08210968 0.008639454 0.03753602 -0.08273172 -9.59017e-4 0.03599268 -0.004406929 -0.002807199 -0.01999956 -0.004661738 -0.0173937 -0.01999998 6.03561e-4 -0.01096075 -0.01999998 3.38545e-4 -0.00521034 -0.01999688 0.002684652 -0.01036888 -0.0199989 -4.66092e-4 -0.009267866 -0.02000004 0.001781642 -0.007707655 -0.02000081 -0.01559484 -0.009004712 -0.01999998 -0.01115179 -0.0144425 -0.02000236 -0.008930027 3.64274e-4 -0.01999783 -0.002538084 0.004552781 -0.01999986 -0.004892349 0.001378834 -0.01999998 -0.009081423 -0.002440512 -0.02000194 -0.006867229 2.43402e-4 -0.01999998 -0.006312847 -0.001736998 -0.0199998 0.009570002 0.001430153 -0.01999962 -0.003031671 0.009372472 -0.02000176 0.008667111 -4.90957e-4 -0.01999753 0.006208717 5.24323e-4 -0.02000254 -7.10281e-4 0.01114428 -0.01999789 0.007728934 0.002789616 -0.02000141 -0.001480519 0.007759511 -0.01999998 0.002112805 0.004689455 -0.0200017 2.40458e-4 0.008532524 -0.01999932 0.004916071 -0.001904487 -0.0200001 0.00435537 0.00258392 -0.01999998 -0.01682013 -0.006544053 0.004945576 -0.0163927 -0.007481753 0.004854321 -0.01148235 0.01391261 0.004967868 -0.01456767 0.01086199 0.00500375 -0.0182721 0.001494348 0.004999637 0.009249746 0.01549243 0.004938662 0.01557928 0.009683549 0.005000531 0.01817989 -4.06832e-4 0.005000829 -0.007517755 0.0164209 0.004999995 -7.62363e-4 0.01811897 0.005000174 0.006652474 0.01683688 0.005000114 0.001492083 -0.01796215 0.00489366 -0.003510415 -0.01771068 0.004999995 -0.01100832 -0.01454001 0.004999816 0.01755273 -0.004090905 0.0049147 0.01492398 -0.01034486 0.004999935 0.01060855 -0.01461517 0.004999995 0.004971027 -0.01745682 0.005002498 -0.02844983 -0.07357108 0.03741645 -0.0510174 -0.06015187 0.03741508 -0.06965762 -0.03694069 0.03742533 -0.01380211 0.07872682 0.0374614 -0.04778552 0.06406629 0.03746342 -0.0619266 0.04775524 0.03735411 0.02259331 -0.07584196 0.03741252 -0.003590226 -0.07877892 0.03742927 0.0775631 -0.004218637 0.03727513 0.01522666 0.0770443 0.03735309 0.03520059 0.07060694 0.03743255 -0.02561092 -0.07550036 0.03595703 -9.92191e-4 -0.07911127 0.03592103 -0.01209062 0.01333153 0.004797637 -0.008460819 0.01590412 -0.008230149 0.008735537 0.0157271 0.003605127 0.01088106 0.01436728 0.001420736 0.0126217 0.0128377 -0.01093065 0.01767307 -0.003441095 0.003789961 0.01650393 -0.00724411 -0.003821372 0.002218484 -0.01790034 0.003389835 -0.002080261 -0.01790446 -0.005236446 -0.01762837 -0.003655254 -0.005831003 -0.004872918 -0.01745754 -0.01100099 -0.01196306 -0.01351648 -0.01099997 -0.01564431 -0.009075224 -0.01099997 0.06144255 -0.02267497 -0.009248554 0.06225204 -0.02037757 0.001857459 0.06281554 -0.0185644 0.004747211 0.06281 -0.01860845 -5.46992e-4 0.04026293 0.05166721 -0.006846964 0.037467 0.05373674 0.004720568 0.03666251 0.05428522 0.00349909 -0.03691631 0.05410909 -0.004426002 -0.03989267 0.05195355 0.004836678 -0.03978192 0.05204945 -0.001245677 -0.0629822 -0.01799428 -0.008105993 -0.06218022 -0.02060925 0.003484427 -0.06158816 -0.02231079 0.004586398 0.05642652 -0.03638744 0.02253103 0.01579582 -0.0651834 0.02254456 -0.06009924 -0.03020185 0.0225203 -0.05401706 -0.04012209 0.02519357 -0.0627802 -0.02394127 0.0246936 -0.06455266 -0.01794755 0.02251917 -0.06636524 -0.0111292 0.02258896 -0.06725078 0.001300752 0.02257078 -0.06527602 0.01523369 0.02254879 -0.06094169 0.02792221 0.02264517 -0.0671426 -0.002203822 0.0243709 -0.05882519 -0.03278052 0.02550667 -0.06599867 -0.01352542 0.02545636 0.0528298 0.04127353 0.02253675 -0.01620113 0.0650646 0.02250134 0.0618627 -0.02584654 0.02251178 0.00663042 -0.06665813 0.02255296 -0.06373995 -0.02410537 0.02778798 -0.02477586 0.06274735 0.02617651 -0.02643132 0.06169909 0.0225678 0.04529476 0.04947215 0.0225082 0.04485619 0.05026495 0.02584397 -0.06822466 -0.001920104 0.02793973 0.06654602 -0.009259641 0.02254188 -0.03014552 0.06054544 0.02672457 0.03976172 0.05537462 0.02806812 0.01689147 -0.06524324 0.02589613 0.03536039 0.05739402 0.0253362 -0.03613924 0.05641514 0.02253562 0.06677228 -0.009201705 0.02587598 0.0347796 0.05741912 0.02249372 -0.04968971 -0.04577845 0.0266155 0.02259659 -0.06487047 0.02906894 -0.03839516 0.05562591 0.02620786 0.02268952 -0.06304669 0.02257418 -0.04047822 0.05649572 0.03038084 -0.04867017 -0.04635244 0.0225563 -0.07019501 -0.002782821 0.03134447 0.06853878 -0.005914747 0.02913087 -0.04290783 -0.05193644 0.02563142 0.02817136 -0.06167978 0.02708333 0.06729817 0.002271294 0.02537417 0.03126263 0.06152176 0.02959239 0.03431206 -0.05761373 0.02253681 -0.03844439 -0.05487674 0.02251672 0.03118753 -0.06281417 0.03114038 -0.04032784 -0.055049 0.02828931 0.02453792 0.06281709 0.02592045 0.02278345 0.0633229 0.02259814 -0.04720544 0.04827529 0.02606511 -0.04574561 0.04901254 0.02250432 0.03580462 -0.05745905 0.02673637 0.0688976 0.005601227 0.02971547 0.06652975 0.009543418 0.02260392 -0.04981607 0.0473479 0.02904754 0.01527345 -0.06835103 0.03095906 -0.04843294 0.05190742 0.03208017 -0.07151585 -0.006580352 0.03284543 -0.06936645 -0.01279544 0.03158438 0.0227822 0.06552422 0.0301913 0.0299046 0.06617766 0.03351891 0.02018702 0.06873649 0.03266096 -0.03635615 -0.05911237 0.03030002 0.03769963 -0.05856484 0.03050804 0.07051593 -0.0040223 0.03169924 -0.06647461 -0.02154952 0.03086638 0.06662768 0.01211416 0.02704453 -0.02839577 -0.06070733 0.0225166 0.06833636 0.01904106 0.03206557 0.0655812 0.01548111 0.02581882 -0.05410861 0.03966361 0.02250617 0.04054397 -0.05973857 0.03314763 -0.0300014 -0.06035643 0.02564102 0.03127467 -0.06685215 0.03420346 0.04249697 -0.0522632 0.02564555 0.0233671 -0.06742411 0.03241842 0.01354014 0.06752008 0.02940487 -0.06388658 -0.0291211 0.03125959 -0.0271213 -0.06250113 0.02784001 0.04509264 -0.05153715 0.02863788 0.01372033 0.06588262 0.02536088 0.04809439 -0.05239832 0.03212523 0.07114708 0.007503747 0.03257942 0.06354498 0.02172285 0.02252739 -0.04383081 0.05933153 0.03420811 -0.05581307 0.04243898 0.0311197 -0.05613803 0.03788608 0.02690422 -0.02866518 -0.06396621 0.03109997 0.04775786 -0.04697024 0.022565 0.05228674 -0.05201178 0.0341441 0.007146716 0.06672734 0.02255302 -0.05978733 -0.03834062 0.03203624 0.06265586 0.024917 0.02584522 0.0645622 0.02236008 0.02832514 -0.01837402 -0.06479054 0.02539426 0.01503372 0.07118141 0.03350365 0.004407763 0.0673635 0.02641928 -0.01966589 -0.06602668 0.02938103 0.072456 0.01730334 0.03454303 0.06313985 0.02974379 0.03065133 0.005134642 0.06988155 0.03110736 -0.0617451 0.03290796 0.03095173 -0.01573097 -0.07044607 0.03317201 -0.06376761 0.03559112 0.03380292 -0.06981176 -0.02084225 0.03356999 0.07557415 0.002405643 0.03514832 0.05964124 0.03069782 0.02259027 -0.07380986 -0.01802831 0.0352205 -0.06570911 -0.03270334 0.03396958 -0.05618035 0.04724901 0.03391349 0.05223685 -0.04552251 0.02996051 -0.06323605 0.0260685 0.028319 -0.05981099 0.03060615 0.02451837 0.0588333 -0.04058438 0.03244036 8.43133e-4 0.07358473 0.03409785 -0.002983927 0.07017803 0.03131908 -0.03491848 0.06592011 0.0347017 -0.008857309 -0.06942945 0.03093403 0.03280353 0.06971251 0.03554648 -0.06963735 0.02540123 0.03445231 0.05414772 -0.04018878 0.02597826 -0.00564903 0.06669145 0.02259105 -0.006487667 -0.06672167 0.02252954 0.06035137 0.03675383 0.03172087 -0.005389332 0.06798976 0.02815991 -0.009167313 -0.06722795 0.02719992 0.0677154 0.02982944 0.03444427 -0.06704163 0.02133542 0.03133207 0.05533373 -0.05294418 0.03541308 0.05863314 -0.03711223 0.03022062 0.06123077 0.04094487 0.03412574 0.06496375 -0.03848111 0.03506469 0.01836955 0.07507193 0.03560352 -0.05347937 -0.0518977 0.03459268 0.05852234 0.03355723 0.02615797 -0.005177021 0.0780223 0.03583914 -0.01184815 0.0718885 0.03373318 -0.06383061 0.04199743 0.03532969 -0.07735115 -0.008532881 0.03577667 -0.001914918 -0.07189148 0.03286725 0.05808258 -0.03409945 0.02580475 0.0610904 0.04701262 0.03551477 0.07558524 0.02094882 0.03583389 0.05263149 0.04461723 0.02940505 -0.01427185 0.06725049 0.0291984 0.04534244 0.06255531 0.03559249 0.06216031 -0.02992975 0.02947831 -0.01557898 0.06550097 0.02523988 -0.05122977 -0.06079953 0.03594028 0.05449748 0.03949004 0.02546602 0.0433939 -0.06260776 0.03528565 -0.02079296 0.0739268 0.0354892 -0.06601393 0.01605093 0.02751445 -7.55148e-4 -0.06725704 0.02505683 0.0307359 -0.07217067 0.03588664 0.05273437 0.04698234 0.0316416 -0.06668055 -0.03749775 0.03529936 0.05004513 0.04506844 0.02553325 -0.07755613 0.01411896 0.0358864 -0.001050531 -0.06901526 0.02969437 0.061917 -0.02702742 0.02632063 -0.07247585 0.01382672 0.03427863 0.05252915 0.05159342 0.03410345 0.06525659 -0.02882474 0.03245693 0.07060444 -0.02587646 0.03493767 -0.06966787 0.007594227 0.0310859 -0.06713294 0.0069319 0.02625048 0.006537616 -0.0686568 0.02975624 -0.0252251 0.06551641 0.03124785 -0.07174652 -0.03556764 0.03598737 0.00839585 -0.07403773 0.03459411 0.06625527 0.04386812 0.03596466 0.01441407 -0.07675915 0.03580045 -0.0196436 0.06921637 0.03294438 -0.05039876 0.05887758 0.03562444 0.07387989 -0.02948063 0.03594505 -0.07520228 4.62321e-4 0.03484773 0.01438105 -0.07154464 0.03370362 0.06688332 -0.01965349 0.03060722 -0.0331062 0.07154649 0.03593325 0.01118069 -0.06706756 0.02766489 0.07079809 -0.01697987 0.03357213 0.04459017 0.05689668 0.03323262 0.06478148 -0.01880353 0.02621489 -0.03191155 0.06229001 0.03109246 0.04178667 0.05629676 0.03110218 0.07551521 -0.01208621 0.03537875 -0.06726527 -0.01244658 0.02852743 -0.04303908 -0.06305962 0.03533244 -0.05705565 -0.04509592 0.0334596 -0.02868968 -0.07082521 0.03532224 -0.04637217 -0.05447465 0.03257465 -0.05915123 -0.03524649 0.02931904 -0.03958976 -0.06138908 0.03380495 -0.006719827 -0.07504409 0.03496116 -0.05488801 -0.04081147 0.02861207 -0.02917361 -0.06713002 0.03383362 -0.04889148 -0.04942935 0.03030246 -0.01004958 0.06639641 0.0194813 0.007711827 0.06687802 0.01947277 -0.001354157 -0.06705814 0.01948738 -0.01381433 -0.06573265 0.01941812 -0.06678032 -0.006453752 0.00152862 -0.0648095 -0.01737862 0.01949876 -0.06353706 -0.02216172 0.001517772 -0.05970966 -0.03090041 0.01940274 -0.05640846 -0.03632318 0.001529514 -0.04627007 -0.04935425 0.01954787 -0.05296736 -0.04176932 0.001541852 -0.04124277 -0.05296325 0.01947569 -0.03998619 -0.0539515 0.001522779 -0.02675092 -0.06169879 0.0195167 -0.02901029 -0.06063568 0.001576662 -0.0174787 -0.06491798 0.00152409 0.02502709 -0.06230103 0.001579463 0.03474318 -0.05759793 0.01951313 0.03581553 -0.05679017 0.001527965 0.05067312 -0.04492574 0.001462638 0.05261516 -0.04172992 0.001490116 0.04906332 -0.04599446 0.01945871 0.05925816 -0.03162688 0.01949232 0.06050688 -0.02912706 0.001525104 0.06422483 -0.01945406 0.01945292 0.06418716 -0.02033311 0.001561641 0.06699478 -0.004540443 0.001510977 0.0669046 0.005960047 0.01948571 0.06600481 0.0133177 0.001544415 0.06522792 0.01640981 0.01942777 0.0587778 0.03267723 0.001534521 0.05974292 0.03091925 0.01945018 0.0506708 0.04405474 0.01947706 0.05038982 0.0444945 0.001605272 0.04415041 0.05062001 0.001503467 0.04026144 0.05389189 0.01941543 0.03219968 0.05894845 0.001571357 0.02512025 0.06229382 0.01946592 0.01780247 0.0648806 0.001518249 -0.02806288 0.06104594 0.001551747 -0.02925652 0.06040579 0.01944857 -0.03963005 0.05416053 0.01949679 -0.04172199 0.05265074 0.001517415 -0.05020153 0.04469239 0.01944839 -0.05485224 0.03902363 0.001476943 -0.05912762 0.03187137 0.01946616 -0.06349134 0.0219134 0.001525878 -0.06578713 0.0141623 0.01946461 -0.0668351 0.006381571 0.001502573 -0.06706947 -0.003794968 0.01944786 -0.001638591 -0.06547963 -0.003108084 0.001769185 -0.0654779 0.004830598 0.00159502 -0.06549125 -0.001218676 0.05509281 -0.05725944 0.03744864 -0.07328718 -0.02246135 0.03705465 0.06348955 0.04761695 0.03741312 -0.07618141 0.004412293 0.03694677 0.04051613 -0.06458395 0.03688895 0.07675313 0.002368211 0.03704077 -0.06319141 -0.04196381 0.03679364 0.04686492 0.05955523 0.03671437 0.07479637 0.02161139 0.03727465 -0.04382497 -0.06204539 0.03675073 -0.03002804 0.0710932 0.03715562 0.003089249 0.07521575 0.03650498 0.06085282 0.04425561 0.03654694 -0.0157327 0.07509124 0.03697806 -0.07282435 0.02147555 0.03677976 0.06888645 -0.03652215 0.03728806 -0.06676077 0.03330522 0.03639632 -0.02186954 -0.07211726 0.03660166 -0.04648977 0.06008344 0.03679913 -0.07466888 -0.009182691 0.03658735 -0.00476402 -0.07471209 0.03638356 0.02373063 -0.07151484 0.03655838 0.007732391 -0.07296907 0.03578215 0.05682331 -0.05047541 0.03672665 0.02623611 0.069157 0.03600454 -0.05607044 0.04903781 0.03622382 0.07125902 -0.0234974 0.03645467 0.06865507 0.02936601 0.03630518 -0.04201853 0.05914807 0.03514367 -0.06559014 -0.004066348 0.02455204 -0.06636887 -0.007592618 0.02853685 -0.0677309 0.001378476 0.03039753 -0.06851708 -0.01088017 0.03244602 -0.07059288 -0.01214396 0.03455156 -0.0632739 -0.01753211 0.02467232 -0.06448447 -0.01949435 0.0298019 -0.06812977 -0.02442806 0.03510117 -0.0655331 -0.02644002 0.03375804 -0.06193184 -0.02744722 0.03042376 -0.06045168 -0.02566403 0.02520322 -0.05756425 -0.0315836 0.02461189 -0.05696266 -0.03507184 0.02881819 -0.06065481 -0.0372039 0.03426557 -0.0553736 -0.04051995 0.0316956 -0.05267167 -0.03929936 0.02513211 -0.04924261 -0.044721 0.02788293 -0.05644345 -0.04707545 0.0357989 -0.04770773 -0.04516625 0.02450257 -0.05125325 -0.05054956 0.03479856 -0.04666155 -0.05317968 0.03385078 -0.04517906 -0.05183207 0.03183031 -0.04295188 -0.05096834 0.02846211 -0.03999441 -0.05222928 0.02583581 -0.03799128 -0.0569458 0.03149795 -0.03218245 -0.0573464 0.02503788 -0.03494721 -0.06363368 0.03525674 -0.03184002 -0.05886197 0.02884626 -0.02975344 -0.06249576 0.03240436 -0.0250405 -0.06084543 0.02583473 -0.01924014 -0.0663259 0.0322386 -0.0205124 -0.06949937 0.0351029 -0.01836776 -0.06395518 0.02796608 -0.01550823 -0.06379652 0.02453207 -0.01171153 -0.06747114 0.03150415 -0.007932186 -0.0666272 0.0292868 -0.005705177 -0.07155126 0.03461837 -0.00394684 -0.06555014 0.0242486 -0.003147304 -0.06645494 0.02801394 4.03155e-4 -0.06905263 0.03224688 0.007879912 -0.06527847 0.02499359 0.004974067 -0.06641596 0.02817887 0.008494853 -0.06845861 0.03222757 0.01521688 -0.06566262 0.02982717 0.02111572 -0.06281697 0.02717059 0.01974427 -0.06818896 0.03412789 0.01881533 -0.06292498 0.02443265 0.02790844 -0.06330871 0.03244757 0.03340762 -0.0652126 0.03560703 0.02866643 -0.05895513 0.02340197 0.02848303 -0.06059688 0.02885329 0.03364998 -0.05697131 0.02662366 0.03689146 -0.05946964 0.03323465 0.03999477 -0.0522716 0.02518737 0.03739559 -0.05565398 0.02912914 0.04490923 -0.05603408 0.03469592 0.04483789 -0.05276489 0.03236299 0.04846853 -0.04817146 0.03130966 0.05461633 -0.04754227 0.03513383 0.04972624 -0.04280531 0.02367031 0.04893255 -0.04467362 0.02704709 0.05499935 -0.03979599 0.03076857 0.05586206 -0.0346021 0.02492666 0.06056994 -0.03894966 0.03490352 0.05909901 -0.03408551 0.03114414 0.06001442 -0.02810955 0.02707684 0.06717479 -0.02431553 0.0344249 0.0606727 -0.0251162 0.02465832 0.06285214 -0.02645564 0.03114277 0.06953561 -0.01607215 0.03440237 0.06408518 -0.01653796 0.02687448 0.06649148 -0.01609832 0.03137934 0.0637871 -0.01542001 0.02374893 0.06890553 -0.008003771 0.03260707 0.0668621 -0.004869818 0.02908587 0.06556671 -0.004948616 0.02510005 0.07261097 -0.003538548 0.03533428 0.06912451 0.001128554 0.03226327 0.06668436 0.003677189 0.02859902 0.06537735 0.006202459 0.02442812 0.06972289 0.01070529 0.03361523 0.06676346 0.01434272 0.03107178 0.07136851 0.01596206 0.03549188 0.06339299 0.01739931 0.0250144 0.06485354 0.01297098 0.02681928 0.06440484 0.02064448 0.03021258 0.06684738 0.02524101 0.03443437 0.05979824 0.02737677 0.02515512 0.0610193 0.02645206 0.02788245 0.06178152 0.03296142 0.03338956 0.05748301 0.03525197 0.02986621 0.05468875 0.03750896 0.02731239 0.05637776 0.04228025 0.03363102 0.05319058 0.03849494 0.0241872 0.04915654 0.04436045 0.02694463 0.05034989 0.04524683 0.03021216 0.05011391 0.05077069 0.0343585 0.04373645 0.04901611 0.02404206 0.04058659 0.05313473 0.02862524 0.04147636 0.05527251 0.0322206 0.03988736 0.06155741 0.03569316 0.03433734 0.05609017 0.02553248 0.03245174 0.05972295 0.03075551 0.02598005 0.06045395 0.02560877 0.0300309 0.06354534 0.03341692 0.02354186 0.06390899 0.03099447 0.01927304 0.06962877 0.03501784 0.02040797 0.06289184 0.02672284 0.01492464 0.06560426 0.02965807 0.01335275 0.06882417 0.03329432 0.01292854 0.06446927 0.02529388 0.005063891 0.06554514 0.02525252 0.00463736 0.07114928 0.03436392 0.005483984 0.06717503 0.02975505 -7.51816e-4 0.07031053 0.03347778 -0.003809034 0.06564778 0.02546977 -0.00563842 0.06737196 0.03017169 -0.01359122 0.0682336 0.03270542 -0.01096504 0.06473433 0.02462881 -0.01220494 0.07212173 0.03561317 -0.01630163 0.06469136 0.02852064 -0.02065515 0.06244564 0.02515852 -0.0261926 0.06831973 0.03556638 -0.0231744 0.06363731 0.03045225 -0.02341151 0.06700581 0.03410136 -0.02763998 0.05958527 0.0250926 -0.03160035 0.05948495 0.02961623 -0.03435748 0.06036537 0.03263568 -0.03501623 0.055646 0.02540743 -0.04575109 0.05300921 0.03320509 -0.04010844 0.05353754 0.02885836 -0.04240787 0.05008649 0.02455043 -0.04739564 0.04772204 0.02966201 -0.04942607 0.04336345 0.02501863 -0.05457621 0.04370772 0.03309124 -0.05885803 0.04361063 0.03561604 -0.0528686 0.04129916 0.02931463 -0.05591934 0.03451836 0.02470797 -0.05709791 0.03409504 0.02776712 -0.06430661 0.02904999 0.03362357 -0.05863928 0.03545653 0.03161716 -0.06141477 0.02343297 0.02467769 -0.06356889 0.02576369 0.03155237 -0.06230223 0.02430295 0.02874541 -0.06736427 0.02751928 0.03537875 -0.06444674 0.01417577 0.02630072 -0.06723004 0.01378458 0.03170984 -0.07047706 0.01426136 0.03473824 -0.06527936 0.008251667 0.02545577 -0.06636291 0.009802401 0.02920764 -0.07049232 0.001779258 0.03372824 0.05720204 0.03699541 -0.02221894 0.03445881 0.05868989 -0.02219498 -0.05513972 -0.03936207 -0.0224123 -0.04312342 -0.05288624 -0.02212649 -0.0462194 0.04980319 -0.02233183 0.03244245 -0.05980688 -0.02227807 0.02509582 0.06330734 -0.02218925 -0.06821233 -0.001241743 -0.02222156 -0.03667777 -0.05767142 -0.02197164 0.04497802 0.05133152 -0.02206099 0.06336504 0.02543616 -0.02200591 -0.005309522 0.06765663 -0.022385 0.05238586 0.04383653 -0.02188122 0.05661481 -0.03777641 -0.02217984 -0.02587866 -0.06342279 -0.02178692 -0.00871092 -0.06757104 -0.02219754 -8.78594e-4 -0.06725263 -0.02255851 0.01275795 -0.06590479 -0.02256596 -0.06847178 -0.0043177 -0.02113121 -0.06718736 -0.01382452 -0.02158725 -0.06601041 -0.01873612 -0.02099025 -0.06281924 -0.02697724 -0.02195656 -0.05927455 -0.03450411 -0.02074617 -0.05602544 -0.03938037 -0.02173584 -0.05400156 -0.04222172 -0.02069222 -0.04830455 -0.04857063 -0.02165228 -0.01824593 -0.06614077 -0.02137213 -0.01147985 -0.06760841 -0.020729 0.003980815 -0.0684005 -0.02166599 0.01010471 -0.06782686 -0.02087295 0.016478 -0.06641757 -0.02182 0.02626258 -0.06328976 -0.02144455 0.03678882 -0.05795162 -0.02109169 0.04453277 -0.05212211 -0.02092415 0.0453065 -0.05103147 -0.02207195 0.05175364 -0.04499357 -0.02130961 0.06121689 -0.03055906 -0.02175319 0.06184077 -0.02955222 -0.02062106 0.06540733 -0.02053481 -0.02151256 0.06811791 -0.008366286 -0.02145385 0.06804335 -0.002030849 -0.02223747 0.06798899 0.00895518 -0.02145713 0.05989462 0.03347992 -0.02080678 0.04675096 0.05020081 -0.0209288 0.0349704 0.05914098 -0.02136659 0.02212315 0.06490761 -0.02114182 0.01292997 0.06739419 -0.02144002 0.007245182 0.06776899 -0.02208477 -7.04095e-4 0.06856274 -0.02143228 -0.008535444 0.0678972 -0.02031433 -0.0110141 0.06765168 -0.0214309 -0.01945966 0.06553691 -0.02189755 -0.02183759 0.06506574 -0.02054566 -0.0285229 0.0620529 -0.02194887 -0.03789359 0.05704158 -0.02169984 -0.05503678 0.04075551 -0.02178424 -0.06032937 0.0325514 -0.02159541 -0.0637657 0.02525347 -0.02135449 -0.06602847 0.01860374 -0.0208497 -0.06686997 0.01331448 -0.02208071 -0.06831562 0.007002651 -0.02077454 -0.06662857 -0.01473313 -0.0199334 -0.06194293 -0.02890616 -0.02010393 -0.05465036 -0.03957319 -0.01945722 -0.04849231 -0.04819601 -0.02018052 -0.04087466 -0.05479145 -0.02002674 -0.03328639 -0.05988627 -0.02044373 -0.02567631 -0.06328117 -0.02003079 -0.01246201 -0.06686419 -0.01969867 -0.003575444 -0.06850206 -0.02063357 0.006204366 -0.06771379 -0.01967847 0.01960647 -0.06572467 -0.02048081 0.03026467 -0.06123465 -0.01999962 0.04212307 -0.053505 -0.01978355 0.04971212 -0.04669928 -0.01991277 0.05708563 -0.0379756 -0.02034038 0.06483709 -0.02179592 -0.02016305 0.06692737 -0.01185899 -0.0197243 0.06705039 -0.0142914 -0.02064341 0.06785464 -0.002115726 -0.0196762 0.0685113 0.002199053 -0.02049958 0.06642556 0.01601082 -0.01997447 0.06513684 0.02179729 -0.02107471 0.06044536 0.03144711 -0.01982647 0.0542038 0.041992 -0.02055931 0.04680085 0.04935532 -0.01975393 0.03800499 0.05705481 -0.02037477 0.02767074 0.06247144 -0.02005928 0.01489347 0.06666588 -0.01994293 0.001656055 0.06832438 -0.0200178 -0.01656115 0.06583166 -0.01961123 -0.03457522 0.05921506 -0.02042216 -0.04303556 0.05287408 -0.01982432 -0.04742753 0.04966521 -0.02105247 -0.05163407 0.04417914 -0.01969528 -0.05568832 0.0398876 -0.02047085 -0.06130832 0.02983134 -0.01980352 -0.06589388 0.01717412 -0.01979982 -0.06815952 0.001002192 -0.01978349 -0.06181508 -0.02825015 0.001274704 -0.0169968 0.06601768 -0.001092255 -0.01753729 0.06487786 0.001533329 -0.06054836 -0.03109639 -0.001197576 -0.04695779 -0.0480746 -0.001582086 -0.06316387 0.0253899 -0.001233756 -0.05520862 -0.04035592 -9.63615e-4 -0.02622032 -0.06301748 -0.001102209 -0.03657823 -0.05764782 -9.866e-4 -0.04097497 0.05429011 -0.001258909 -0.02427512 0.06410664 -5.68561e-4 -0.03543412 0.05882173 -2.43175e-4 -0.04995858 0.04665309 -0.001004934 -0.05648249 0.0387665 -6.86899e-4 -0.06674206 0.0146467 -9.05705e-4 -0.06829631 0.006821155 2.11704e-6 -0.06845426 -0.002037405 -5.83002e-4 -0.06792533 -0.009488523 2.82577e-4 -0.06693559 -0.0137518 -9.6947e-4 -0.06357759 -0.02584075 -1.87488e-4 -0.04803079 -0.04880893 -7.82953e-4 -0.04603332 -0.05054461 9.16493e-4 -0.02570927 -0.06343865 8.01856e-4 -0.02634406 0.06318926 8.25426e-4 -0.03884154 0.05596709 0.001177668 -0.04540121 0.05129182 6.93802e-4 -0.05199915 0.04404354 0.001187086 -0.05957871 0.0341165 3.19721e-4 -0.06162166 0.02867388 0.001274824 -0.06506818 0.02194458 1.63519e-4 -0.06662809 0.01466596 0.001202821 -0.06820613 -0.001511454 0.001106202 -0.06604808 -0.01578402 0.001327514 -0.06568479 -0.01992076 1.13894e-4 -0.05918854 -0.0347402 2.56603e-4 -0.05298364 -0.04334592 7.06568e-4 -0.03990447 -0.05579727 4.90727e-4 -0.03290772 -0.06015187 4.86181e-4 0.04342973 0.05227595 0.001298189 0.01732248 -0.06509798 0.001539587 0.01697778 0.06614428 9.70746e-4 0.01766109 -0.06480151 -0.001536965 0.04597491 -0.04884791 -0.001538217 0.0357635 0.05719995 -0.001532137 0.06535816 0.0187186 -0.00128597 0.05263429 0.04323476 -0.001171767 0.04757267 -0.04898494 -0.001095592 0.0668376 -0.01275801 -0.001212596 0.02697259 -0.06243997 -0.001299262 0.03544586 -0.05874526 -5.09845e-4 0.04162734 -0.05446416 4.96592e-4 0.05278372 -0.04366797 -6.04054e-4 0.05893957 -0.03472036 -9.3853e-4 0.06326407 -0.02586877 -8.89194e-4 0.06578224 -0.01949459 -2.88441e-4 0.0681914 -0.006420075 -7.0588e-4 0.06829994 0.0012753 9.45803e-4 0.06854659 0.002589762 -3.68312e-4 0.06660628 0.01639628 -3.47278e-4 0.06355482 0.02564823 -4.43866e-4 0.05905187 0.03494995 -3.88376e-4 0.04477107 0.05206394 -3.81969e-4 0.03558063 0.05862772 -2.94694e-4 0.02524882 0.06376367 -6.02401e-4 0.02329993 -0.06451421 4.5314e-4 0.0317294 -0.06051915 9.12814e-4 0.0408765 -0.05420345 0.001323044 0.04799652 -0.04880839 5.92579e-4 0.05491667 -0.04094332 6.27672e-4 0.06062644 -0.03157627 8.83295e-4 0.06398463 -0.02415597 8.07422e-4 0.06742072 -0.0121355 5.83263e-4 0.06737673 -0.007597684 0.001382231 0.06765377 0.010782 5.5208e-4 0.06546068 0.01963996 8.82831e-4 0.06194913 0.02853882 0.001118361 0.05666238 0.03815805 9.36285e-4 0.05156868 0.04525279 3.1767e-4 0.03778696 0.05714386 6.70544e-4 0.02672445 0.06290006 9.05677e-4 0.06711477 -0.01083743 0.01970189 0.02882367 -0.06160223 0.01972752 -0.05870372 -0.03457558 0.01984614 -0.0445618 0.05154806 0.01982343 -0.06349879 0.0243113 0.01971721 0.06709009 -0.004827022 0.01942652 5.6642e-4 0.06825345 0.01988172 0.02134251 0.06475961 0.01981008 -0.06658321 0.01473778 0.01985776 0.06359606 -0.02476722 0.01989531 -0.0171771 0.06596422 0.0198363 -0.06595349 -0.01833039 0.02013802 -0.03210228 -0.05988258 0.01972115 -0.06820231 0.001784801 0.01991969 0.05368357 -0.04219502 0.01987874 -0.02456599 0.06364625 0.01995325 -0.05922859 0.03429418 0.0200994 0.02942603 0.0616883 0.02001166 0.06756758 0.009783744 0.02003234 -0.03884387 -0.05645507 0.02040344 0.05313211 0.04283732 0.01996135 0.01037836 0.06735736 0.01988923 0.06843221 -0.001062989 0.02031725 -0.006680607 -0.06774818 0.01979947 0.005903542 -0.06775438 0.01976013 0.01325714 -0.06595796 0.01941859 -0.06858044 -1.41442e-4 0.02159631 -0.06785374 -0.007974863 0.02009308 -0.06271535 -0.0272243 0.02022206 -0.05300855 -0.04305142 0.0199269 -0.0468139 -0.05012834 0.02068871 -0.03009289 -0.06166028 0.02138125 -0.02254396 -0.06453025 0.0200445 -0.004987955 -0.0684098 0.02070266 0.009614706 -0.06799453 0.02092045 0.01975184 -0.06564158 0.02055972 0.03436225 -0.05935084 0.02071839 0.04379826 -0.05288249 0.02111053 0.04042375 -0.05488789 0.01984691 0.05221754 -0.04448187 0.02127069 0.0597698 -0.03377777 0.02074736 0.0684728 0.004226982 0.02138978 0.06737911 0.0125932 0.02134925 0.0653702 0.02067512 0.02041888 0.06040847 0.03222417 0.02021813 0.05653518 0.03888624 0.02122157 0.04814618 0.04891759 0.02112841 0.0424543 0.05385714 0.02041447 0.0108484 0.06772834 0.02091002 -0.0084697 0.06804931 0.02044337 -0.02582561 0.06353402 0.02146005 -0.03402739 0.05927681 0.02011072 -0.05038732 0.04654324 0.02061468 -0.05614006 0.03940457 0.02110373 -0.06530225 0.021012 0.02088403 -0.06750136 -0.01244688 0.0209282 -0.06565624 -0.01860624 0.02206796 -0.06254386 -0.02811914 0.02138328 -0.05911087 -0.03366053 0.02229112 -0.05744129 -0.03747415 0.02133864 -0.05087125 -0.04567342 0.02190792 -0.03908616 -0.05611318 0.02199578 -0.02276021 -0.06343317 0.02253949 -0.01746267 -0.06640112 0.02130895 -0.01036524 -0.06729799 0.02225542 -6.70356e-4 -0.06838339 0.02180671 0.006597518 -0.06748318 0.02237182 0.01679193 -0.0661146 0.02205115 0.02651602 -0.06237882 0.02236706 0.02650237 -0.06330049 0.02125602 0.03681218 -0.05736404 0.02218145 0.05082708 -0.04566359 0.02211511 0.05935055 -0.03320133 0.02226418 0.06355589 -0.02546811 0.02169477 0.06643199 -0.01373946 0.02242285 0.06642425 -0.01739042 0.02108448 0.06795209 -0.009658753 0.02133703 0.06813353 -0.001762151 0.02210837 0.06424194 0.02281057 0.02214133 0.06146025 0.03019249 0.02162504 0.05478656 0.04054915 0.02213311 0.04874545 0.04725295 0.02233713 0.04087799 0.05436253 0.02226781 0.03439074 0.05943357 0.02118796 0.02253001 0.06479662 0.02156674 0.01628565 0.06595975 0.02232837 0.004894196 0.06787049 0.02231007 1.35625e-4 0.06857568 0.02129167 -0.00872004 0.06756758 0.02223676 -0.01695173 0.06632709 0.02176892 -0.03685688 0.05706995 0.02234184 -0.03483903 0.05907154 0.02117866 -0.04129785 0.05478525 0.02122229 -0.04625397 0.04995113 0.02221733 -0.0522567 0.04401773 0.02189654 -0.05719053 0.03676021 0.02227717 -0.06207197 0.02916127 0.02154964 -0.0658636 0.01707971 0.0223028 -0.06787896 0.009929955 0.02135545 -0.01745212 -0.06492263 -0.01816427 0.01840037 -0.06444203 -0.01929008 0.007046461 -0.0676946 -0.01726382 -0.004295229 -0.06816399 -0.01711845 -0.01698929 -0.06622749 -0.01712059 -0.006050884 -0.06695628 -0.01807713 0.005043685 -0.0671094 -0.01803219 0.01837569 -0.06441044 0.01935452 -0.01723384 -0.06510102 0.0176748 -0.007777154 -0.06671059 0.01827174 0.007700443 -0.06808841 0.01707321 0.01112151 -0.06626945 0.01813811 0.002711296 -0.06715726 0.01811236 -0.00744456 -0.06759244 0.0172885 0.01721566 0.0651406 -0.017695 -0.01753318 0.0648809 -0.01801258 -0.002081692 0.06876879 -0.01701831 0.007164895 0.06692999 -0.01789963 -0.001752376 0.06719356 -0.01798331 -0.01088714 0.06635248 -0.01803332 -0.01723873 0.06521189 0.01792007 -0.01820462 0.06445258 0.01940363 0.009203612 0.06664526 0.01794534 -0.002218842 0.06714868 0.0183075 -0.002169549 0.06807851 0.01718491 0.01752084 0.06489282 0.01808184 0.01695722 0.06636947 0.01710498</float_array>
          <technique_common>
            <accessor source="#_inch_edf_-_5inch_propeller_duct_right-1-mesh-positions-array" count="1183" stride="3">
              <param name="X" type="float"/>
              <param name="Y" type="float"/>
              <param name="Z" type="float"/>
            </accessor>
          </technique_common>
        </source>
        <source id="_inch_edf_-_5inch_propeller_duct_right-1-mesh-normals">
          <float_array id="_inch_edf_-_5inch_propeller_duct_right-1-mesh-normals-array" count="7218">-4.92878e-4 6.8181e-5 -0.9999999 -0.01327228 -0.001955568 -0.99991 -1.63895e-4 -1.38589e-4 -1 7.69059e-6 -3.63313e-5 -1 2.4166e-5 1.35091e-5 -1 0.001494586 5.29237e-4 -0.9999987 5.94884e-4 -5.79462e-4 -0.9999997 -7.81595e-4 -0.002423167 -0.9999968 -8.05774e-4 -0.002489626 -0.9999966 -5.60685e-4 -0.001184821 -0.9999992 -2.54044e-4 -8.13866e-4 -0.9999997 -1.72575e-6 2.19296e-7 -1 -1.70882e-4 -1.57212e-4 -1 -1.45615e-4 0.001254081 -0.9999992 1.33908e-6 -9.63984e-6 -1 -9.40376e-4 0.00127542 -0.9999988 -8.97294e-4 0.001318514 -0.9999988 -9.29657e-6 3.44945e-5 -1 5.72778e-6 3.09885e-4 -0.9999999 -2.2825e-4 8.5907e-4 -0.9999996 0.003361403 -0.001415789 -0.9999934 -7.10867e-4 -1.87532e-4 -0.9999998 -4.5267e-4 3.21493e-4 -0.9999999 -9.3795e-5 -7.51076e-6 -1 0.002216398 -8.4607e-5 -0.9999976 -6.87272e-5 -2.51557e-6 -1 -1.3255e-4 2.24253e-5 -1 -1.60739e-4 1.78178e-5 -1 -1.85777e-5 -4.04286e-6 -1 -0.001145064 -3.46337e-4 -0.9999992 -3.96245e-4 -3.19856e-4 -0.9999999 -3.2444e-4 -2.90843e-4 -1 -2.81787e-5 -1.14812e-5 -1 -0.001207709 -3.04955e-4 -0.9999992 0.004364669 0.003866374 -0.999983 9.3348e-4 0.001248359 -0.9999988 7.52131e-6 1.78409e-4 -1 -2.19259e-5 5.33367e-5 -1 -4.47819e-6 -1.94426e-5 -1 -0.001525282 -0.003412246 -0.999993 -0.00154668 -0.00327003 -0.9999935 -1.82497e-4 -0.001417219 -0.999999 0.002405881 0.004448652 -0.9999872 5.6577e-4 -0.00152564 -0.9999988 1.61203e-4 -6.39865e-4 -0.9999998 1.6695e-4 -5.01396e-4 -0.9999999 -0.002199232 0.001954495 -0.9999957 -0.00340569 0.004925549 -0.9999821 4.40395e-4 4.37048e-4 -0.9999998 -3.44103e-4 5.65468e-4 -0.9999998 0.007703363 -0.002604842 -0.999967 0.005147159 -0.002319514 -0.999984 0.005350112 -0.002471864 -0.9999827 2.88491e-4 -2.10747e-4 -0.9999999 4.46928e-4 -8.43455e-5 -1 0.004123687 0 -0.9999914 0 2.03604e-4 -1 -5.89252e-5 -3.43992e-5 -1 7.57666e-4 -4.48389e-4 -0.9999997 -1.90072e-4 8.50005e-4 -0.9999997 2.42334e-4 -0.001183629 -0.9999993 3.03531e-4 -0.001954019 -0.999998 -1.20486e-4 2.89186e-4 -1 -1.84971e-6 3.70794e-6 -1 -1.99715e-4 -1.26612e-4 -1 0.1003536 -0.01461523 -0.9948445 3.25298e-5 2.25924e-4 -1 -4.59623e-5 -1.1503e-4 -1 8.7001e-4 0.001515448 -0.9999985 9.23614e-4 0.00125873 -0.9999988 2.21325e-4 1.26625e-4 -0.9999999 0.008975625 0.08578407 -0.9962733 0.001716256 -2.49954e-4 -0.9999985 -6.54485e-5 -7.62054e-4 -0.9999997 -5.83079e-4 -6.2224e-4 -0.9999997 -6.3777e-5 3.09271e-4 -1 8.66259e-4 0.001300752 -0.9999988 7.57287e-4 -0.001518011 -0.9999985 4.92703e-4 -6.07344e-5 -1 -3.80612e-4 8.50995e-6 -0.9999999 0.001525163 0.002944767 -0.9999945 -5.27366e-5 2.05028e-4 -1 -7.02682e-5 2.73766e-4 -1 0.005404233 -0.01090836 -0.9999259 -0.007403314 0.004636108 -0.9999619 3.97809e-4 -1.25604e-4 -0.9999999 1.58683e-4 -4.9307e-5 -1 -1.3696e-4 8.81718e-4 -0.9999997 -6.80607e-4 0.001124262 -0.9999991 8.32365e-4 1.32628e-4 -0.9999997 -9.64508e-5 -0.003264725 -0.9999947 1.29091e-4 -1.21595e-4 -1 6.48668e-4 -1.13225e-4 -0.9999998 1.24672e-5 5.88184e-6 -1 5.90653e-4 -8.13708e-5 -0.9999998 8.21796e-4 -0.009744405 -0.9999522 -1.41036e-4 -1.43799e-4 -1 -0.001977682 -0.002053141 -0.999996 2.09869e-4 8.64162e-4 -0.9999996 -3.82034e-4 -5.13306e-5 -0.9999999 -9.49559e-4 1.10325e-4 -0.9999995 9.90129e-4 -5.81693e-4 -0.9999994 0.001363515 0 -0.9999991 -0.004222512 -9.56773e-4 -0.9999907 -7.5302e-4 -7.3007e-5 -0.9999997 5.24742e-4 2.40118e-4 -0.9999999 3.95853e-5 -5.98124e-5 -1 -9.73143e-4 0.001380622 -0.9999986 0 -0.001113831 -0.9999994 -1.55802e-4 -1.49286e-4 -1 -9.8365e-5 -6.83835e-4 -0.9999998 -6.53399e-4 3.82324e-4 -0.9999997 1.48755e-4 -5.64197e-4 -0.9999998 5.03766e-5 5.66509e-5 -1 -4.1743e-4 0.001063585 -0.9999994 1.21714e-5 -4.90234e-5 -1 0.406525 -0.9134141 -0.02030354 0.2607091 -0.9652634 0.01724618 -0.09629309 -0.9952187 -0.01635187 -0.2484101 -0.9684678 0.01904457 -0.594698 -0.8037565 -0.01760035 -0.725421 -0.6880374 0.01920664 -0.8782284 -0.4780254 -0.01436901 -0.9796568 -0.2001135 0.01507067 -0.9966036 -0.08121955 -0.0135923 -0.9449548 0.3268695 0.01472187 -0.8836506 0.4677721 -0.0187304 -0.07661199 0.9970344 0.007271468 0.09719413 0.9952545 0.00468105 -0.02867662 0.9993946 -0.01969653 -0.3125752 0.94968 0.02011686 -0.5519648 0.8336507 -0.01901376 -0.7128552 0.7011628 0.01443171 0.9946972 0.1027268 0.004980921 0.9323499 0.3613021 0.0135824 0.8885049 0.4588637 -0.001827597 0.8343727 0.5505847 -0.02605158 0.7764217 0.6301977 0.004505634 0.4848684 0.8745557 0.00742489 0.4499041 0.893029 -0.009237706 0.7801713 -0.625527 0.006976127 0.7674531 -0.6411051 -3.67579e-4 0.9725689 -0.2323965 0.01007837 0.9978417 -0.05971449 -0.02731657 0.2587982 0.9105772 -0.3222929 0.1755315 0.984378 -0.01373475 0.07091653 0.9523284 -0.296718 0.03001189 0.9980408 -0.05489844 -0.09158152 0.9956642 -0.01629489 -0.1453894 0.9186075 -0.3674537 -0.2158824 0.9739904 -0.06882882 -0.3221257 0.9466772 0.006127476 -0.228003 -0.893949 -0.3858365 -0.1754645 -0.9794304 0.0996409 -0.01292049 -0.9856175 -0.1684974 0.01140981 -0.9256293 -0.3782595 0.2138069 -0.9307563 0.296613 -0.9930708 -0.1164056 0.01613336 -0.9716055 -0.2352754 -0.02506315 -0.9594676 -0.2817786 0.004782438 -0.89181 -0.4523957 0.003596544 -0.885316 -0.4649301 -0.007456779 -0.7452029 -0.6657657 0.03779959 -0.7725437 -0.6349616 -3.00802e-4 -0.6077809 -0.7937438 0.02394115 -0.6340493 -0.7732914 0.001408517 -0.4915868 -0.8707007 0.01492655 -0.456171 -0.8898088 -0.0121746 -0.3409129 -0.9400547 0.008700907 -0.3215242 -0.9469013 4.90511e-4 0.3445576 -0.9387537 -0.00465852 0.3708223 -0.9284796 -0.02040821 0.4885733 -0.8723567 0.01702696 0.5834214 -0.8115533 -0.03163361 0.6496738 -0.7601751 0.007602035 0.7400029 -0.6726003 0.002141952 0.7518499 -0.6592612 -0.009816408 0.8584583 -0.5127597 0.01125526 0.8515667 -0.5238323 0.02082419 0.9265711 -0.3759331 -0.01183569 0.9596769 -0.279657 0.02849787 0.9794455 -0.2002503 -0.02421504 0.9996745 -0.01343268 0.02169293 0.9993943 0.03211903 -0.01339519 0.9724884 0.2326918 -0.01099872 0.9579231 0.2848045 0.03563272 0.8468562 0.5281711 -0.06220901 0.8759177 0.4824151 -0.00662142 0.7292394 0.6842477 0.003879129 0.7410976 0.6713314 -0.009409964 0.610103 0.7923114 -0.004108846 0.622435 0.7825402 -0.01434248 0.442805 0.8963302 -0.02271276 0.4638214 0.8858745 -0.009810686 0.3718358 0.9282912 0.003681242 0.3361619 0.9416849 -0.01499474 -0.3391448 0.9407094 0.006824374 -0.3745108 0.9270284 -0.01897275 -0.5177878 0.8554454 0.01043343 -0.6070142 0.7943772 -0.02233034 -0.6548129 0.7554988 0.02101039 -0.7773935 0.6285958 -0.02295273 -0.8249971 0.5647452 0.02103638 -0.8917354 0.4518013 -0.02614301 -0.9317341 0.3624085 0.02305912 -0.9752076 0.2206089 -0.01737499 -0.9753688 0.2199283 -0.01694929 -0.9996967 0.009105503 -0.02288198 -0.9996853 0.006336033 -0.02427107 0.09814798 -0.9926034 0.07145166 0.02522087 -0.9544812 -0.297203 -0.1062503 -0.9864974 0.1246345 -0.2534593 -0.967132 -0.02035415 -0.2726463 -0.9467792 -0.1710941 0.9661189 -0.2194048 -0.1359262 0.9447879 -0.3273531 0.01468938 0.8951731 -0.3963649 -0.2038625 0.8275783 -0.519876 0.2117622 0.794611 -0.5851145 -0.1619703 0.6699478 -0.7415516 -0.03565567 0.6398411 -0.7524961 0.1560539 0.478736 -0.8701271 -0.1170071 0.4342268 -0.8946087 0.1054627 0.2971087 -0.9432201 -0.1485331 0.262914 -0.9646004 0.02055168 0.5984206 0.7765177 0.1972638 0.7023531 0.6015026 -0.3806504 0.7234783 0.6836009 -0.09627586 0.8359717 0.5446886 0.0668255 0.8581062 0.5051629 -0.09200114 0.9101891 0.4087615 0.06685668 0.927686 0.3541028 -0.1183629 0.9627135 0.2685931 0.03225517 0.9598492 0.1657372 -0.2263198 0.9959408 0.04967439 0.07506299 0.9934276 -0.005901396 -0.1143102 0.9758824 -0.1531502 0.1555591 -0.4349764 0.8874063 0.1526615 -0.3259785 0.9276483 -0.1822275 -0.2559608 0.9623488 0.09148126 -0.1043702 0.9890183 -0.104641 -0.04610645 0.9839626 0.1723133 0.1045913 0.9734076 -0.2038093 0.2226142 0.9670012 0.1239016 0.2908356 0.9505721 -0.1087539 0.3993838 0.9079841 0.1267182 0.4799002 0.8341006 -0.2719779 -0.9793219 -0.01024806 -0.2020485 -0.9696153 -0.132578 0.2055945 -0.9411448 -0.2512708 -0.2260738 -0.9027833 -0.392741 0.1753187 -0.8867861 -0.4511063 -0.1005659 -0.7944731 -0.6068121 -0.02432453 -0.7662199 -0.6235435 0.1552439 -0.6364851 -0.762948 -0.1131237 -0.6039862 -0.794577 0.06203263 -0.5011587 -0.8604552 -0.09196043 -0.4536895 -0.8838687 0.1137629 -0.5228409 0.8271172 -0.2061907 -0.6428344 0.7432197 0.185441 -0.7054195 0.690831 -0.158543 -0.7976381 0.5909519 0.1206203 -0.8393493 0.496203 -0.2219804 -0.8936896 0.4457665 0.05109733 -0.9417167 0.2298367 -0.2456513 -0.9560239 0.2506602 -0.1522758 -0.9896906 0.07609766 0.1213334 2.88281e-4 1 9.54913e-5 1.17224e-5 1 1.33017e-4 -4.8885e-4 0.9999998 2.79857e-4 2.49419e-4 0.9999997 7.62257e-4 0.002209961 0.9999975 3.52654e-4 -1.1004e-4 1 1.79062e-4 -3.97483e-4 0.9999999 -6.65955e-5 3.67085e-4 0.9999997 7.00964e-4 -8.06767e-4 0.9999997 -2.96775e-4 -6.04484e-4 0.9999991 0.001131832 0.9625208 -0.07091057 -0.2617734 0.5626518 0.1119284 -0.8190818 -0.7816551 0.100036 -0.6156363 0.05446678 -0.09636193 -0.993855 -0.9790511 -0.09874689 -0.1780678 -0.3149762 -0.06545466 0.9468398 -0.6244679 0.09806305 0.77487 0.7903892 0.06705105 0.6089245 0.7893902 0.06789737 0.6101253 0.9320747 -0.08466142 0.3522345 0.9925063 0.07940214 -0.09287953 0.5648636 -0.07284855 -0.8219624 -0.52881 -0.0769304 -0.8452465 -0.04594445 0.121375 -0.9915429 -0.9334778 0.0362094 0.3568026 -0.9635117 0.1063945 0.2456125 -0.04455339 -0.08174139 0.9956572 0.377249 0.0824294 0.9224362 0.9926913 -8.12704e-4 0.1206787 0.9981539 -0.05983078 -0.01043623 0.5226953 0.05778706 -0.8505588 -0.7435824 0.09654074 -0.6616382 0.1626565 -0.09813338 -0.9817906 -0.9821398 -0.1249986 -0.14063 -0.8168197 0.1125801 0.5658015 0.3646417 0.03520882 0.930482 0.02228695 -0.1250928 0.9918947 0.7061795 -0.0515272 -0.7061554 0.8913384 0.08518552 -0.4452633 -0.4233111 -0.0496658 -0.9046221 -0.213853 0.04334264 -0.9759038 -0.9752155 -0.05462288 0.2144087 -0.9975466 0.05436295 -0.04410785 -0.1270458 -0.05658578 0.9902815 -0.4704576 0.05197834 0.8808904 0.8483657 -0.07359987 0.5242698 0.6000093 0.06131446 0.7976399 -0.999993 -0.003461658 -0.001429975 -0.9997038 -0.02255237 0.009152531 -0.9999999 -4.21457e-4 0 -0.9999915 -0.003991067 0.001036882 -2.15476e-4 1 0 8.3214e-4 0.9999987 0.001378059 -0.001656174 0.9999982 -8.76787e-4 0 1 -5.43414e-5 2.27641e-4 1 4.71346e-5 -0.001416802 0.9999947 0.002929925 3.71409e-4 1 5.71943e-5 2.11166e-4 1 3.30991e-5 -9.05808e-4 0.9999996 -6.566e-5 -0.00313884 0.9999943 0.001306295 -5.22939e-5 0.9999998 -5.9259e-4 1.36237e-5 1 1.57137e-4 2.80222e-4 1 -4.16091e-5 -4.26314e-5 1 1.78519e-4 -3.11872e-5 1 9.42207e-5 -0.005710184 0.999971 -0.005045473 9.16574e-5 1 0 8.52764e-4 0.9999992 9.37625e-4 0 1 5.80081e-6 0.001856863 0.999998 -7.99455e-4 -2.67346e-5 1 6.22919e-6 3.00924e-4 1 1.78338e-5 -2.62724e-5 1 -1.90443e-6 0.003380775 0.9999685 -0.007186472 -1.64666e-5 1 6.4182e-6 -6.25854e-4 0.9999998 -1.51229e-4 -2.18958e-5 1 -4.08644e-5 9.0735e-4 0.9999994 5.32342e-4 -4.4526e-4 0.9999995 -9.52596e-4 0.9999955 -0.003015875 0 0.9996262 0.02484709 0.01140427 0.9703181 0.2418311 -6.36289e-4 0.9999812 -0.005979299 0.001359879 -0.01026904 0.006020784 0.9999292 0.005490779 0.01469528 0.999877 0 0.03409427 0.9994186 0.001710772 0.009274899 -0.9999555 -0.01945781 0.08234357 -0.996414 0 0.00388056 -0.9999925 -3.05082e-4 -1 1.13771e-4 1.42252e-4 -1 -2.49933e-4 1.15275e-4 -1 -1.87189e-4 1.48517e-4 -1 1.29634e-4 7.93082e-4 -0.9999997 1.4122e-4 -2.51911e-4 -1 -8.88807e-5 5.18869e-5 -1 1.0304e-4 4.50287e-4 -0.9999999 2.80997e-4 9.96322e-5 -0.9999996 -9.48277e-4 2.897e-4 -1 1.49248e-4 -0.002360463 -0.9999961 -0.001534581 1.28067e-4 -0.9999997 -7.79238e-4 3.29929e-4 -1 -2.47716e-4 -0.9979498 -0.04206782 0.04823178 -0.6306027 -0.04910832 -0.7745507 -0.9448601 0.09798175 -0.3124723 0.3713453 -0.01978212 -0.9282841 0.1711522 0.06496006 -0.9831007 0.9929702 0.1056222 0.05342209 0.9781526 -0.01141339 -0.2075747 0.5521534 -0.08747935 0.8291405 -0.4327477 0.004307925 0.9015048 -0.1865547 0.1204164 0.975037 -0.9807574 -0.03187316 0.1926108 -0.9969657 0.05938965 -0.05032271 -0.4213408 -0.07474875 -0.9038166 -0.1047017 0.0843935 -0.9909164 0.9572337 0.0119763 -0.289068 0.8776009 -0.08194386 -0.4723367 0.6787163 -0.002814531 0.7343952 0.7082447 0.01668035 0.70577 -0.4645804 0.04787307 0.8842359 -0.2798617 -0.03228777 0.9594972 -0.9538028 -0.04307281 0.2973296 -0.5560632 0.05579227 -0.8292654 -0.6475708 0.005244851 -0.7619873 0.6621335 0.07892841 -0.7452179 0.3172898 -0.04896777 -0.9470635 0.9251497 0.06087684 0.3746894 0.9929448 -0.08282661 -0.08485448 0.145611 -0.01225781 0.989266 0.2616961 -0.06895709 0.9626837 -0.8899457 0.04773432 0.4535616 -0.9955924 0.07669818 -0.05397474 -0.7805235 -0.08621448 -0.6191527 0.2469542 -0.04351651 -0.9680495 -0.1388217 0.08098334 -0.9870007 0.8642911 0.07141822 0.4978959 0.9484306 -0.0471028 -0.3134655 0.8328485 0.03010278 -0.5526818 0.5632739 -0.1115384 0.8187074 -0.8135544 -0.1029124 0.5723096 -0.3639366 0.09360551 0.9267082 0.9999906 0.00434643 0 0.999965 -0.007013082 -0.004578888 0.9999361 -0.009544372 0.006063342 9.62692e-4 -0.9999996 -1.21225e-4 3.58147e-4 -0.9999999 -2.12753e-4 -0.002478837 -0.9999968 4.13607e-4 -3.40792e-6 -1 0 -1.19915e-4 -1 -6.54773e-5 7.10759e-4 -0.9999997 1.3219e-4 1.8482e-6 -1 8.63304e-7 0 -1 1.60613e-4 2.8917e-5 -1 -2.35813e-4 0.00136137 -0.9999991 -4.05317e-5 3.80186e-5 -1 -3.00794e-6 -0.001107633 -0.9999971 0.002114355 -1.48245e-4 -0.9999995 -9.48636e-4 0.001061856 -0.999999 -8.64656e-4 -8.15863e-5 -0.9999997 -7.08282e-4 0 -0.9999999 4.50209e-4 4.27507e-5 -1 2.71032e-4 8.87829e-6 -1 -1.51235e-5 9.12728e-6 -1 -1.513e-5 9.94288e-4 -0.9999995 1.89799e-4 -5.9585e-4 -0.9999998 -2.75946e-5 -2.85699e-4 -1 -2.27632e-4 -9.35357e-6 -1 -8.32434e-5 -4.79918e-5 -1 2.24487e-5 -7.94985e-4 -0.9999995 -6.33409e-4 -1.78774e-4 -1 1.72925e-4 1.71634e-4 -0.9999997 8.14504e-4 -9.34357e-4 -0.9999995 0 -1.11622e-5 -0.9999999 -3.99602e-4 -0.999566 -0.02686214 -0.01209706 -0.9999966 0.002620697 0 -0.9999988 0.001473784 4.68076e-4 -0.01442223 -0.03830522 0.999162 0.01195359 -0.06806111 0.9976095 0 -0.0135312 0.9999085 0.0190851 -0.07954937 0.9966482 1.44098e-4 -0.04515457 -0.99898 0 -0.01658314 -0.9998624 -0.008213043 -0.05494505 -0.9984556 -0.01019132 -0.06282937 -0.9979723 0.1100054 -0.9318003 0.3459005 0.04443436 -0.9622827 -0.2683982 -0.1168811 -0.9737515 0.1953122 -0.1691618 -0.9590898 -0.2270046 -0.2638436 -0.9434562 0.2006914 -0.3657804 -0.8977314 -0.245526 0.9310023 -0.3086003 -0.1949379 0.9051889 -0.3478057 0.2442624 0.808015 -0.4944198 -0.3204073 0.8100724 -0.552075 0.1974736 0.7004607 -0.7080534 0.08952838 0.6807074 -0.71684 -0.1509233 0.5468068 -0.8237843 -0.1496054 0.5170335 -0.8379683 0.1746013 0.3906292 -0.9102643 -0.1372137 0.331772 -0.9139634 0.2336629 0.2392425 -0.9410859 -0.2389986 0.6974878 0.6899186 0.193709 0.7306381 0.6676656 -0.142796 0.8391391 0.5428261 -0.03443241 0.8379362 0.5170337 0.1747538 0.9116423 0.3739382 -0.1705245 0.9200872 0.3320823 0.2077521 0.9627831 0.1651027 -0.2139855 0.9449016 0.1111143 0.3079196 0.9337534 -0.07105809 -0.3507926 0.9567927 -0.1309399 0.25962 -0.3886258 0.8990597 0.2016478 -0.3886576 0.9030289 0.1829863 -0.2348932 0.9240509 -0.3015874 -0.1290237 0.9224085 0.3640269 -0.0578289 0.981745 -0.1811976 0.07942014 0.9841622 0.1584838 0.1077981 0.9863189 -0.1247181 0.3138801 0.9484606 -0.04360973 0.326779 0.9046866 0.2734183 0.480566 0.846129 -0.2304819 0.5450501 0.8026044 0.2423768 0.6031267 0.7823552 -0.1554298 -0.938973 -0.1280388 -0.319274 -0.9404752 -0.1932338 0.2795838 -0.8952968 -0.3419255 -0.2855356 -0.8676625 -0.4009826 0.293896 -0.8015152 -0.5464349 -0.2428627 -0.7841692 -0.5961377 0.1723328 -0.6885536 -0.6978814 -0.1971181 -0.6292145 -0.717004 0.2999906 -0.5109536 -0.8183601 -0.2630838 -0.4387442 -0.8502774 0.2907435 -0.5581747 0.8096541 -0.1813867 -0.5915662 0.7851266 0.1833734 -0.6966769 0.6922626 -0.1881856 -0.7288049 0.6659841 0.1590867 -0.8415634 0.5400378 0.01142227 -0.839559 0.5159556 -0.1700897 -0.9100582 0.3740279 0.1785976 -0.9213365 0.3361082 -0.1953724 -0.9635708 0.1854282 0.1927375 -0.9437753 0.1112209 -0.3113167 -0.966023 0.02118778 0.257586 1.10571e-4 -3.0408e-5 1 1.43783e-4 -2.67217e-4 1 1.22341e-5 -1.29861e-4 1 -4.77483e-4 -8.65694e-5 0.9999999 1.58992e-4 -2.343e-4 1 -5.94095e-5 6.86063e-4 0.9999998 2.79542e-4 9.98813e-5 1 -7.409e-5 4.86321e-5 1 -1.71482e-5 1.88722e-5 1 0.001297414 -8.2403e-4 0.9999988 -0.001927852 -0.002687811 0.9999945 -2.2654e-7 -2.31973e-6 1 6.23748e-5 -3.25876e-5 1 -3.2629e-5 -2.79063e-5 1 -3.96975e-5 -1.49253e-5 1 -5.9732e-4 -5.07601e-4 0.9999997 1.77891e-4 -2.94812e-4 1 -3.42515e-4 1.6876e-4 0.9999999 3.45248e-4 3.47516e-5 1 -4.23295e-4 -0.001440107 0.9999989 2.55534e-5 -5.59268e-5 1 -5.73895e-5 8.83328e-5 1 -2.30099e-6 -2.79446e-5 1 -6.16883e-5 9.02926e-5 1 -2.4783e-4 0.003291487 0.9999946 -5.69993e-4 -8.1494e-4 0.9999995 -3.49122e-4 1.63548e-4 1 0.001051425 8.32757e-5 0.9999995 1.20213e-4 5.44096e-4 0.9999999 9.86913e-5 1.58666e-5 1 -5.9842e-4 5.0353e-4 0.9999997 -8.20246e-4 3.10579e-4 0.9999996 4.99035e-4 8.52342e-4 0.9999995 3.50578e-4 -4.26516e-4 0.9999998 -5.74579e-4 -0.001424312 0.9999988 6.11351e-5 4.03541e-5 1 1.76291e-5 -3.35731e-4 0.9999999 7.35008e-4 4.69851e-4 0.9999997 -9.28071e-5 5.74453e-4 0.9999998 4.01193e-4 -9.22272e-5 0.9999999 -7.02487e-5 -4.50319e-4 1 -0.001327097 0.001712441 0.9999976 0.001567721 1.71771e-4 0.9999988 -7.7219e-5 -6.52192e-4 0.9999998 1.46152e-4 -0.002197027 0.9999976 -0.002482593 -0.00182408 0.9999952 0.005440831 0.003656923 0.9999785 -0.01561939 -0.009541034 0.9998325 0.05139744 -0.07351249 0.9959691 -0.03801715 -0.02527529 0.9989573 -0.0184943 0.006496787 0.9998079 -0.002140939 0.0139358 0.9999006 8.13454e-4 -7.37129e-4 0.9999994 7.59287e-4 -7.42775e-4 0.9999995 -1.3625e-4 1.06968e-4 1 0.01103532 0.01499819 0.9998266 -1.88536e-4 0.01045072 0.9999454 -1.05074e-4 -8.69049e-5 1 -2.78699e-4 -4.36334e-5 1 -2.7037e-4 -3.73142e-5 1 -0.01076251 0.004209816 0.9999332 -1.39514e-4 1.1223e-4 1 -9.31609e-5 2.70529e-4 1 1.50829e-4 1.3849e-4 1 -2.0819e-5 -1.34208e-4 1 0.01929813 -0.008443653 0.9997782 -0.03100878 -0.001855313 0.9995173 8.24217e-4 -0.03122496 0.999512 0.02124851 -2.19061e-5 0.9997742 -1.69786e-5 1.36026e-5 1 -1.44383e-5 1.39147e-4 1 0.02090835 -0.02692794 0.9994187 0.03266412 -1.0655e-4 0.9994664 1.46349e-4 9.11455e-6 1 1.42496e-4 -1.35823e-4 1 9.11646e-5 -1.30172e-4 1 1.12928e-4 6.71836e-4 0.9999998 -0.04515075 0.01073062 0.9989225 -0.02284079 -0.002227723 0.9997367 0.002864122 0.01613014 0.9998658 0.005943477 0.02107501 0.9997602 0.010432 0.02034521 0.9997386 0.00890541 0.01508152 0.9998467 0.01783442 0.01976853 0.9996455 0.01399672 0.01079744 0.9998438 0.01339662 0.0105164 0.9998549 0.02410161 0.008791208 0.9996708 0.002264738 -0.01807665 0.999834 0.003520905 -0.007971942 0.999962 0.003556311 -0.008103668 0.9999608 0.01069056 -0.01371926 0.9998487 0.01210039 -0.01719218 0.9997789 0.02431303 -0.02277177 0.999445 0.03371715 -0.01074659 0.9993737 -0.03655886 0.02515166 0.9990149 -0.01559334 0.01811242 0.9997143 -0.01260966 0.01234638 0.9998443 -0.006420552 0.009287297 0.9999362 -0.008467376 0.01465487 0.9998568 -0.009809494 0.02700418 0.9995872 -0.002477347 0.02212655 0.9997522 -0.001450002 0.01862412 0.9998255 0.00210464 0.02106493 0.9997759 -0.005193889 0.002926111 0.9999822 -0.03902971 -0.008455693 0.9992023 -0.04840791 0.006439685 0.998807 -0.02612996 0.009795129 0.9996106 -0.04306989 0.01196885 0.9990004 -8.20836e-4 -0.00863099 0.9999625 -0.01437395 -0.03226077 0.9993761 -0.007006883 -0.01936358 0.9997879 -0.0102182 -0.01575207 0.9998238 -0.008308172 -0.01106929 0.9999043 -0.01511967 -0.01561594 0.9997637 -0.02222204 -0.012937 0.9996694 -0.02414065 -0.01279598 -0.9996266 -0.09777265 0.003937304 -0.9952009 -0.01436847 -0.002114772 -0.9998946 -0.03068053 0.00348699 -0.9995232 -0.01402771 0.01181197 -0.9998319 -0.007321 0.02953088 -0.9995371 -0.00738573 0.01732289 -0.9998226 -0.006765902 0.01671713 -0.9998373 -0.007978498 0.008831858 -0.9999292 2.97531e-4 -0.001052081 -0.9999994 -0.005956649 -0.01431858 -0.9998797 -0.005300879 -0.01037549 -0.9999321 -0.01096075 -0.01645398 -0.9998045 0.00183469 0.001097857 -0.9999977 -0.002311646 -0.002355873 -0.9999946 -0.003904938 -0.001603662 -0.9999911 0.01268255 -0.005915105 -0.9999021 0.01076668 -0.02633386 -0.9995952 0.005629599 -0.02283108 -0.9997235 0.01859366 -0.0473774 -0.998704 0.001795887 -0.041633 -0.9991313 -0.005019724 -0.01838082 -0.9998185 -0.004290103 -0.01928752 -0.9998048 -0.001719832 -0.01180475 -0.9999288 0.009476125 0.006639957 -0.999933 0.007703721 0.006405472 -0.9999498 -0.01984423 -0.0103572 -0.9997494 -0.01371818 -0.04124122 -0.999055 -0.001143753 0.07052838 -0.9975091 0.003920674 0.02965646 -0.9995525 -0.002492666 0.03949034 -0.9992169 -0.01089096 0.002562642 -0.9999374 0.01502287 -0.008490145 -0.9998511 0.02030068 -0.007009685 -0.9997693 0.001511693 0.003609359 -0.9999923 0.04121178 0.002566337 -0.9991471 0.03411251 0.01405793 -0.9993191 0.01269131 0.01087117 -0.9998604 -0.6842449 -0.7287584 0.02683651 -0.6374757 -0.7670431 0.07259207 0.02924734 -0.9963065 -0.08073371 0.2145392 -0.9751108 0.05596297 0.8211907 -0.570441 -0.01558673 0.803111 -0.5957108 0.01188713 0.4494137 0.8873482 -0.1031529 0.5732565 0.8193033 0.01091033 0.9679047 0.2467752 0.04756569 0.9918226 0.1149961 -0.0553531 -0.3144862 0.9427884 0.1106728 -0.5801723 0.8032147 -0.1350786 -0.980708 0.1420285 0.1343128 -0.9897051 -0.1236289 -0.07210981 -0.5588833 0.829242 0.002694249 -0.7002738 0.709203 0.0815339 -0.5346778 0.8450407 0.005104959 0.6408315 0.7675988 0.01127254 0.4436118 0.8962048 -0.00505954 0.4592173 0.888081 -0.02077603 0.6737196 0.7349274 0.07735395 0.7018669 0.7122275 0.01071339 0.7129467 0.7011885 0.006470918 0.9532509 -0.3021769 -0.001374542 0.9857485 -0.168016 0.008395552 0.9216259 -0.3869917 0.02903842 0.898369 -0.4391931 0.006524026 0.003099977 -0.999982 -0.005147039 0.1428142 -0.9893442 0.0283212 -0.04995357 -0.9986804 0.01192551 -0.1333477 -0.9910694 1.30299e-4 -0.957474 -0.2885132 -0.001919567 -0.9837089 -0.1778638 0.02610206 -0.9909437 -0.1341884 0.0049057 -0.283163 -0.9589303 -0.01648217 -0.4132203 -0.9086727 0.0596913 -0.55268 -0.8293297 -0.08220219 -0.7727878 -0.6314477 0.06381875 -0.8283735 -0.5598445 -0.01927739 -0.8519748 -0.5235091 -0.008783996 -0.3894141 -0.9208751 0.0185908 -0.485668 -0.873729 -0.02691292 -0.7698969 -0.6381478 0.005119323 -0.7950821 -0.606051 0.0233795 -0.9025472 -0.4305904 6.71652e-4 -0.1770877 -0.9841949 -4.9083e-4 -0.2734985 -0.9617813 -0.01324015 0.7419798 -0.6703045 -0.01256436 0.7033817 -0.710812 -6.4261e-4 0.4501146 -0.8929666 0.00271964 0.4000235 -0.9164668 -0.008342862 0.1574529 -0.9875224 0.002834379 0.8377703 0.5456745 -0.01950055 0.9681466 0.249525 0.02072358 0.9963852 0.08315598 -0.01736372 0.9861922 -0.1655912 0.002133548 -0.4934034 0.8697997 0.001195907 -0.3118399 0.9501323 -0.002112746 -0.2437708 0.969795 0.0085693 0.01863598 0.9997405 -0.01309895 0.170362 0.9852804 0.01411759 0.4654791 0.8850133 -0.00898528 -0.9977215 0.06449812 -0.01979303 -0.92961 0.3676038 0.02632105 -0.8221066 0.569068 -0.01738756 -0.7058962 0.7083078 0.003250002 -0.3078727 -0.950656 0.03831011 -0.3166847 -0.9461063 0.06777697 -0.294 -0.9315131 0.2141197 -0.2984151 -0.885747 0.3555288 -0.2527009 -0.7966225 0.5491219 0.2648441 0.822417 0.503476 0.3178066 0.94812 -0.00821501 0.2970344 0.9368065 -0.1848356 0.3021346 0.9328534 -0.1962123 0.8101195 -0.5830953 0.06087958 0.8058986 -0.591287 0.0301184 0.7915674 -0.5828086 0.1837258 0.7822806 -0.552401 0.2879062 0.7025045 -0.5155211 0.4906378 -0.7474055 0.5423884 0.3836659 -0.6277346 0.466705 0.6230055 -0.7967388 0.5765667 -0.1810474 -0.791361 0.5806069 -0.1914246 0.8033875 0.5919281 0.064727 0.8109475 0.5841156 0.03425073 0.7859 0.5590334 0.2642781 0.7441455 0.5570263 0.3687399 -0.1619189 -0.1175476 0.979778 -0.81137 -0.5840408 -0.02398163 -0.7896215 -0.5906746 -0.1661366 -0.7949413 -0.5725792 -0.2005532 -0.3106877 0.9488074 0.05690002 -0.304032 0.9496695 0.07544791 -0.3038504 0.9246322 0.2296307 -0.2931982 0.9177212 0.2679975 -0.001772046 -0.09767383 0.9952169 -0.1672365 0.4942862 0.853061 0.3076176 -0.9342929 -0.1801896 0.3059476 -0.9343546 -0.1826955 -0.7839702 -0.5553984 -0.2773509 -0.9257175 -0.3364366 -0.1727929 -0.9942783 -0.09596526 0.04691803 -0.9943939 -0.07095623 -0.07839626 -0.9989844 -0.00806111 0.0443297 -0.9134307 -0.4050287 0.03995144 0.8384875 -0.5430925 -0.04460114 -0.833503 -0.5411158 -0.1116531 -0.7764624 -0.6209781 -0.1072025 -0.9740377 0.1377694 -0.1796392 0.8242731 0.5389652 -0.1734656 -0.9627383 -0.2550106 -0.09002548 0.8318202 0.5349962 -0.1478312 -0.1502172 0.9810721 -0.1221975 -0.9556232 -0.2931511 -0.02910006 0.8813599 -0.4547707 -0.1280168 0.8730925 -0.462027 -0.1556934 0.7795695 0.6229845 -0.06451201 0.005117356 -0.9758602 -0.2183361 -0.917806 -0.2617343 -0.2985418 0.7259038 0.6665645 -0.1695751 -0.9752757 0.1430296 -0.1684632 0.0411216 -0.9923872 -0.1160889 -0.2937214 0.9521061 -0.08498066 -0.8019596 -0.5120997 -0.3075951 -0.3105752 0.941478 -0.1310043 -0.8634355 -0.4129819 -0.2896983 0.937619 -0.3280658 -0.1150801 -0.7163983 -0.6256812 -0.3087013 -0.9319068 -0.1267441 -0.3398319 -0.9541599 -0.1026602 -0.2811403 0.7033413 0.7068282 -0.07552963 -0.953798 0.06151503 -0.2940835 0.9353559 -0.2636703 -0.2357697 -0.7505209 -0.5237636 -0.4029766 -0.3857054 0.9182424 -0.08979004 -0.921393 -0.2603041 -0.2885773 0.2167973 -0.938663 -0.2681615 0.1584144 -0.9849317 -0.06938493 0.9768035 -0.2047409 -0.06273835 0.473914 0.703207 -0.5300052 0.6005214 0.7921012 -0.1093153 0.5690399 0.7311506 -0.3763139 0.5990131 0.7923805 -0.1153966 -0.4698026 0.864242 -0.1799201 -0.8557993 -0.3979075 -0.3305711 -0.811106 -0.2106508 -0.5456495 0.2945913 -0.9488882 -0.1132569 -0.5024002 0.8555889 -0.1247462 0.2142128 -0.9372597 -0.2750584 -0.4527277 0.8004504 -0.3928318 0.3110314 -0.830737 -0.4616661 0.9319258 -0.2038094 -0.29996 0.308472 -0.9471644 -0.08788973 -0.4624128 0.7430716 -0.4837551 0.8792655 -0.1543725 -0.4506233 0.5333024 0.803182 -0.2654944 -0.6285385 -0.6164196 -0.474306 -0.6760001 -0.7339403 -0.06599563 0.2221501 -0.7829595 -0.581054 0.9965825 -0.04860019 -0.06679397 0.9014936 -0.06006801 -0.4286039 -0.817021 -0.08128756 -0.5708494 -0.6290858 -0.7537766 -0.189926 0.3103511 -0.8303101 -0.4628901 0.3879892 0.8196852 -0.421403 -0.5710021 -0.7528483 -0.3273776 0.7900736 0.006500482 -0.6129775 -0.5737853 0.6961094 -0.4315114 -0.5976137 0.7763714 -0.2002632 0.4428954 0.892759 -0.08261334 0.4388627 0.8934393 -0.09573769 0.4112201 -0.8813163 -0.232765 0.9647578 0.001701354 -0.263134 -0.4766415 0.5825099 -0.6584034 0.320865 -0.7161595 -0.6198076 0.3596329 0.6606289 -0.6589642 0.3720039 0.8455267 -0.3830113 0.4289553 -0.7354322 -0.5245348 0.4745939 -0.8695354 -0.1366337 0.9412714 -0.01219874 -0.3374305 -0.6335057 0.6959501 -0.3381185 0.1989417 -0.7567458 -0.6227023 0.7850142 0.004312813 -0.6194628 -0.6362738 0.7646175 -0.1025463 -0.6513545 -0.07199913 -0.7553499 0.4755491 0.701638 -0.5306196 0.2959793 0.7209033 -0.6266535 -0.4513661 -0.709191 -0.5415874 -0.6426529 -0.7303515 -0.2314823 0.2377529 0.665794 -0.7072424 0.8351703 -0.1572697 -0.5270264 0.9945453 0.07925486 -0.06781119 0.4183912 -0.7930549 -0.4427331 0.8921279 0.1339899 -0.4314563 0.957665 0.2394871 -0.1597613 -0.7350866 0.657531 -0.1652297 -0.486249 -0.8541966 -0.1841466 -0.4955106 -0.8539753 -0.1587307 0.2184557 -0.5867658 -0.7797327 0.3572731 -0.6476667 -0.6729664 0.2248216 0.8621454 -0.4540491 -0.6373441 0.5513796 -0.5383058 -0.4951087 -0.7226361 -0.4823532 0.727853 0.1474948 -0.669683 0.2725207 0.9621465 0.002564489 0.2053461 -0.6702513 -0.7131592 0.5850287 -0.7910637 -0.1787729 -0.6413801 -0.150162 -0.7523847 -0.3998475 -0.8605354 -0.3155958 0.8794856 0.1173758 -0.4612246 0.2088292 0.696502 -0.686495 0.2720744 0.8960868 -0.3507192 -0.6994395 0.5661414 -0.4361976 -0.4129632 -0.7414988 -0.528811 0.5401548 -0.6946572 -0.4750621 -0.3375982 -0.6160843 -0.7116655 0.436171 -0.5480746 -0.7137011 -0.7587853 0.6451799 -0.08937478 -0.6176701 -0.2498589 -0.7456905 -0.3380984 0.5899183 -0.7332707 -0.6362552 0.5480999 -0.5429234 -0.2986288 -0.5960274 -0.7453671 0.4812113 -0.6598123 -0.5771338 0.5559243 -0.7776733 -0.2935517 0.9605437 0.2344563 -0.1496201 -0.4429365 0.4898084 -0.7509294 0.5970778 -0.7535524 -0.2750582 -0.4423937 0.4249325 -0.7897596 -0.7406106 -0.1220605 -0.660755 -0.6410895 -0.2462361 -0.726892 0.641795 -0.09599578 -0.7608443 0.3459675 -0.5622868 -0.7510926 0.2134227 0.6886754 -0.6929479 0.4082615 -0.5240663 -0.7474471 0.7795777 0.22997 -0.5825567 0.9523606 0.2185713 -0.2126874 0.208941 0.9569992 -0.2012366 0.9547216 0.2960656 -0.02918463 0.1506291 0.9870206 -0.05568999 0.5318377 0.03548347 -0.8461027 0.382418 0.626072 -0.6795516 -0.3338832 0.5109822 -0.7920979 -0.4727267 0.5008531 -0.7250349 0.5748574 -0.7549915 -0.3154789 0.06814318 0.7315831 -0.6783382 0.1048775 0.9234019 -0.3692284 -0.2829809 -0.8175979 -0.5014534 -0.3566713 -0.9309056 -0.0787428 0.2085301 -0.675388 -0.7073658 0.8779456 0.2732815 -0.3931013 -0.5717183 0.378993 -0.7276692 -0.3345254 -0.8551801 -0.3959293 0.5684068 -0.5383267 -0.6221882 0.5421342 0.09489023 -0.834917 0.5728921 0.08679538 -0.8150221 -0.5633367 0.3636898 -0.741877 -0.8490989 0.4916789 -0.193088 -0.4239475 -0.8745151 0.2355673 0.2502733 0.7419089 -0.6220406 0.08552426 0.6840822 -0.7243737 0.1439325 0.8623138 -0.4854879 -0.1912102 -0.6239525 -0.7577083 -0.2855706 -0.7576673 -0.5868472 0.793499 0.3165914 -0.5197395 0.6412156 -0.09607744 -0.7613223 -0.7518932 0.47601 -0.4561481 -0.3315547 -0.8653759 -0.3757606 -0.5609996 -0.05889123 -0.8257187 -0.8491604 0.4919074 -0.1922337 0.6047039 -0.6041325 -0.5189963 0.5671027 0.208341 -0.7968617 0.6227259 0.2024857 -0.7557857 0.9079078 0.3958675 -0.1378132 -0.8522902 0.4899968 -0.1830425 0.2275025 -0.4263815 -0.8754664 0.4306077 -0.3694555 -0.8234558 0.75588 -0.6377875 -0.1478936 0.8794716 0.2886376 -0.3784416 0.6214875 -0.5500509 -0.5578505 0.01971387 0.8795133 -0.4754659 -0.7382423 0.3763988 -0.5597519 0.002762854 0.6302046 -0.7764242 -0.437742 -0.09770965 -0.8937756 -0.4898762 -0.1980466 -0.8489987 -0.3195191 0.2167032 -0.9224681 -0.3272284 -0.1904093 -0.9255625 -0.614905 0.30794 -0.7259923 0.7599951 -0.6231212 -0.1847364 -0.1768711 -0.9224134 -0.3433223 0.3073562 -0.3531532 -0.8836374 0.4720429 -0.3884135 -0.7913978 0.8992837 0.4325599 -0.06465935 -0.04357564 0.8364976 -0.5462353 -0.003257989 0.9863556 -0.1645967 -0.122361 -0.7067071 -0.6968449 -0.1956433 -0.9676204 -0.1594816 0.3131 -0.230661 -0.9212838 0.372278 -0.01626819 -0.9279788 0.5946387 0.347177 -0.725171 0.2060799 0.3542215 -0.9121723 0.1296652 0.382573 -0.9147813 -0.810655 0.3557371 -0.4650694 0.02172374 0.9734292 -0.2279554 -0.4275074 -0.160148 -0.8897135 -0.1982913 -0.8514413 -0.4855185 0.5761417 -0.416428 -0.7033125 0.7408406 -0.5515837 -0.3832892 0.4081586 0.2126747 -0.8877928 0.7871472 0.3937566 -0.4747158 -0.5729553 0.2364398 -0.784741 -0.2084224 -0.9523189 -0.2228201 0.2756364 -0.3286539 -0.9033334 0.03861963 0.4487786 -0.8928081 -0.3779896 0.3159688 -0.8702227 -0.4487042 0.203005 -0.870318 0.5743738 0.313414 -0.7562184 -0.0692932 0.6761433 -0.7335044 -0.8526893 0.4884877 -0.185204 0.1297839 -0.3692163 -0.9202366 -0.2555245 -0.03871572 -0.9660271 0.3172152 0.3287999 -0.8895309 -0.2205634 0.2484356 -0.9432028 0.7512764 -0.4978175 -0.4333144 0.0428828 0.4148204 -0.9088922 -0.06919711 -0.476624 -0.8763797 0.7765203 0.5186432 -0.3578064 -0.0532037 0.7121906 -0.6999672 -0.1294596 0.8585497 -0.4961175 -0.09411501 -0.7653301 -0.6367198 0.1929059 -0.3137686 -0.929697 0.346557 0.03445023 -0.9373961 0.2050602 0.3533837 -0.9127268 0.1449995 0.4001461 -0.9049078 -0.01885062 0.3429492 -0.9391648 0.5714192 0.3411762 -0.7463772 -0.2823594 -0.2129527 -0.9353739 -0.03607141 -0.9911001 -0.1281381 0.8061892 -0.4371082 -0.3987422 -0.1728252 0.9609805 -0.2159812 -0.9187858 0.2773416 -0.2809169 -0.9285537 0.3186341 -0.1904213 0.8079193 0.5146147 -0.2871204 -0.1197668 0.9220872 -0.3679827 -0.09446132 -0.9288623 -0.3581785 0.4862433 0.3559124 -0.7980563 0.2795254 0.09825789 -0.9550973 -0.1858971 0.7348657 -0.6522382 -0.7778073 0.2615838 -0.5714803 -0.03452008 -0.862171 -0.50544 -0.08609229 0.4060021 -0.9098079 0.6764904 -0.3686104 -0.6375634 0.6698758 0.4945533 -0.5537901 -0.6390869 0.1679912 -0.7505643 -0.06931972 -0.7296396 -0.6803095 0.7046532 -0.4061651 -0.5818023 -0.2202773 0.3657128 -0.9042854 -0.29604 0.08687347 -0.9512167 0.4442981 -0.2076097 -0.8714914 0.09183841 -0.3088956 -0.9466516 0.5290002 -0.2878227 -0.7983214 0.804869 -0.4047334 -0.4340239 0.5170302 0.4209402 -0.7453114 0.7110608 0.5724492 -0.4082824 -0.4458581 0.2020976 -0.8719903 -0.6051471 0.1297293 -0.7854727 -0.8626338 0.1718019 -0.4757595 -0.3996977 8.24365e-4 -0.9166467 0.01819032 -0.572273 -0.8198615 0.04065495 -0.7457655 -0.6649669 0.04703897 -0.9350076 -0.3514943 0.3177215 0.1346927 -0.9385685 -0.1529599 0.1387981 -0.9784367 -0.8638859 0.1735787 -0.4728335 0.2724637 0.2206895 -0.9365146 0.02274149 -0.1991844 -0.9796981 0.1600328 0.1227198 -0.9794536 -0.06857347 0.4611999 -0.8846425 -0.300578 0.02071362 -0.9535322 0.8531955 -0.3496081 -0.387081 0.004181385 -0.3974993 -0.917593 0.109429 -0.8933187 -0.4358978 0.7160549 -0.2578388 -0.6486791 -0.2242984 0.8468263 -0.4822607 -0.301526 0.9049081 -0.3003721 -0.1573296 -0.06160265 -0.9856229 -0.1898459 -0.1525591 -0.9698888 0.04956817 -0.7565917 -0.652006 0.1939225 -0.0966202 -0.9762472 0.05531996 -0.4509866 -0.8908147 0.6892523 -0.258745 -0.676744 -0.2375066 0.6774866 -0.696134 0.108546 -0.09610396 -0.989435 0.1357071 -0.01630187 -0.9906148 0.2781599 -0.1833328 -0.9428766 0.1270457 0.2163513 -0.9680142 -0.1768276 0.2644723 -0.9480435 -0.3747942 0.7993402 -0.4696643 -0.3706145 -0.08404219 -0.9249767 0.08056622 -0.08645188 -0.992993 0.1223179 0.03659623 -0.9918161 0.3873874 0.4475657 -0.8059876 0.6504378 0.6707927 -0.3563256 -0.1941035 0.4292007 -0.8821058 0.06367385 -0.146323 -0.9871855 0.8374738 -0.2975953 -0.4583392 0.5201439 0.574771 -0.6317347 -0.5389424 0.07421582 -0.8390668 0.1245381 -0.6664807 -0.7350468 0.4803704 -0.1432702 -0.8652849 0.3240198 0.3327282 -0.8856089 0.6511088 0.6592334 -0.3761233 0.03877836 0.0820778 -0.9958712 0.02373808 0.07454484 -0.9969351 -0.150787 0.6393659 -0.7539725 -0.7309299 0.02013289 -0.6821555 -0.8843628 0.02007365 -0.4663683 -0.225544 0.6661919 -0.7108575 0.09436357 -0.8823596 -0.4610174 0.2387545 -0.05401277 -0.9695767 0.4566385 0.4938607 -0.7399884 -0.08496248 0.02193719 -0.9961426 0.1788031 0.1546663 -0.9716521 0.07531929 0.08128482 -0.9938409 -0.08089786 0.2379216 -0.9679095 -0.3754498 0.7984221 -0.4707013 -0.6121012 -0.09728115 -0.7847729 -0.8685539 0.0317983 -0.4945734 -0.2554131 0.5670315 -0.7830961 -0.02292245 -0.0167737 -0.9995965 -0.1264171 0.1962571 -0.9723692 0.4800961 -0.1432872 -0.8654343 -0.03505748 0.01598417 -0.9992575 0.2165754 -0.05210006 -0.9748747 -0.1217299 -0.1785658 -0.9763689 -0.5992707 -0.3896818 -0.6993016 -0.5480409 -0.3091413 -0.7772276 -0.7931387 -0.2152763 -0.5697255 -0.8487075 -0.106278 -0.518074 -0.4484794 -0.371246 -0.8130453 -0.1436944 -0.264267 -0.9536849 -0.120468 -0.2110413 -0.9700253 -0.259221 -0.3032318 -0.9169815 -0.8236067 -0.3063126 -0.4773308 -0.4037334 -0.5288575 -0.7465314 -0.4985256 -0.3670679 -0.7853237 -0.7189818 -0.3692745 -0.5888137 -0.5394072 -0.5546618 -0.6335536 -0.7247375 -0.3776936 -0.5762839 -0.2101153 -0.3870748 -0.8977887 -0.3684597 -0.3379982 -0.8660224 -0.2118902 -0.3889291 -0.8965694 -0.04793536 -0.1653197 -0.9850744 -0.6525841 -0.4197947 -0.6307983 -0.04350936 -0.2871052 -0.9569104 -0.6463622 -0.5529046 -0.5258447 -0.1400307 -0.3857073 -0.9119327 -0.1202365 -0.5557314 -0.8226212 -0.4157063 -0.5382207 -0.7331486 -0.7068632 -0.5731662 -0.4145177 -0.5163803 -0.5525017 -0.6542884 0.01731753 -0.3729291 -0.9276981 -0.2221536 0.9189946 0.3257251 -0.121106 0.9756999 -0.1826006 -0.02441298 0.907714 0.4188786 0.04020798 0.9928906 -0.1120339 0.2050952 0.9773933 0.05136388 0.2351969 0.8925782 0.3846901 0.3228117 0.9464511 0.004791975 0.2783612 -0.9305514 -0.2378847 0.1045414 -0.99226 0.06701654 0.07329225 -0.9555445 0.2855921 -0.04333388 -0.9974782 -0.05620741 -0.103283 -0.9566844 0.2721905 -0.1657392 -0.9856499 -0.03201323 -0.2882237 -0.9299148 0.2284414 -0.3375728 -0.941283 -0.005551934 -0.9998706 -0.004300296 -0.01549816 -0.9864107 -0.1640822 0.008427143 -0.9792276 -0.2021698 -0.01551574 -0.93524 -0.3529287 0.02770036 -0.8928432 -0.4494625 -0.02853918 -0.8081122 -0.5883027 0.0292353 -0.8421093 -0.5318846 0.08916658 -0.5798772 -0.8052832 -0.1235375 -0.6842953 -0.7291637 -0.007759511 -0.5162413 -0.8563725 0.01100558 -0.5201233 -0.8539612 0.01489913 -0.3481466 -0.9373671 -0.01170158 0.3411172 -0.9398828 0.01610875 0.383759 -0.9228037 0.03409206 0.4548135 -0.8904936 -0.01287704 0.6240059 -0.7814168 0.002109646 0.6295483 -0.7768948 0.0101757 0.8535221 -0.5190643 0.04552233 0.8152893 -0.5785627 0.02384412 0.8474708 -0.5306318 -0.01493054 0.9258456 -0.3777178 0.01179176 0.9223158 -0.3860617 0.01702582 0.9813249 -0.192216 0.007377445 0.9845258 -0.1750551 -0.008037805 0.999839 0.01721972 -0.005043923 0.9980907 0.05538219 -0.02734661 0.9872388 0.1584928 0.01548296 0.9351868 0.3535606 -0.0205059 0.9367313 0.3496766 -0.01614767 0.8227843 0.5682386 0.01143723 0.8154602 0.5788113 0.001423776 0.7004935 0.7136288 0.006548523 0.6867072 0.7267503 0.01634275 0.5714641 0.8202229 -0.02575254 0.4850834 0.8740029 0.02851319 0.3809415 0.924335 -0.02209669 -0.3420627 0.9396283 0.009590029 -0.3437789 0.9389901 0.01065957 -0.515786 0.8567093 -0.00375545 -0.5235767 0.8519123 -0.01061785 -0.6671282 0.7447903 0.01507961 -0.7196841 0.6935397 -0.03252065 -0.8202466 0.5711073 0.03212213 -0.8922201 0.4503952 -0.03297692 -0.9355185 0.3517999 0.03228169 -0.9770221 0.2103874 -0.03413254 -0.997089 0.07117682 0.02734041 -0.9970409 -0.005827903 0.07665151 -0.9986754 0.004775285 0.05123054 -0.9430464 0.006123721 0.3326048 -0.9188987 -0.005881726 0.3944498 0.9003781 0.004673063 0.4350832 0.9995334 -0.01030939 -0.02875554 0.9829388 0.004928588 -0.1838672 0.9792867 -0.004680275 -0.2024243 0.001478672 -0.03881549 0.9992453 0.1069066 0.01133739 0.9942044 0.06532484 0.04190051 0.9969839 0.08443742 0.01309299 0.9963428 -0.06947797 -0.0355156 0.9969511 -0.2623735 0.4572227 0.8497691 -0.06298154 -0.01853352 0.9978426 0.2456575 0.1968597 0.9491568 -0.1995016 0.01033419 0.979843 -0.3167148 -0.3904466 0.8644323 0.1577014 0.2653123 0.951178 0.07955086 -0.02734047 0.9964559 0.184772 -0.4281816 0.8846015 -0.2309174 0.1610268 0.9595559 0.05739498 -0.1614603 0.9852089 0.2789624 -0.04549628 0.9592237 0.05755209 0.2770831 0.9591209 0.9875531 0.1068196 0.1154487 0.07289755 -0.1409674 0.9873268 0.1553301 -0.04763293 0.9867136 0.02581816 -0.1452045 0.9890647 0.1084703 -0.1018335 0.9888701 -0.01576358 -0.3326783 0.9429086 -0.5851611 0.1574913 0.7954766 0.1320998 -0.1211206 0.9838086 -0.02649867 0.2417674 0.9699723 -0.1100319 0.2202488 0.9692179 -0.1038912 0.1314243 0.9858673 0.05214703 0.2627887 0.9634432 0.08424139 0.1690973 0.9819927 -0.113929 -0.2441066 0.9630328 -0.2202181 -0.2928898 0.9304404 -0.1423113 -0.1408319 0.979752 -0.1803571 -0.110379 0.9773882 -0.03556126 -0.216452 0.9756454 0.1442167 0.06143742 0.9876371 0.1366639 0.1771689 0.9746457 0.2366477 -0.2541033 0.937779 -0.06641614 0.2100132 0.9754401 -0.3388249 -0.1522589 0.9284476 -0.1017321 -0.3039593 0.9472377 0.3214093 0.2463735 0.9143282 -0.01628524 0.4284561 0.9034159 0.02570408 -0.3921213 0.9195544 -0.2983477 -0.1178644 0.9471518 0.1148176 -0.3695819 0.9220771 0.08641433 -0.3294856 0.9401977 -0.1969169 0.4349912 0.8786389 -0.3931744 -0.05113995 0.9180406 0.3077767 -0.1650736 0.9370295 -0.366293 -0.01193338 0.930423 -0.304903 0.1160262 0.9452894 -0.3340235 0.252233 0.9081887 -0.1503106 -0.6367219 0.7563015 0.2289372 0.4865711 0.8431112 0.2319471 -0.2251127 0.9463217 -0.3444589 -0.02953082 0.9383368 0.2785544 -0.2893079 0.9158102 0.4452728 -0.1999439 0.8727855 0.2451155 -0.3951634 0.8853045 0.4133579 0.2020985 0.8878578 0.1585294 -0.3166525 0.9352003 -0.02503824 0.4817358 0.8759587 0.08149135 0.4630268 0.8825901 -0.4602614 0.1130288 0.8805589 -0.3256732 0.2500908 0.9118067 0.9863826 -0.03664851 0.1603321 0.8761323 0.03327333 0.4809212 0.7719307 0.05630832 0.633208 0.503731 0.03322106 0.8632215 0.8659568 0.02790826 0.4993397 0.4743014 0.04855501 0.8790225 0.7004136 0.03709101 0.7127727 0.9311059 0.1630722 0.3262658 0.9398419 0.1796846 0.2905352 0.7859905 0.1870774 0.5892546 0.6515853 0.1637887 0.740682 0.3771041 0.07173466 0.9233887 0.5231733 0.1424943 0.8402292 0.8001164 0.2010943 0.5651326 0.5559841 0.1751369 0.8125323 0.8911526 0.3118028 0.3295848 0.874062 0.3268156 0.3594542 0.6934978 0.2746692 0.6660463 0.5860968 0.2397513 0.7739573 0.808983 0.4468019 0.3819874 0.8862147 0.4108918 0.2139894 0.6881361 0.3420385 0.639905 0.4282186 0.2352111 0.8725277 0.5819516 0.3627621 0.7278296 0.8060662 0.4426066 0.3928827 0.7900896 0.5226042 0.3203799 0.5815497 0.361316 0.7288695 0.349267 0.2875298 0.8918179 0.7727264 0.5974664 0.2143076 0.6770178 0.4882931 0.5506512 0.4371638 0.4248424 0.7927148 0.7505989 0.6070882 0.2608546 0.6791404 0.5500959 0.4859659 0.4072504 0.4184612 0.8118112 0.3907648 0.6072847 0.6917428 0.4322261 0.4152303 0.8004777 0.5693882 0.6230587 0.5362789 0.6780732 0.7027464 0.2153237 0.6046327 0.723272 0.3336121 0.3984376 0.3978055 0.8264371 0.5125689 0.6869825 0.5151003 0.6187079 0.6972792 0.3619424 0.4360432 0.5675029 0.6984317 0.4389227 0.583707 0.6831055 0.4421395 0.7598766 0.4765504 0.5470207 0.7935296 0.2666067 0.2177079 0.3656554 0.9049305 0.4462525 0.7436771 0.4977982 0.2975496 0.5670911 0.7680312 0.3901829 0.8670006 0.3099472 0.40351 0.8429217 0.355897 0.2635589 0.6294203 0.7310039 0.1790487 0.4172548 0.890977 0.2823277 0.7490187 0.5993847 0.2304705 0.599445 0.7665175 0.2254781 0.8316326 0.5074908 0.3195071 0.8963122 0.3074733 0.1777504 0.84464 0.5049634 0.1135794 0.6402074 0.7597593 0.2151994 0.9507379 0.2231292 0.1405143 0.8217436 0.552262 0.1762076 0.7478922 0.6400065 0.1497826 0.935987 0.3185806 0.09832501 0.5073751 0.8560974 0.02571201 0.9732281 0.2283987 0.08488416 0.8745077 0.4775259 0.03643012 0.6396595 0.7677946 0.09166628 0.8811484 0.4638693 -0.009447455 0.971822 0.2355269 -0.01486748 0.8465989 0.5320237 0.007904231 0.6781543 0.7348771 -0.0409379 0.9522113 0.302684 -0.04386866 0.6229363 0.7810416 -0.06255906 0.8681246 0.4923882 -0.1100816 0.9635909 0.2436691 -0.1484287 0.8249942 0.5453013 -0.1442976 0.6274223 0.7651923 -0.08827775 0.5165799 0.8516762 -0.2021212 0.9704862 0.1315432 -0.2324084 0.8761081 0.4223989 -0.1192964 0.7961249 0.5932567 -0.2462305 0.8831559 0.3992571 -0.2670726 0.6814098 0.6814346 -0.188031 0.4225518 0.8866196 -0.3532898 0.7730825 0.526811 -0.2169406 0.6219738 0.7523865 -0.3394035 0.9069785 0.24939 -0.3520327 0.8002461 0.485468 -0.4177648 0.9041386 0.08947652 -0.2889394 0.5099726 0.8102111 -0.3738313 0.7681491 0.5198049 -0.4737098 0.8392553 0.2669264 -0.5187464 0.7958106 0.3123903 -0.4035432 0.6943847 0.5958043 -0.368403 0.5369814 0.7589007 -0.1958702 0.3368679 0.9209532 -0.499502 0.6642999 0.5560607 -0.5075944 0.7902208 0.3433642 -0.3678075 0.5348211 0.7607128 -0.3283776 0.3894519 0.8605204 -0.5747283 0.7687172 0.2806442 -0.5031667 0.550463 0.6661935 -0.6309237 0.6320382 0.4499589 -0.2872343 0.2811167 0.91568 -0.4739822 0.5046004 0.721609 -0.6572396 0.7142179 0.2406843 -0.4836598 0.5401982 0.6886649 -0.7106246 0.5798608 0.398465 -0.5059109 0.4423326 0.7405376 -0.8033463 0.580603 0.132419 -0.710821 0.574502 0.405809 -0.580968 0.4212061 0.6964636 -0.5885312 0.3754216 0.7160235 -0.8486077 0.4513427 0.2759615 -0.7037872 0.4702366 0.5325047 -0.8440771 0.4368585 0.3109478 -0.6634493 0.3215333 0.6756119 -0.6689761 0.3291912 0.6664114 -0.4701684 0.2399816 0.8493236 -0.81927 0.4030734 0.4078338 -0.6513846 0.1885538 0.734946 -0.9310284 0.3302429 0.1553249 -0.8366909 0.2832899 0.4687166 -0.9268718 0.3166249 0.2016367 -0.6874291 0.225781 0.6902639 -0.8515806 0.3070077 0.4249198 -0.525031 0.1526466 0.8372822 -0.7014014 0.1021884 0.7054032 -0.9782379 0.1474129 0.1460144 -0.9387673 0.1662207 0.3018056 -0.8803144 0.1226584 0.4582592 -0.6720281 0.1104541 0.7322418 -0.7931618 0.1469011 0.5910283 -0.362486 0.01966476 0.9317818 -0.8482575 0.04022198 0.5280544 -0.6262683 0.04432094 0.7783468 -0.9510208 -0.002170324 0.309119 -0.82747 0.01476269 0.5613157 -0.9539195 0.001881241 0.3000567 -0.7014319 -0.05647403 0.7104957 -0.6910721 -0.05852133 0.7204127 -0.6786544 -0.0491625 0.7328106 -0.8606634 -0.1089334 0.4973853 -0.96574 -0.1496467 0.2120192 -0.8965551 -0.09371769 0.4329041 -0.9333453 -0.1816275 0.3096417 -0.8488368 -0.2545304 0.4633468 -0.7616993 -0.1856663 0.6207594 -0.9358371 -0.1868609 0.2988176 -0.5016564 -0.1472799 0.8524374 -0.8566974 -0.3458699 0.3826794 -0.7446598 -0.1915398 0.6393702 -0.5163709 -0.1556271 0.8421053 -0.8987166 -0.3279008 0.2911864 -0.8324645 -0.2978183 0.4672335 -0.6294881 -0.3170465 0.7093845 -0.8764228 -0.4093624 0.2535852 -0.4653533 -0.1883056 0.8648626 -0.4927456 -0.271625 0.8266932 -0.6988109 -0.4125514 0.5843498 -0.6986063 -0.4201092 0.579187 -0.8412845 -0.4780056 0.2524899 -0.7708573 -0.4783071 0.4207152 -0.770478 -0.6126721 0.1760584 -0.7594105 -0.5537949 0.3414778 -0.5977293 -0.449563 0.6637867 -0.4365586 -0.2753398 0.8565073 -0.7189521 -0.558295 0.4140223 -0.3917365 -0.3614982 0.846086 -0.3966008 -0.3717834 0.839336 -0.7095087 -0.6332864 0.3091049 -0.600081 -0.4964551 0.627244 -0.6130564 -0.6768329 0.4075037 -0.4581843 -0.5460318 0.7013675 -0.6909073 -0.7052581 0.1589277 -0.5874866 -0.623348 0.5160394 -0.2287791 -0.3302113 0.9157623 -0.4495408 -0.5163843 0.7288761 -0.5327491 -0.7780044 0.3329979 -0.441661 -0.7189012 0.5367648 -0.5350602 -0.7717739 0.3436215 -0.290293 -0.5179775 0.8046299 -0.432497 -0.6834088 0.5881316 -0.2918761 -0.5561793 0.7781214 -0.4188454 -0.8093565 0.4117165 -0.2937561 -0.6644814 0.6871475 -0.3874561 -0.8456482 0.3670922 -0.2922824 -0.8595952 0.4191267 -0.1546518 -0.4980298 0.853258 -0.2880647 -0.6854035 0.6687607 -0.2680904 -0.8335252 0.4830768 -0.2352855 -0.8923712 0.3851162 -0.2429378 -0.7759782 0.5820988 -0.1349529 -0.6354764 0.7602351 -0.2570357 -0.9001454 0.3516685 -0.1527104 -0.9371991 0.3135879 -0.1050345 -0.7127277 0.6935322 -0.08969259 -0.4905394 0.8667908 -0.07192778 -0.7619634 0.6436134 -0.1378935 -0.8592063 0.4926964 -0.04843145 -0.5615185 0.8260457 -0.1288544 -0.928542 0.3481472 0.01116216 -0.7555131 0.6550385 -0.002532541 -0.9402102 0.3405851 -0.003782153 -0.9393341 0.3429828 0.006406068 -0.7453972 0.6665899 0.09632527 -0.8103811 0.5779306 0.03984779 -0.4536072 0.8903104 0.05105108 -0.6097254 0.7909669 0.07490313 -0.9264563 0.3688743 0.1058837 -0.7917507 0.6015974 0.1973274 -0.9451922 0.2601414 0.1859498 -0.6301114 0.7539113 0.2345294 -0.9208756 0.3114227 0.1531426 -0.5733138 0.8048967 0.2694542 -0.8140395 0.5145231 0.2301279 -0.9201968 0.3166689 0.1851974 -0.7160631 0.6730198 0.3804412 -0.8468261 0.3716855 0.3318072 -0.7800977 0.5304258 0.3273741 -0.6836137 0.6523025 0.1985401 -0.511762 0.8358717 0.3596786 -0.8851258 0.2952688 0.3326774 -0.6072984 0.7214669 0.4490782 -0.810905 0.3751822 0.4531096 -0.6549936 0.6047107 0.5295152 -0.7951561 0.2955341 0.4614784 -0.7252703 0.5109018 0.5429331 -0.7725962 0.329118 0.3412911 -0.4653971 0.8166553 0.5306994 -0.5795261 0.6184721 0.6194478 -0.7399759 0.2621451 0.4136666 -0.4931795 0.7652803 0.6628028 -0.6683879 0.3375649 0.5910484 -0.5677928 0.5729513 0.4617484 -0.4474769 0.7658675 0.3694813 -0.2886917 0.8832557 0.7240256 -0.6319072 0.2765504 0.5884866 -0.5342777 0.6068203 0.7545256 -0.5655956 0.3328555 0.8137105 -0.5293024 0.2402378 0.7136603 -0.5198229 0.4695456 0.6794382 -0.4395304 0.5875174 0.4877677 -0.3123249 0.8151907 0.7003202 -0.44462 0.5584486 0.4657395 -0.2786732 0.8398976 0.6144418 -0.3173231 0.7223346 0.7903558 -0.4050337 0.459658 0.5611097 -0.1998004 0.8032656 0.8607241 -0.4302816 0.272051 0.8600712 -0.4271291 0.2789952 0.7686707 -0.3554056 0.5318197 0.5530118 -0.1692513 0.8158015 0.8287326 -0.2466823 0.5023446 0.7163586 -0.2497915 0.6514865 0.9305182 -0.2594473 0.2585012 0.8607247 -0.284218 0.4223424 0.3829231 -0.1340605 0.9140009 0.8463075 -0.1899308 0.4976847 0.6544855 -0.190412 0.7317049 0.8882284 -0.08969169 0.4505618 0.9232451 -0.1783012 0.3403339 0.4872328 -0.08735585 0.868892 0.8433309 -0.1420235 0.518288 0.6760774 -0.06024724 0.7343634 0.4656946 -0.07193839 0.8820167 0.9422675 -0.1082601 0.316878 0.7673594 -0.03417205 0.640306 -0.9576575 0.287908 -0.001015484 -0.9459602 0.3242772 0.001868605 -0.9547723 0.2973375 -3.85324e-4 -0.9521552 0.3056049 -0.002441048 -0.9647148 0.2632943 -0.001183271 -0.9558964 0.2936789 0.003812611 -0.6066585 -0.7949626 -8.13023e-6 -0.6013535 -0.7989831 -7.84253e-5 -0.5987198 -0.8009572 -0.001415312 -0.5706094 -0.8211913 0.007056117 -0.5734777 -0.8192093 0.004397034 0.6043139 -0.7967422 0.0025568 0.5939191 -0.8045166 0.003619372 0.6369228 -0.7709274 -5.64883e-4 0.6010146 -0.7992374 9.89719e-4 0.6161209 -0.7875991 0.009088277 0.938107 0.3463281 0.003465831 0.9508087 0.3097518 0.00409466 0.9442729 0.3291621 9.38333e-4 0.9446965 0.3279436 0.001263797 0.9454883 0.3256289 0.004223048 -0.02001661 0.9997993 8.86685e-4 -0.005441069 0.9999829 0.002116978 -0.02277404 0.9997363 -0.002986192 -0.04367071 0.9990456 -9.47624e-4 -0.02244901 0.9997377 0.004528224 0.4817481 -0.876291 0.005733191 -0.5798119 -0.8147314 0.005555808 -0.4628371 -0.8864412 0.001939713 -0.4275636 -0.9039478 0.008228838 -0.2940349 -0.9557944 -7.41609e-4 -0.25777 -0.96618 0.007118165 -0.1355316 -0.9907728 -6.61434e-4 -0.01990181 -0.9997479 0.01039242 -0.011361 -0.9999015 0.008251011 0.1268483 -0.9919201 -0.002026855 0.2301405 -0.9731429 0.005304396 0.2540156 -0.9671271 0.01188606 0.378976 -0.925405 -0.001671671 0.4711831 -0.8820297 0.003172218 -0.6703557 -0.7420195 0.005495131 -0.9583983 0.2854288 0.001770675 -0.9903233 0.1387792 1.34974e-4 -0.9860063 0.1665009 0.008312463 -0.9998385 -0.01727735 -0.004954457 -0.9928055 -0.1192621 0.01067358 -0.9846619 -0.1744721 -7.07251e-4 -0.9407793 -0.3389996 0.003673017 -0.9285954 -0.3709073 0.01175981 -0.8593648 -0.5113188 -0.006732702 -0.7962023 -0.6049575 0.009398162 -0.7437697 -0.6684129 -0.005561947 -0.03512555 0.9993827 7.60596e-4 -0.2103392 0.9776276 0.001295268 -0.2405418 0.9706025 0.008402228 -0.3741833 0.9273434 -0.004587233 -0.4641867 0.8857028 0.00782448 -0.5077576 0.861494 -0.003217697 -0.6799178 0.7332531 0.00719428 -0.6972176 0.7168592 7.1775e-4 -0.8008145 0.5989122 5.05016e-4 -0.8154473 0.5788045 0.005573034 -0.8918707 0.4522904 -3.49964e-4 -0.9048439 0.4257167 0.004789292 0.9419968 0.3356114 0.002659738 0.8988116 0.4383342 7.9521e-4 0.8757132 0.4827866 0.006590962 0.8445365 0.5354979 -4.38125e-4 0.7638482 0.6453346 0.008895516 0.7684602 0.6398561 0.007290184 0.6756088 0.7372543 -0.002949237 0.5943936 0.8041004 0.0108965 0.5480837 0.8364213 0.001938581 0.4149826 0.9098111 0.005758464 0.4387462 0.8985158 0.01308023 0.2950934 0.9554545 -0.005153954 0.150125 0.9886435 0.0068264 0.1614654 0.9868733 0.003174185 0.9802099 0.1979495 0.002102613 0.6214157 -0.7834646 0.005086362 0.6915814 -0.7222818 -0.004926919 0.7970775 -0.6038096 0.009028851 0.8060057 -0.5918837 0.005330801 0.8959501 -0.4441546 2.37361e-4 0.9115281 -0.4111552 0.008244156 0.9689965 -0.2469941 -0.006311774 0.9834541 -0.180927 0.009134352 0.9996809 -0.02525794 5.07934e-4 0.9999687 0.00480318 0.006288945 0.985525 0.169482 -0.004059374 0.08134239 -0.1640475 -0.983093 0.3781148 0.3186656 -0.8691844 0.2025932 0.1375293 -0.9695575 0.244702 0.003818511 -0.9695909 0.282075 -0.04107302 -0.9585128 -0.006762504 0.12026 -0.9927195 0.1575809 0.3637568 -0.9180682 -0.2549165 -0.03297245 -0.9664008 -0.06676036 -0.05374151 -0.9963207 -0.1657844 -0.2153913 -0.9623524 0.1657549 -0.196613 -0.9663688 -0.4766722 -0.2647259 -0.8382743 -0.7959914 0.5896904 0.1366121 -0.4108945 -0.3825689 -0.8275305 -0.2823328 -0.1255114 -0.9510705 0.1107473 0.472555 -0.874315 0.2112398 -0.1377177 -0.9676836 0.2760484 -0.3839718 -0.8811146 -0.1015285 0.1178394 -0.9878289 -0.2544305 0.01968544 -0.9668907 -0.1578679 0.3202155 -0.9340984 -0.1057947 0.5099438 -0.8536773 0.09794169 0.1998049 -0.9749284 -0.1874612 -0.3635425 -0.9125213 -0.1011495 0.3838952 -0.9178198 0.3326473 0.1466531 -0.9315786 -0.2243818 -0.3318987 -0.9162402 0.2148976 0.2796871 -0.9357318 0.2574797 0.3516966 -0.9000076 0.01619035 0.5017757 -0.8648462 -0.3004153 0.2368533 -0.9239325 0.2276713 -0.6028005 -0.7647204 -0.325429 0.4470631 -0.8332049 -0.4671748 0.2326059 -0.8530195 -0.361281 0.08506482 -0.9285688 -0.4182001 0.04734104 -0.9071204 0.3423463 0.2852118 -0.8952392 0.1204428 -0.4287325 -0.8953669 -0.4982362 -0.08408588 -0.8629544 0.4938384 0.1453523 -0.8573192 -0.1796553 0.4799972 -0.8586773 -0.3638263 -0.341574 -0.8665781 0.539564 -0.09709811 -0.8363269 0.1166839 0.504211 -0.8556612 0.4841791 -0.2593353 -0.835653 -0.2849622 0.4919716 -0.8226546 0.4129674 0.2038174 -0.8876466 -0.5030685 0.3059305 -0.8082874 0.6278837 -0.1361636 -0.7663038 0.5428838 -0.1816145 -0.8199349 -0.5344156 -0.4554387 -0.7120221 0.1295374 0.4181016 -0.8991168 0.6380237 0.05769801 -0.767852 -0.5696775 -0.325473 -0.7546753 0.5231721 -0.4687672 -0.7117219 0.2115039 -0.5659818 -0.7968253 0.630343 -0.2458249 -0.7363681 0.4204074 0.3959405 -0.8163877 -0.6418428 -0.1923178 -0.7423286 -0.6242328 0.5764301 -0.5273157 -0.1244288 0.6603423 -0.7405846 0.4525266 0.6355237 -0.6255632 0.5415703 -0.4503719 -0.7098358 -0.6278362 0.2715436 -0.7294421 -0.2097074 -0.4220852 -0.8819677 -0.1494809 -0.5364075 -0.8306157 -0.1542557 -0.5576528 -0.8156155 -0.08947807 -0.35197 -0.9317246 -0.03382211 -0.2615647 -0.9645932 -0.00950402 -0.6385633 -0.7695107 0.04708981 -0.4812497 -0.8753179 0.08223646 -0.5811646 -0.8096203 -0.9800937 0.007269978 0.1984022 -0.8739579 -0.09521305 -0.4765836 -0.9588295 -0.1413546 0.2463025 -0.9560285 -0.2034174 0.2112599 -0.8217117 -0.2586379 -0.507835 -0.9286682 -0.3663789 0.05780971 -0.9033697 -0.428451 -0.01878505 -0.790787 -0.4407155 -0.4247657 -0.8240748 -0.5625771 0.06639051 -0.7374864 -0.6219615 -0.2632064 -0.7362257 -0.6723136 0.07724058 -0.6519861 -0.7505156 0.1078914 -0.6405501 -0.767842 -0.01068514 -0.5921092 -0.8005601 -0.09225112 -0.5560312 -0.8306158 0.03010678 -0.4532859 -0.8587854 -0.2387878 -0.4098795 -0.9041912 0.1201545 -0.3387706 -0.9338937 0.1143546 -0.2303555 -0.8797629 0.4158768 -0.1682474 -0.9249781 -0.3407466 -0.1067436 -0.9682887 -0.2258824 -0.04283839 -0.9140133 -0.4034159 0.05050289 -0.9600517 0.2752279 0.05499613 -0.9611274 0.2705727 0.1377857 -0.9004217 -0.4126207 0.2159909 -0.9763951 6.06121e-4 0.3042202 -0.9237293 -0.2327539 0.3647521 -0.8937926 0.2609421 0.4517608 -0.8919702 0.01735907 0.4410887 -0.8509215 -0.2852599 0.4437631 -0.6356859 -0.6316469 0.5726858 -0.7513416 -0.3278977 0.5737924 -0.7702332 0.2783937 0.595812 -0.6555829 0.4639171 0.6971169 -0.6970827 0.1676415 0.6816613 -0.701697 -0.2072661 0.7282229 -0.5992131 0.3326188 0.7855573 -0.560684 -0.2617885 0.820086 -0.5072655 -0.2648411 0.8694853 -0.4922199 -0.04141086 0.9111037 -0.3768618 -0.1669291 0.9303599 -0.3626078 0.05427736 0.9510394 -0.2709781 0.1486433 0.9368153 -0.2073171 -0.2817741 0.9071622 -0.1078048 0.406737 0.9234369 -0.06848716 0.3775895 0.9746454 -0.01613485 -0.2231727 0.9463796 0.0275461 -0.3218804 0.918066 0.1243273 0.3764271 0.7567648 0.1867269 -0.6264505 0.9761927 0.2168877 -0.002745211 0.731046 0.1881178 -0.6558836 0.904266 0.408601 -0.1238877 0.8710338 0.3838177 0.3065683 0.780568 0.4074312 -0.4740394 0.81463 0.5499815 -0.184115 0.7769469 0.5610704 -0.285576 0.7395771 0.6676185 -0.08550649 0.662939 0.6207273 0.4185804 0.659277 0.6422381 -0.3910039 0.6006577 0.7837646 -0.157872 0.597799 0.7783295 -0.1919364 0.4395887 0.8169333 0.3733386 0.351601 0.713706 -0.6058056 0.4085361 0.9117886 -0.0417096 0.3943542 0.8878127 -0.2372199 0.2810561 0.8434584 0.457805 0.2338532 0.7979709 -0.5554773 0.2548375 0.9579626 0.1317775 0.1166191 0.9446709 0.306589 0.08405113 0.9817869 -0.1703818 0.08538258 0.9960247 0.0253902 0.01088345 0.6977478 -0.7162609 -0.04767209 0.968896 0.2428329 -0.0879994 0.9958404 -0.02362328 -0.07810455 0.8831931 -0.4624602 -0.2057877 0.946464 0.2487113 -0.2378841 0.9679033 -0.08108186 -0.3419669 0.8938587 -0.2899574 -0.4168427 0.9082725 0.03582191 -0.4619101 0.8513739 -0.2485994 -0.5840499 0.7948017 0.1648513 -0.5632902 0.6878769 -0.457744 -0.6048178 0.7903174 0.09794902 -0.720005 0.6261163 0.2992843 -0.7614917 0.6462967 0.04930508 -0.8394491 0.5401722 -0.05949229 -0.8913281 0.4249122 0.1580625 -0.8555692 0.3219108 0.4054316 -0.7139136 0.225942 -0.6627802 -0.8356425 0.2471153 -0.4905463 -0.9128408 0.1823293 0.3653459 -0.9695632 0.1901476 -0.1542436 -0.8425652 0.08284831 -0.5321843 -0.9835169 0.0192328 -0.1797901 -0.8391683 -0.086757 0.5369077 -0.6088232 -0.06676197 0.7904917 -0.2887436 -0.07073974 0.9547895 -0.7896491 -0.2677044 0.5520766 -0.5958498 -0.20633 0.7761386 -0.3513674 -0.184568 0.9178647 -0.6010587 -0.3679038 0.7094895 -0.6571534 -0.4447371 0.6085707 -0.5613723 -0.4586901 0.6888139 -0.3912352 -0.3507739 0.8508188 -0.4326839 -0.481975 0.7618955 -0.268906 -0.3445599 0.8994265 -0.3014863 -0.5147239 0.8025991 -0.2592713 -0.4791895 0.8385438 -0.1788604 -0.3577398 0.9165321 -0.2420336 -0.8491178 0.4694876 -0.1382438 -0.4270309 0.8936069 -0.04831206 -0.1818655 0.9821359 -0.1023507 -0.8501456 0.5165042 -0.02536702 -0.5372819 0.8430212 -0.0285204 -0.6077407 0.7936232 0.003152608 -0.1628944 0.9866384 0.1535782 -0.8018832 0.5774056 0.04489409 -0.2811532 0.9586122 0.1364483 -0.6020331 0.7867261 0.1993499 -0.5594302 0.8045479 0.1428944 -0.3215053 0.9360638 0.2473587 -0.4040945 0.8806369 0.4453785 -0.6989125 0.5596064 0.1237213 -0.1741407 0.9769176 0.2912826 -0.3076108 0.9058311 0.2240935 -0.1967322 0.9545043 0.4349488 -0.3264992 0.8391768 0.4223494 -0.2654669 0.8666881 0.6046319 -0.3169799 0.7307147 0.5964292 -0.2749333 0.7541113 0.4506221 -0.1823759 0.8738872 0.4856067 -0.1402467 0.862854 0.7735083 -0.1894158 0.6048194 0.1948854 -0.03564631 0.9801781 0.3321807 -0.03626406 0.9425184 0.8941169 -0.08725821 0.4392503 0.1943824 0.003229498 0.9809204 0.6146126 0.05660146 0.7867958 0.6403991 0.0676192 0.7650599 0.3130293 0.0741294 0.9468461 0.7404364 0.281001 0.6105673 0.6798208 0.2567855 0.6869533 0.2161123 0.11796 0.9692167 0.7032455 0.4542596 0.5468949 0.5505781 0.3776276 0.7444871 0.4914524 0.4100645 0.7683238 0.1740581 0.1706529 0.9698357 0.563691 0.6815794 0.4665855 0.1858096 0.2303507 0.9552034 0.3190499 0.4324797 0.843308 0.2867317 0.4994299 0.8175296 0.1956301 0.3781191 0.9048507 0.1691438 0.4915462 0.8542674 0.08999937 0.3158323 0.944537 0.05421727 0.4724726 0.8796762 0.01816749 0.3269554 0.9448651 -0.0516029 0.5165346 0.8547101 -0.04549634 0.4757696 0.8783924 -0.01601159 0.1129362 0.9934733 -0.1987179 0.9023181 0.3825353 -0.2219862 0.5339781 0.8158367 -0.07738131 0.2050166 0.9756948 -0.2731885 0.6104564 0.7434454 -0.3273315 0.5116318 0.7944098 -0.140258 0.1756256 0.9744143 -0.5853414 0.5871462 0.5591377 -0.2580121 0.2689219 0.9279605 -0.1214272 0.09802788 0.9877479 -0.5078184 0.3364232 0.7930572 -0.4118627 0.2711431 0.8699716 -0.8303073 0.4825251 0.2788539 -0.1664963 0.08234578 0.9825977 -0.8116257 0.2941876 0.5046954 -0.3746345 0.1359918 0.9171451 -0.1946729 0.04732686 0.9797258 -0.4686195 0.0665422 0.8808904 -0.699466 0.09870821 0.7078164 -0.2171546 0.004232525 0.9761281 -0.1809527 -0.09027642 0.9793397 -0.2817106 7.4824e-4 0.9594992 -0.1855565 -0.6915625 0.698076 -0.1972197 0.07383739 -0.9775748 -0.7283643 0.1662316 -0.6647198 -0.2299961 -0.1239062 -0.9652715 -0.1410629 0.1662541 -0.975941 -0.3822635 -0.2429738 -0.8915371 -0.2758638 0.2940688 -0.915108 -0.1843178 -0.3287099 -0.9262704 -0.1121363 -0.2986174 -0.9477621 -0.2727512 -0.2164377 -0.9374228 -0.3618661 0.09219211 -0.9276602 -0.3317832 -0.4125053 -0.8483864 -0.4359747 -0.05669534 -0.8981713 -0.1691012 -0.3060169 -0.9368876 -0.3554924 0.241517 -0.9029366 -0.420717 -0.1202659 -0.8991849 -0.4060128 0.3010587 -0.8628541 -0.3925157 -0.351469 -0.8499416 -0.1880936 -0.7128681 -0.6756033 -0.5410541 0.3023353 -0.7847635 -0.6616265 -0.2299494 -0.7137041 -0.618855 -0.05437552 -0.783621 -0.3392741 -0.420206 -0.8416175 -0.6536087 -0.2386806 -0.7182111 -0.6339077 0.01328957 -0.7732945 -0.1267017 0.3645049 -0.9225415 -0.1943656 0.5107147 -0.8374918 -0.3405922 0.6791269 -0.6502181 -0.2062155 0.3305648 -0.9209789 -0.335756 0.5773605 -0.7442598 -0.261696 0.9500371 -0.1701315 -0.3094344 0.937732 0.1578261 -0.4286461 0.9024816 -0.04230386 -0.5783157 0.7905563 0.2014235 -0.6039192 0.7776196 -0.1748986 -0.6223897 0.7220849 -0.3020339 -0.7299159 0.6726814 0.1213366 -0.768944 0.6378329 0.04352223 -0.779872 0.5735505 0.2506781 -0.7682147 0.4040176 -0.4966045 -0.8889964 0.4037063 -0.2161175 -0.8326521 0.2624299 -0.4876689 -0.9718584 0.2062308 0.1138431 -0.9779419 0.2088034 -0.005535602 -0.7903984 0.08663219 -0.6064365 -0.7913004 0.05433446 -0.6090085 -0.9897131 0.008212864 0.1428301 -0.9856599 -0.05128872 0.1607605 -0.9251881 -0.1079374 -0.3638357 -0.9760777 -0.2086446 -0.06115269 -0.8004558 -0.2573624 -0.5413273 -0.8517199 -0.4346575 -0.2926536 -0.7797058 -0.4603652 -0.4244087 -0.8115026 -0.5831721 0.03706592 -0.7524185 -0.6420575 -0.1470667 -0.7144173 -0.6857016 0.1393605 -0.6511082 -0.7589213 -0.009832561 -0.5717306 -0.7322648 -0.3700168 -0.5242828 -0.8422599 -0.1254029 -0.4370512 -0.8359143 -0.3320144 -0.4103474 -0.9074182 -0.09059339 -0.3417463 -0.9327771 -0.114614 -0.1765716 0.5908583 0.787216 -0.1551621 -0.4287483 0.8899998 -0.1532331 0.4251899 0.8920387 -0.2599239 0.4903546 0.8318606 -0.4214828 0.7539256 0.5039331 -0.1357838 0.2169658 0.9666895 -0.3329173 0.3776717 0.8640198 -0.3279436 0.3580192 0.8742284 -0.1503135 0.1419299 0.9783976 -0.6166411 0.3899669 0.6838711 -0.5282948 0.3352051 0.7800911 -0.1479912 0.07754147 0.9859442 -0.8574762 0.3822982 0.3443583 -0.45754 0.1590266 0.874853 -0.6967842 0.2455666 0.6739352 -0.1941022 0.04031366 0.9801526 -0.5018754 0.04379421 0.8638305 -0.7854215 0.07294011 0.6146485 -0.4534032 -0.05475646 0.8896219 -0.7119909 -0.09686601 0.6954754 -0.1607813 -0.03387886 0.9864085 -0.8911986 -0.1980028 0.4081175 -0.730143 -0.2506213 0.635673 -0.823607 -0.3171003 0.4702329 -0.5236291 -0.181331 0.8324251 -0.8434346 -0.3979583 0.3608979 -0.5429907 -0.3401929 0.7677434 -0.5710866 -0.3591654 0.7381466 -0.5765976 -0.3778626 0.7243998 -0.4525023 -0.4138529 0.7899162 -0.23728 -0.2543123 0.9375624 -0.3459686 -0.469523 0.8123139 -0.2941482 -0.4763369 0.8286013 -0.2914777 -0.4692018 0.8336009 -0.2873592 -0.5543344 0.7811133 0.2197214 0.1938099 -0.9561173 0.1628515 0.04965281 -0.9854005 0.2884746 -0.1731373 -0.9417037 0.2572777 -0.07469588 -0.9634463 0.2429707 -0.2193101 -0.9449171 0.5128635 -0.400319 -0.759418 0.4649902 -0.007377088 -0.8852851 0.4842107 0.3040288 -0.8204307 0.2358651 -0.2675908 -0.9342177 0.4180772 -0.1361117 -0.8981565 0.3679247 0.4649262 -0.8052794 0.1920768 0.4947025 -0.8475705 0.516959 -0.04206359 -0.8549761 0.4767573 -0.2281887 -0.8489007 0.5066684 0.3166461 -0.8018867 0.2711111 0.5465398 -0.7923339 0.5826254 0.007482051 -0.8127064 0.6069348 0.2496453 -0.7545247 0.3875507 -0.2992226 -0.8719348 0.4467844 0.466209 -0.7635659 0.7329283 0.123492 -0.6690037 0.6820092 -0.2032257 -0.7025403 0.4345132 -0.5811576 -0.6880801 0.1546552 -0.5255815 -0.8365679 0.06956452 -0.1754252 -0.982032 0.097759 -0.1913222 -0.9766468 0.2891104 -0.486937 -0.8242012 0.3216888 -0.8750783 -0.3615995 0.40721 -0.890917 -0.2011146 0.4285709 -0.9034813 -0.006963729 0.5046154 -0.8030945 0.3168637 0.5667691 -0.727401 -0.3868598 0.6621325 -0.7441523 -0.08841997 0.7149977 -0.6908486 -0.1072679 0.7406663 -0.6523992 0.1605885 0.8108728 -0.5637397 -0.1571078 0.8471308 -0.5194346 0.1120588 0.8961443 -0.4373947 -0.07490754 0.9107725 -0.4118897 0.02898806 0.9305757 -0.3651298 -0.026627 0.8806477 -0.244166 0.406008 0.9525228 -0.1832771 -0.2431252 0.9509317 -0.1831825 -0.2493453 0.9620014 -0.07020163 0.2638658 0.9889729 -0.04428023 0.1413218 0.9634195 0.07612365 0.2569595 0.9530568 0.1343497 -0.271354 0.7987226 0.1131475 -0.5909653 0.9320558 0.2200136 0.2878648 0.9479679 0.3132555 0.05681401 0.8502669 0.2757578 -0.4483345 0.8954338 0.3459258 0.2802386 0.8939231 0.4320343 0.119364 0.6820809 0.3340746 -0.6505075 0.8122074 0.4533421 0.3671513 0.8097524 0.5851582 0.04348623 0.7796527 0.582098 -0.2308756 0.6746363 0.6345607 -0.3770921 0.6228897 0.6641228 0.4134603 0.5790494 0.8117772 -0.0756269 0.43693 0.6204388 -0.6512664 0.3389659 0.6406024 -0.6890071 0.4476094 0.8487269 0.2816172 0.4418355 0.8935763 0.07938987 0.3089605 0.9236747 0.2266462 0.1701966 -0.8653631 0.4713596 0.2204201 0.939382 -0.2626339 0.2006767 -0.5642102 0.8008717 0.185378 -0.3543437 0.9165564 0.2316417 -0.5787332 0.7819271 0.2481704 -0.4162486 0.8747277 0.4339268 -0.6677477 0.604831 0.1033067 -0.1239346 0.9868981 0.5043494 -0.5788421 0.6407601 0.4366117 -0.4725499 0.76555 0.6283057 -0.5552523 0.5449099 0.2943914 -0.1869476 0.9372216 0.4410114 -0.2919828 0.8486783 0.3499939 -0.2214501 0.9102001 0.47328 -0.2016276 0.8575269 0.4519827 -0.1956537 0.8703053 0.6691148 -0.1778137 0.7215731 0.5847107 -0.1351716 0.7999013 0.1480128 -0.0231412 0.9887146 0.8904378 -0.07053112 0.4496063 0.318188 0.01352053 0.9479312 0.5008538 0.02614462 0.865137 0.594859 0.07358235 0.8004552 0.6542504 0.1341911 0.7442776 0.3878494 0.1288869 0.912667 0.2479782 0.09306329 0.9642853 0.4647253 0.271372 0.8428449 0.3263286 0.2261384 0.9178077 0.5200437 0.4373404 0.733681 0.4945853 0.4711982 0.7303134 0.1774547 0.196776 0.9642556 0.5818267 0.7225816 0.3733007 0.1289538 0.1770896 0.9757101 0.2780667 0.4328942 0.8574857 0.3033553 0.5512492 0.7772386 0.1417041 0.3521877 0.9251398 0.1659321 0.481252 0.860734 0.2067463 -0.1444375 -0.9676744 0.08158582 -0.1731607 -0.9815086 0.2147191 -0.04382336 -0.9756922 0.05925369 0.2264749 -0.972213 0.3454442 0.6267277 -0.6984846 -0.19348 -0.1485346 -0.9697953 -0.3664745 0.6032565 -0.7083629 0.250009 -0.4163904 -0.8741365 -0.00724852 0.250187 -0.9681704 -0.1340481 0.3558222 -0.9248901 -0.06629413 0.3159404 -0.9464601 -0.1622394 0.06109499 -0.9848582 0.1442472 -0.1825825 -0.9725515 -0.1634327 0.1874315 -0.9685862 0.2646499 -0.1110785 -0.9579259 -0.437377 -0.07612836 -0.8960502 -0.3909544 -0.1409916 -0.9095471 -0.2914118 0.02170264 -0.9563515 0.1106707 0.2277912 -0.9674002 -0.264022 -0.1864253 -0.9463288 -0.08963489 -0.1533219 -0.9841026 -0.3764986 0.1077938 -0.9201246 0.07951563 0.363881 -0.9280452 -0.1119119 0.3090794 -0.9444288 0.2343071 -0.7979856 -0.5552649 -0.3267632 0.226224 -0.9176321 0.2820622 0.1967289 -0.9390094 0.5849923 0.01450788 -0.8109091 -0.0761851 0.6062049 -0.7916511 0.6282908 -0.356696 -0.6913889 -0.4687812 -0.6408365 -0.6079251 0.4057289 0.06004345 -0.9120191 -0.2023509 0.3103369 -0.9288407 -0.4193658 0.2131648 -0.8824359 -0.373772 -0.07260406 -0.9246746 -0.06471109 0.5184836 -0.8526355 0.3504003 0.3653765 -0.8623918 0.4378544 0.2795193 -0.8544896 0.4810392 0.1831722 -0.8573501 -0.5214527 -0.03377252 -0.8526116 -0.2981476 -0.4153556 -0.8594113 0.04603326 0.4968008 -0.8666429 -0.4145168 0.04747176 -0.9088027 -0.4766435 0.433928 -0.7645375 -0.2286099 0.4641852 -0.8557276 0.4553338 -0.1272538 -0.8811796 0.6162233 -0.03352338 -0.7868577 -0.5182614 -0.2408466 -0.8206083 0.3536287 0.5493661 -0.7570625 0.5294325 0.2131806 -0.8211305 0.1703798 -0.550961 -0.8169533 0.3841582 0.406327 -0.8290482 0.5160416 0.01864576 -0.8563606 -0.4491388 -0.1718094 -0.8767871 -0.547721 -0.5475361 -0.6326183 -0.529707 0.4134938 -0.740563 0.4663087 -0.4852851 -0.7396313 -0.8561862 -0.1592458 -0.491514 0.634271 0.1548461 -0.757445 0.4524366 0.7260525 -0.5178308 0.3810557 -0.6465854 -0.660851 0.7839438 -0.2061569 -0.5856035 -0.1807492 -0.4331642 -0.8830053 -0.1142002 -0.3434567 -0.9321994 -0.1773109 -0.8343346 -0.5219643 -0.1428941 -0.64741 -0.7486265 -0.02253758 -0.2623081 -0.964721 -0.003067314 -0.3922991 -0.9198325 0.0134809 -0.2397406 -0.9707434 0.1530524 -0.7490678 -0.6445714 0.1502377 -0.7466142 -0.6480708 0.5271289 -0.2990586 -0.7954238 -0.9641785 -0.03909873 -0.2623568 -0.9956759 -0.08531206 -0.03676158 -0.9575755 -0.2666198 0.1093758 -0.9434924 -0.3158944 0.1001637 -0.9319365 -0.3404829 -0.1247628 -0.8599541 -0.4577311 -0.2257454 -0.8635089 -0.4701194 -0.1825929 -0.8184511 -0.448131 0.359606 -0.7723724 -0.522426 -0.3612645 -0.7808132 -0.6245661 0.01574718 -0.7469258 -0.6612758 -0.06939941 -0.4931037 -0.5924546 -0.6370607 -0.6184143 -0.7823713 0.07388573 -0.5169932 -0.8496763 0.1037697 -0.4537262 -0.8257477 -0.3350719 -0.3866077 -0.8239201 -0.4143549 -0.3511633 -0.9359439 0.02633219 -0.1653109 -0.9173271 -0.3621923 -0.1474504 -0.9716006 0.1850692 -0.08708935 -0.9278101 0.3627449 0.02968204 -0.9952902 -0.09228408 -0.002236306 -0.808691 -0.5882294 0.03157973 -0.9539062 -0.2984389 0.2286027 -0.9621204 0.1485434 0.2882863 -0.9151073 0.2819037 0.3354281 -0.8408472 -0.4248105 0.4055547 -0.8521058 -0.330819 0.4361506 -0.8164493 0.3783956 0.5505561 -0.8142927 0.1838898 0.557825 -0.8004528 -0.2193323 0.5661787 -0.5900275 -0.5755947 0.6950333 -0.6997317 0.1652407 0.6574447 -0.6516963 -0.3782305 0.7159241 -0.4803456 0.5066763 0.8113647 -0.5770229 -0.0934447 0.9074 -0.3980683 -0.1347852 0.933777 -0.3400143 -0.1115829 0.9215031 -0.1707 -0.348846 0.9126932 -0.09804445 -0.3967097 0.9875477 -0.03761267 0.1527571 0.9882467 -0.03762143 0.1481661 0.9323153 0.06497669 -0.3557615 0.982954 0.1278599 -0.1321108 0.9358038 0.1991247 -0.2908963 0.9235144 0.2618245 0.2803017 0.9201344 0.3578581 0.1590288 0.9130062 0.3901765 -0.1190877 0.866906 0.494148 0.06551218 0.7441626 0.4994646 -0.4435732 0.7659218 0.6399496 -0.06187325 0.7343256 0.6167332 0.2835597 0.6615508 0.5817525 0.4731962 0.5778871 0.5834199 -0.570673 0.6006867 0.736971 0.3099182 0.4121784 0.9110782 0.006737112 0.3489875 0.9017903 -0.2549157 0.2490093 0.9500108 -0.1883454 0.2067089 0.8851532 -0.4168635 0.2117953 0.9186331 0.3335507 0.1410835 0.8460406 0.5141118 0.08461499 0.9233489 -0.3745224 0.08542019 0.9602399 0.2657871 0.07008063 0.9769073 -0.2018436 -0.03644889 0.9717424 -0.2332128 -0.08345049 0.9652536 0.2476317 -0.1578993 0.9589503 0.2355462 -0.2198109 0.9631145 -0.1552215 -0.2925833 0.9454247 -0.143413 -0.2970918 0.9380123 -0.1785199 -0.4068403 0.8710429 -0.2752551 -0.4340213 0.8866888 -0.1594005 -0.5361891 0.8053912 -0.252678 -0.515936 0.7204553 -0.4634158 -0.6668853 0.7218109 0.1850757 -0.6552507 0.7353672 -0.1728625 -0.7695926 0.6280739 0.1151104 -0.6825889 0.5145221 -0.5189791 -0.7993275 0.4787033 0.3632063 -0.8601035 0.5020267 0.09050518 -0.8532568 0.3683691 -0.36913 -0.8821539 0.3875837 -0.2675504 -0.8302366 0.290223 0.4758967 -0.8068649 0.2521167 -0.5342342 -0.9368679 0.2290686 0.2642086 -0.9666081 0.2190899 -0.1329233 -0.8991145 0.1103628 -0.423572 -0.9868894 0.06520754 -0.1476392 -0.5628908 -0.03889364 0.8256157 -0.7814979 -0.1019456 0.6155227 -0.7740942 -0.1167581 0.6222105 -0.2709113 -0.09245258 0.9581543 0.1050779 0.03809899 -0.9937339 -0.6073957 -0.2529211 0.7530613 -0.4691122 -0.1911799 0.8621973 -0.159249 -0.1105066 0.9810341 -0.5956499 -0.4301907 0.678334 -0.3471204 -0.2667661 0.8990792 -0.5915728 -0.6639575 0.457386 -0.3722724 -0.4132521 0.831045 -0.2264637 -0.2760004 0.9340974 -0.1759418 -0.3032482 0.9365282 -0.2974482 -0.6087819 0.7354652 -0.2517766 -0.5000001 0.8286185 -0.2760313 -0.7446427 0.6077122 -0.1803899 -0.6338173 0.7521536 -0.03963291 -0.1990775 0.979182 -0.01115441 -0.4654644 0.8849964 -0.01042556 -0.3714379 0.9283992 -7.0669e-4 -0.2144493 0.9767349 0.07333505 -0.8830338 0.4635443 0.1277951 -0.8218417 0.555198 0.0356028 -0.2156921 0.9758122 0.08201479 -0.3966985 0.9142778 0.1118583 -0.3691847 0.9225998 0.1180217 -0.3934311 0.9117472 0.2657356 -0.7435868 0.6135659 0.0829333 -0.1706598 0.9818337 0.3612896 -0.7198448 0.5927001 0.1636147 -0.3011516 0.9394349 0.1575477 -0.2015901 0.9667161 0.4560165 -0.5422208 0.7057234 0.2678157 -0.3156316 0.9103029 0.2143758 -0.1725134 0.9613959 0.7523034 -0.51938 0.4053195 0.3657686 -0.2608504 0.8934039 0.1986879 -0.1006861 0.9748771 0.8219667 -0.4185456 0.3862517 0.7251589 -0.2690263 0.6338528 0.4087132 -0.1560481 0.8992233 0.7615434 -0.2244894 0.6079935 0.09584355 -0.02886569 0.9949778 0.8482737 -0.1838448 0.4966214 0.7185308 -0.08394896 0.69041 0.4123402 -0.03467363 0.9103699 0.276286 -0.002933263 0.961071 0.6354753 0.0563932 0.7700591 0.7015881 0.09513944 0.7062031 0.6349831 0.1360091 0.7604591 0.3645458 0.09515732 0.9263107 0.3161217 0.1309159 0.9396425 0.5070227 0.2487818 0.8252488 0.5101458 0.2889916 0.8100834 0.7017377 0.4241074 0.5724484 0.2597255 0.1720899 0.9502251 0.2740802 0.218478 0.9365615 0.1248094 0.1181359 0.9851226 0.5477223 0.6116738 0.5708374 0.296278 0.3936129 0.8702231 0.09313613 0.1127131 0.9892529 0.5652457 0.7801778 0.2679923 0.4224341 0.8632513 -0.276309 0.2729108 0.5213098 0.8085516 0.2874029 0.5818713 0.7608056 0.2046515 0.5846232 0.7850692 0.04094141 0.2010211 0.9787309 0.04846924 0.2980864 0.9533075 0.002312421 0.2122145 0.9772203 -0.02063137 0.7742619 0.6325289 -0.0125615 0.3367145 0.9415231 -0.04464781 0.2360543 0.9707136 -0.1098983 0.3834011 0.9170202 -0.3062565 0.9345167 0.1813434 -0.2025483 0.5542426 0.8073347 -0.266101 0.5610426 0.7838504 -0.3738321 0.7180485 0.5870741 -0.4962642 0.7522137 0.4334701 -0.1007701 0.1791809 0.9786417 -0.4754111 0.6165805 0.6275451 -0.1229173 0.1553643 0.9801802 -0.1674758 0.2042038 0.964496 -0.6734396 0.6637069 0.3255339 -0.2045846 0.1832044 0.9615515 -0.3249663 0.2735379 0.9053032 -0.2959229 0.2495339 0.9220426 -0.700724 0.5029126 0.5060285 -0.1845604 0.1189528 0.975596 -0.5158678 0.2530283 0.818448 -0.543015 0.220919 0.8101417 -0.2083283 0.06375324 0.975979 -0.2749806 0.04048722 0.9605969 -0.5922145 0.06046295 0.8035087 -0.6373676 0.06906521 0.7674586 -0.9597042 -0.2809721 -0.004746437 -0.9425391 -0.3340956 2.39496e-4 0.9126651 -0.4085072 -0.01281446 0.6721268 -0.7403219 0.01300048 -0.1081583 -0.7097646 -0.6960862 0.02340632 -0.7649485 -0.643666 -0.1091195 -0.6442101 -0.7570247 -0.00549072 -0.6265922 -0.7793279 0.1815974 -0.8919111 -0.4141461 0.07140403 -0.6949756 -0.7154792 0.9607963 -0.2771805 0.006430923 0.6971334 -0.7168135 -0.01354807 0.1535009 -0.8856912 0.438165 0.1696287 -0.7156792 0.6775171 0.05928254 -0.5850255 0.8088454 -0.01682424 -0.7834389 0.621241 -0.02177107 -0.7479032 0.6634508 -0.1690992 -0.7614572 0.6257703 -0.953396 -0.30152 0.0110343 -0.9344269 0.3561094 0.005693852 -0.8546301 0.519179 -0.007791459 0.1760312 0.968806 -0.1744359 0.02351611 0.5257891 -0.8502898 -0.04276365 0.5153692 -0.8559006 -0.1134786 0.7068337 -0.6982183 -0.1302062 0.5766559 -0.8065447 -0.979001 0.2038521 -0.001123964 -0.9322774 0.3616163 0.00961703 -0.6223777 0.7827035 -0.004612565 -0.09537696 0.5774719 0.8108203 -0.08870971 0.7690031 0.6330599 0.05407994 0.7678348 0.6383612 0.08104723 0.8856881 0.457152 0.1082644 0.5768907 0.8096147 0.8346145 0.5506619 0.01378667 0.935078 0.3544223 -0.00375384 -0.9550023 0.2959021 -0.0203126 -0.9641535 0.2651516 -0.01012748 0.5035901 -0.8639296 -0.004758059 0.5055857 -0.8627671 -0.003982007 -7.96069e-5 1.00611e-4 -1 -9.79084e-5 8.54566e-5 -1 -1.94643e-6 -3.55151e-7 -1 -2.64931e-6 -2.15036e-6 -1 -0.9878603 -0.1469193 0.05046522 -0.592849 -0.8029696 -0.06139904 -0.2354162 -0.9694366 0.06907886 -0.9023522 0.4239962 -0.07738131 0.3786632 0.9162533 -0.1307442 -0.2795768 0.9538025 0.1099889 0.8276194 -0.5553532 -0.08141869 0.9863989 -0.08419632 0.1411679 -0.05843752 -0.9961144 -0.06588786 -0.9606133 -0.2689118 -0.07006072 -0.6382914 -0.764769 0.08782094 -0.8355817 0.5450274 0.06890958 0.08792418 0.9960296 0.01394164 -0.2447599 0.9635784 -0.1077466 0.963934 0.2649906 0.02472698 0.602817 -0.7953305 0.06372618 0.9931887 -0.05345535 -0.1035307 -0.6504589 -0.7579402 0.04929274 -0.9485269 0.3111966 0.05876481 -0.9332262 -0.339647 -0.1171694 -0.003018856 0.9988009 0.04886209 -0.4090447 0.9107889 -0.0560888 0.9160764 0.3953282 0.06722724 0.7198475 0.6921994 -0.05176508 0.5060727 -0.8621144 -0.02547723 0.6045932 -0.7919408 -0.08542263 0.5270878 -0.8497613 -0.009179949 -0.7812169 -0.6230416 0.03897535 -0.6903325 0.7180322 0.08871752 -0.9415176 -0.3195654 -0.1068767 -0.2729523 0.9598457 -0.06475555 0.8453873 0.5341535 6.08206e-4 0.7342356 0.6743384 0.07852363 0.5698075 -0.8209308 -0.03730881</float_array>
          <technique_common>
            <accessor source="#_inch_edf_-_5inch_propeller_duct_right-1-mesh-normals-array" count="2406" stride="3">
              <param name="X" type="float"/>
              <param name="Y" type="float"/>
              <param name="Z" type="float"/>
            </accessor>
          </technique_common>
        </source>
        <vertices id="_inch_edf_-_5inch_propeller_duct_right-1-mesh-vertices">
          <input semantic="POSITION" source="#_inch_edf_-_5inch_propeller_duct_right-1-mesh-positions"/>
        </vertices>
        <triangles material="Material_001-material" count="2406">
          <input semantic="VERTEX" source="#_inch_edf_-_5inch_propeller_duct_right-1-mesh-vertices" offset="0"/>
          <input semantic="NORMAL" source="#_inch_edf_-_5inch_propeller_duct_right-1-mesh-normals" offset="1"/>
          <p>1 0 3 0 7 0 7 1 3 1 8 1 14 2 15 2 4 2 4 3 15 3 5 3 4 4 5 4 6 4 6 5 5 5 7 5 6 6 7 6 8 6 86 7 9 7 10 7 10 8 9 8 11 8 10 9 11 9 12 9 12 10 11 10 13 10 12 11 13 11 14 11 14 12 13 12 15 12 9 13 21 13 20 13 25 14 26 14 16 14 16 15 26 15 17 15 16 16 17 16 18 16 16 17 18 17 19 17 19 18 18 18 20 18 19 19 20 19 21 19 0 20 22 20 23 20 0 21 23 21 24 21 24 22 23 22 25 22 25 23 23 23 26 23 22 24 0 24 27 24 22 25 27 25 28 25 28 26 27 26 29 26 28 27 29 27 30 27 30 28 29 28 33 28 30 29 33 29 34 29 38 30 39 30 31 30 31 31 39 31 32 31 31 32 32 32 33 32 33 33 32 33 34 33 35 34 36 34 38 34 38 35 36 35 39 35 47 36 40 36 41 36 41 37 40 37 42 37 41 38 42 38 43 38 43 39 42 39 44 39 43 40 44 40 45 40 45 41 44 41 36 41 45 42 36 42 35 42 51 43 46 43 52 43 52 44 46 44 47 44 47 45 46 45 40 45 49 46 48 46 50 46 48 47 49 47 51 47 48 48 51 48 52 48 49 49 50 49 56 49 53 50 2 50 54 50 53 51 54 51 55 51 55 52 54 52 56 52 55 53 56 53 50 53 53 54 57 54 2 54 59 55 61 55 58 55 58 56 60 56 67 56 67 57 60 57 62 57 59 58 65 58 61 58 58 59 61 59 60 59 59 60 64 60 65 60 63 61 64 61 59 61 69 62 64 62 63 62 69 63 63 63 66 63 62 64 68 64 67 64 67 65 68 65 66 65 68 66 69 66 66 66 67 67 72 67 71 67 78 68 75 68 73 68 72 69 78 69 73 69 74 70 76 70 67 70 66 71 75 71 77 71 66 72 74 72 67 72 66 73 77 73 74 73 72 74 76 74 78 74 72 75 67 75 76 75 75 76 66 76 73 76 63 77 73 77 66 77 2 78 57 78 1 78 1 79 57 79 3 79 37 80 80 80 79 80 71 81 81 81 80 81 71 82 80 82 37 82 71 83 70 83 81 83 83 84 84 84 82 84 37 85 85 85 83 85 83 86 85 86 84 86 59 87 90 87 63 87 87 88 92 88 88 88 87 89 88 89 91 89 63 90 90 90 92 90 91 91 88 91 89 91 59 92 89 92 90 92 83 93 91 93 59 93 91 94 89 94 59 94 86 95 21 95 9 95 94 96 93 96 63 96 63 97 87 97 94 97 63 98 92 98 87 98 83 99 98 99 37 99 98 100 97 100 37 100 97 101 95 101 37 101 58 102 96 102 59 102 95 103 96 103 58 103 83 104 96 104 98 104 83 105 59 105 96 105 67 106 102 106 99 106 67 107 99 107 100 107 67 108 100 108 58 108 103 109 101 109 37 109 37 110 101 110 71 110 37 111 95 111 58 111 37 112 58 112 100 112 101 113 102 113 71 113 37 114 100 114 103 114 67 115 71 115 102 115 106 116 107 116 108 116 108 117 107 117 109 117 108 118 109 118 110 118 110 119 109 119 111 119 110 120 111 120 112 120 112 121 111 121 113 121 112 122 113 122 114 122 114 123 113 123 115 123 114 124 115 124 116 124 116 125 115 125 117 125 116 126 117 126 118 126 119 127 127 127 105 127 119 128 105 128 120 128 120 129 105 129 121 129 120 130 121 130 122 130 122 131 121 131 118 131 122 132 118 132 117 132 130 133 131 133 123 133 123 134 131 134 124 134 124 135 131 135 104 135 104 136 131 136 125 136 104 137 125 137 126 137 126 138 125 138 127 138 127 139 125 139 105 139 107 140 106 140 128 140 107 141 128 141 129 141 129 142 128 142 130 142 130 143 128 143 131 143 1170 144 170 144 132 144 132 145 1173 145 1170 145 133 146 1173 146 132 146 133 147 1174 147 1173 147 1174 148 133 148 1175 148 1175 149 133 149 134 149 1175 150 134 150 1171 150 1171 151 134 151 171 151 1156 152 147 152 135 152 1156 153 135 153 1161 153 1161 154 135 154 1162 154 136 155 1162 155 135 155 136 156 1157 156 1162 156 137 157 138 157 139 157 139 158 138 158 140 158 139 159 140 159 141 159 141 160 140 160 142 160 142 161 140 161 941 161 142 162 941 162 143 162 142 163 143 163 981 163 981 164 143 164 144 164 981 165 144 165 145 165 145 166 144 166 146 166 146 167 144 167 147 167 146 168 147 168 148 168 148 169 147 169 1156 169 1018 170 1157 170 149 170 149 171 1157 171 150 171 149 172 150 172 151 172 151 173 150 173 152 173 151 174 152 174 1019 174 1019 175 152 175 153 175 153 176 152 176 154 176 153 177 154 177 155 177 155 178 154 178 156 178 155 179 156 179 157 179 155 180 157 180 158 180 158 181 157 181 159 181 158 182 159 182 160 182 160 183 159 183 161 183 160 184 161 184 162 184 160 185 162 185 163 185 163 186 162 186 164 186 164 187 162 187 165 187 164 188 165 188 166 188 164 189 166 189 167 189 167 190 166 190 168 190 167 191 168 191 1020 191 1020 192 168 192 169 192 169 193 168 193 170 193 169 194 170 194 255 194 255 195 170 195 1170 195 134 196 172 196 171 196 134 197 173 197 172 197 173 198 175 198 172 198 174 199 175 199 173 199 174 200 177 200 175 200 176 201 177 201 174 201 176 202 179 202 177 202 178 203 179 203 176 203 178 204 180 204 179 204 181 205 180 205 178 205 181 206 182 206 180 206 181 207 137 207 182 207 138 208 137 208 181 208 20 209 895 209 894 209 20 210 894 210 9 210 9 211 894 211 183 211 9 212 183 212 184 212 9 213 184 213 11 213 28 214 195 214 22 214 22 215 195 215 185 215 22 216 185 216 23 216 23 217 185 217 186 217 23 218 186 218 26 218 26 219 186 219 17 219 17 220 186 220 187 220 17 221 187 221 18 221 18 222 187 222 188 222 18 223 188 223 20 223 20 224 188 224 895 224 36 225 201 225 189 225 36 226 189 226 190 226 36 227 190 227 39 227 39 228 190 228 191 228 39 229 191 229 32 229 32 230 191 230 192 230 32 231 192 231 34 231 34 232 192 232 193 232 34 233 193 233 30 233 30 234 193 234 194 234 30 235 194 235 28 235 28 236 194 236 195 236 51 237 196 237 197 237 51 238 197 238 46 238 46 239 197 239 198 239 46 240 198 240 40 240 40 241 198 241 199 241 40 242 199 242 42 242 42 243 199 243 200 243 42 244 200 244 44 244 44 245 200 245 201 245 44 246 201 246 36 246 210 247 2 247 1 247 210 248 1 248 202 248 202 249 1 249 7 249 202 250 7 250 203 250 203 251 7 251 5 251 203 252 5 252 15 252 203 253 15 253 204 253 204 254 15 254 13 254 204 255 13 255 205 255 205 256 13 256 11 256 205 257 11 257 184 257 196 258 51 258 49 258 196 259 49 259 206 259 206 260 49 260 56 260 206 261 56 261 207 261 207 262 56 262 54 262 207 263 54 263 208 263 208 264 54 264 209 264 209 265 54 265 2 265 209 266 2 266 210 266 211 267 213 267 212 267 211 268 214 268 213 268 215 269 217 269 216 269 216 270 218 270 215 270 219 271 221 271 220 271 222 272 221 272 219 272 223 273 222 273 219 273 226 274 225 274 224 274 224 275 227 275 226 275 228 276 227 276 224 276 214 277 229 277 230 277 230 278 213 278 214 278 231 279 212 279 213 279 231 280 213 280 230 280 232 281 212 281 231 281 233 282 211 282 232 282 232 283 211 283 212 283 229 284 214 284 233 284 233 285 214 285 211 285 218 286 234 286 235 286 218 287 235 287 215 287 236 288 215 288 235 288 237 289 217 289 236 289 236 290 217 290 215 290 238 291 216 291 237 291 237 292 216 292 217 292 234 293 216 293 238 293 234 294 218 294 216 294 223 295 239 295 222 295 222 296 239 296 240 296 240 297 221 297 222 297 241 298 220 298 221 298 241 299 221 299 240 299 242 300 220 300 241 300 242 301 219 301 220 301 239 302 223 302 219 302 239 303 219 303 242 303 244 304 226 304 243 304 243 305 226 305 227 305 245 306 225 306 244 306 244 307 225 307 226 307 246 308 224 308 245 308 245 309 224 309 225 309 247 310 228 310 246 310 246 311 228 311 224 311 243 312 227 312 247 312 247 313 227 313 228 313 978 314 248 314 252 314 978 315 250 315 251 315 248 316 978 316 251 316 251 317 250 317 249 317 235 318 248 318 251 318 241 319 240 319 251 319 251 320 240 320 239 320 253 321 230 321 251 321 239 322 237 322 236 322 253 323 231 323 230 323 239 324 236 324 251 324 251 325 236 325 235 325 244 326 229 326 233 326 248 327 235 327 234 327 230 328 241 328 251 328 254 329 238 329 237 329 233 330 245 330 244 330 230 331 242 331 241 331 242 332 230 332 229 332 242 333 243 333 247 333 232 334 253 334 254 334 244 335 243 335 242 335 248 336 238 336 254 336 253 337 232 337 231 337 237 338 239 338 242 338 254 339 233 339 232 339 242 340 229 340 244 340 248 341 234 341 238 341 247 342 237 342 242 342 254 343 245 343 233 343 247 344 254 344 237 344 254 345 246 345 245 345 254 346 247 346 246 346 253 347 1017 347 254 347 254 348 1017 348 1170 348 1170 349 1017 349 255 349 1182 350 1017 350 253 350 251 351 249 351 1180 351 253 352 1180 352 1182 352 251 353 1180 353 253 353 248 354 1172 354 252 354 254 355 1170 355 1172 355 254 356 1172 356 248 356 256 357 259 357 258 357 260 358 259 358 256 358 256 359 261 359 260 359 256 360 257 360 261 360 264 361 263 361 262 361 266 362 265 362 262 362 262 363 263 363 266 363 267 364 269 364 268 364 271 365 270 365 267 365 267 366 268 366 271 366 272 367 273 367 276 367 275 368 274 368 272 368 272 369 276 369 275 369 261 370 277 370 260 370 278 371 259 371 260 371 278 372 260 372 277 372 279 373 258 373 259 373 279 374 259 374 278 374 280 375 256 375 279 375 279 376 256 376 258 376 280 377 257 377 256 377 277 378 261 378 257 378 277 379 257 379 280 379 266 380 281 380 265 380 265 381 281 381 282 381 282 382 262 382 265 382 283 383 262 383 282 383 284 384 264 384 283 384 283 385 264 385 262 385 285 386 263 386 264 386 285 387 264 387 284 387 281 388 266 388 285 388 285 389 266 389 263 389 268 390 286 390 271 390 287 391 270 391 286 391 286 392 270 392 271 392 288 393 267 393 287 393 287 394 267 394 270 394 289 395 269 395 288 395 288 396 269 396 267 396 290 397 268 397 289 397 289 398 268 398 269 398 286 399 268 399 290 399 275 400 291 400 292 400 292 401 274 401 275 401 294 402 272 402 274 402 294 403 274 403 292 403 295 404 273 404 293 404 293 405 273 405 272 405 293 406 272 406 294 406 295 407 276 407 273 407 291 408 275 408 276 408 291 409 276 409 295 409 297 410 298 410 296 410 296 411 298 411 300 411 298 412 297 412 299 412 286 413 284 413 283 413 302 414 285 414 284 414 284 415 286 415 290 415 302 416 288 416 301 416 301 417 288 417 287 417 277 418 280 418 297 418 302 419 284 419 289 419 301 420 287 420 296 420 287 421 279 421 296 421 284 422 290 422 289 422 289 423 288 423 302 423 296 424 279 424 278 424 280 425 287 425 286 425 296 426 278 426 277 426 297 427 281 427 285 427 297 428 285 428 302 428 287 429 280 429 279 429 280 430 293 430 294 430 280 431 282 431 293 431 280 432 292 432 297 432 280 433 294 433 292 433 297 434 291 434 295 434 297 435 282 435 281 435 283 436 280 436 286 436 297 437 292 437 291 437 280 438 283 438 282 438 282 439 297 439 295 439 296 440 277 440 297 440 282 441 295 441 293 441 1164 442 303 442 301 442 301 443 303 443 302 443 302 444 303 444 1160 444 296 445 300 445 1166 445 1166 446 1169 446 301 446 296 447 1166 447 301 447 301 448 1169 448 1164 448 297 449 1158 449 299 449 302 450 1160 450 297 450 297 451 1160 451 1159 451 1159 452 1158 452 297 452 304 453 319 453 305 453 304 454 305 454 306 454 306 455 305 455 307 455 306 456 307 456 308 456 308 457 307 457 309 457 308 458 309 458 353 458 329 459 330 459 310 459 310 460 330 460 311 460 310 461 311 461 312 461 312 462 311 462 313 462 312 463 313 463 314 463 312 464 314 464 315 464 315 465 314 465 316 465 316 466 314 466 317 466 316 467 317 467 318 467 318 468 317 468 319 468 318 469 319 469 304 469 320 470 343 470 321 470 320 471 321 471 322 471 322 472 321 472 323 472 323 473 321 473 324 473 323 474 324 474 325 474 325 475 324 475 326 475 325 476 326 476 327 476 327 477 326 477 328 477 327 478 328 478 329 478 329 479 328 479 330 479 331 480 332 480 333 480 331 481 333 481 334 481 334 482 333 482 335 482 335 483 333 483 336 483 335 484 336 484 337 484 337 485 336 485 338 485 337 486 338 486 339 486 339 487 338 487 340 487 340 488 338 488 341 488 340 489 341 489 342 489 342 490 341 490 343 490 342 491 343 491 320 491 344 492 363 492 345 492 344 493 345 493 346 493 346 494 345 494 347 494 346 495 347 495 348 495 348 496 347 496 349 496 348 497 349 497 350 497 350 498 349 498 351 498 350 499 351 499 352 499 352 500 351 500 353 500 352 501 353 501 309 501 332 502 331 502 354 502 332 503 354 503 355 503 355 504 354 504 356 504 355 505 356 505 357 505 357 506 356 506 358 506 358 507 356 507 359 507 358 508 359 508 360 508 360 509 359 509 361 509 360 510 361 510 362 510 362 511 361 511 363 511 362 512 363 512 344 512 364 513 365 513 119 513 120 514 122 514 368 514 388 515 370 515 115 515 368 516 366 516 120 516 117 517 368 517 122 517 368 518 117 518 370 518 364 519 369 519 370 519 370 520 117 520 115 520 366 521 369 521 119 521 388 522 367 522 370 522 370 523 367 523 364 523 120 524 366 524 119 524 119 525 369 525 364 525 364 526 124 526 365 526 123 527 124 527 364 527 372 528 365 528 124 528 124 529 371 529 372 529 129 530 130 530 373 530 130 531 123 531 376 531 376 532 373 532 130 532 377 533 375 533 374 533 377 534 378 534 375 534 107 535 377 535 374 535 375 536 378 536 364 536 364 537 376 537 123 537 364 538 378 538 376 538 129 539 373 539 107 539 377 540 107 540 373 540 109 541 383 541 111 541 113 542 379 542 115 542 384 543 379 543 113 543 385 544 380 544 374 544 115 545 379 545 381 545 111 546 383 546 387 546 380 547 383 547 107 547 387 548 113 548 111 548 113 549 387 549 384 549 374 550 380 550 107 550 107 551 383 551 109 551 385 552 374 552 386 552 384 553 387 553 382 553 381 554 382 554 388 554 389 555 388 555 382 555 386 556 387 556 385 556 115 557 381 557 388 557 387 558 386 558 389 558 387 559 389 559 382 559 131 560 394 560 390 560 131 561 390 561 391 561 131 562 391 562 125 562 125 563 391 563 403 563 106 564 392 564 393 564 106 565 393 565 128 565 128 566 393 566 394 566 128 567 394 567 131 567 395 568 110 568 112 568 395 569 112 569 396 569 396 570 112 570 114 570 396 571 114 571 397 571 397 572 114 572 116 572 392 573 106 573 398 573 398 574 106 574 108 574 398 575 108 575 399 575 399 576 108 576 110 576 399 577 110 577 400 577 400 578 110 578 395 578 407 579 121 579 401 579 401 580 121 580 105 580 401 581 105 581 402 581 402 582 105 582 403 582 403 583 105 583 125 583 397 584 116 584 404 584 404 585 116 585 405 585 405 586 116 586 118 586 405 587 118 587 406 587 406 588 118 588 121 588 406 589 121 589 407 589 358 590 360 590 362 590 362 591 344 591 346 591 307 592 415 592 408 592 307 593 408 593 309 593 309 594 408 594 352 594 352 595 408 595 409 595 352 596 409 596 350 596 350 597 409 597 410 597 350 598 410 598 348 598 348 599 410 599 346 599 411 600 336 600 333 600 411 601 333 601 332 601 411 602 332 602 412 602 412 603 332 603 355 603 412 604 355 604 413 604 413 605 355 605 357 605 413 606 357 606 358 606 311 607 713 607 313 607 313 608 713 608 698 608 313 609 698 609 314 609 314 610 698 610 414 610 314 611 414 611 317 611 317 612 414 612 319 612 319 613 414 613 305 613 305 614 414 614 415 614 305 615 415 615 307 615 324 616 700 616 326 616 328 617 326 617 416 617 328 618 416 618 330 618 330 619 416 619 311 619 311 620 416 620 713 620 336 621 411 621 338 621 338 622 417 622 418 622 338 623 418 623 341 623 341 624 418 624 343 624 343 625 418 625 700 625 343 626 700 626 321 626 321 627 700 627 324 627 616 628 345 628 585 628 585 629 345 629 605 629 605 630 345 630 363 630 605 631 363 631 361 631 605 632 361 632 359 632 335 633 582 633 334 633 334 634 582 634 626 634 334 635 626 635 331 635 331 636 626 636 356 636 331 637 356 637 354 637 419 638 308 638 353 638 419 639 353 639 595 639 595 640 353 640 351 640 351 641 349 641 347 641 351 642 347 642 616 642 616 643 347 643 345 643 315 644 316 644 601 644 601 645 316 645 318 645 601 646 318 646 304 646 601 647 304 647 619 647 619 648 304 648 306 648 619 649 306 649 420 649 420 650 306 650 419 650 419 651 306 651 308 651 323 652 618 652 322 652 322 653 618 653 320 653 320 654 618 654 342 654 340 655 342 655 339 655 339 656 579 656 582 656 339 657 582 657 337 657 337 658 582 658 335 658 312 659 315 659 622 659 312 660 622 660 310 660 310 661 622 661 329 661 329 662 622 662 327 662 327 663 589 663 325 663 325 664 589 664 323 664 323 665 589 665 618 665 61 666 389 666 386 666 61 667 386 667 60 667 60 668 386 668 374 668 60 669 374 669 62 669 62 670 374 670 68 670 68 671 374 671 375 671 367 672 64 672 364 672 364 673 64 673 69 673 364 674 69 674 68 674 364 675 68 675 375 675 64 676 367 676 65 676 65 677 367 677 388 677 65 678 388 678 61 678 61 679 388 679 389 679 71 680 421 680 70 680 392 681 421 681 393 681 422 682 392 682 398 682 79 683 423 683 37 683 80 684 423 684 79 684 395 685 423 685 400 685 424 686 395 686 396 686 396 687 425 687 424 687 396 688 37 688 425 688 84 689 426 689 82 689 397 690 404 690 426 690 427 691 404 691 405 691 405 692 82 692 427 692 91 693 428 693 87 693 401 694 428 694 407 694 429 695 401 695 402 695 402 696 87 696 429 696 63 697 391 697 73 697 394 698 430 698 390 698 394 699 73 699 430 699 87 700 365 700 94 700 94 701 365 701 372 701 94 702 372 702 93 702 93 703 372 703 371 703 93 704 371 704 63 704 433 705 63 705 371 705 431 706 402 706 403 706 431 707 403 707 432 707 432 708 403 708 433 708 433 709 403 709 391 709 433 710 391 710 63 710 87 711 402 711 431 711 87 712 431 712 365 712 82 713 405 713 83 713 83 714 405 714 406 714 83 715 406 715 407 715 83 716 407 716 91 716 91 717 407 717 428 717 37 718 396 718 85 718 85 719 396 719 397 719 85 720 397 720 84 720 84 721 397 721 426 721 422 722 398 722 70 722 70 723 398 723 81 723 81 724 398 724 399 724 81 725 399 725 80 725 80 726 399 726 400 726 80 727 400 727 423 727 73 728 394 728 72 728 72 729 394 729 393 729 72 730 393 730 71 730 71 731 393 731 421 731 434 732 82 732 0 732 434 733 427 733 82 733 435 734 427 734 434 734 435 735 404 735 427 735 436 736 404 736 435 736 436 737 426 737 404 737 437 738 426 738 436 738 82 739 426 739 437 739 0 740 82 740 437 740 438 741 425 741 35 741 35 742 425 742 37 742 425 743 438 743 424 743 439 744 424 744 438 744 439 745 395 745 424 745 440 746 423 746 395 746 440 747 395 747 439 747 37 748 423 748 440 748 35 749 37 749 440 749 441 750 422 750 48 750 48 751 422 751 70 751 441 752 392 752 422 752 392 753 441 753 442 753 442 754 421 754 392 754 443 755 421 755 442 755 70 756 421 756 443 756 48 757 70 757 443 757 444 758 73 758 8 758 444 759 430 759 73 759 445 760 430 760 444 760 445 761 390 761 430 761 445 762 391 762 390 762 446 763 391 763 445 763 73 764 391 764 446 764 8 765 73 765 446 765 483 766 450 766 449 766 449 767 451 767 452 767 453 768 459 768 457 768 453 769 457 769 454 769 454 770 457 770 613 770 449 771 458 771 451 771 587 772 567 772 447 772 449 773 450 773 458 773 478 774 450 774 483 774 454 775 613 775 455 775 596 776 581 776 553 776 452 777 459 777 453 777 596 778 553 778 460 778 461 779 594 779 568 779 452 780 451 780 459 780 462 781 587 781 447 781 607 782 587 782 462 782 604 783 596 783 460 783 463 784 600 784 569 784 451 785 464 785 459 785 604 786 460 786 467 786 455 787 613 787 599 787 463 788 627 788 600 788 465 789 594 789 461 789 450 790 642 790 458 790 465 791 461 791 466 791 451 792 458 792 464 792 630 793 607 793 462 793 450 794 478 794 642 794 457 795 459 795 634 795 457 796 634 796 469 796 468 797 604 797 467 797 457 798 469 798 613 798 470 799 630 799 462 799 458 800 642 800 639 800 471 801 465 801 466 801 459 802 464 802 634 802 473 803 627 803 463 803 473 804 463 804 448 804 476 805 630 805 470 805 472 806 632 806 468 806 468 807 467 807 474 807 472 808 468 808 474 808 474 809 467 809 477 809 475 810 471 810 466 810 458 811 639 811 464 811 634 812 464 812 512 812 481 813 473 813 448 813 480 814 471 814 475 814 627 815 473 815 479 815 482 816 471 816 480 816 487 817 479 817 473 817 630 818 476 818 485 818 487 819 473 819 481 819 482 820 631 820 471 820 485 821 625 821 630 821 474 822 489 822 472 822 486 823 644 823 478 823 486 824 478 824 483 824 502 825 627 825 479 825 488 826 476 826 470 826 485 827 476 827 488 827 505 828 484 828 634 828 486 829 483 829 491 829 492 830 479 830 487 830 489 831 474 831 494 831 493 832 644 832 486 832 499 833 511 833 485 833 482 834 480 834 496 834 480 835 475 835 497 835 474 836 477 836 494 836 494 837 477 837 495 837 487 838 481 838 490 838 488 839 470 839 500 839 501 840 503 840 482 840 522 841 479 841 492 841 507 842 472 842 489 842 506 843 489 843 494 843 510 844 492 844 487 844 498 845 487 845 490 845 499 846 485 846 488 846 501 847 482 847 496 847 522 848 502 848 479 848 529 849 511 849 499 849 497 850 496 850 480 850 504 851 484 851 505 851 507 852 632 852 472 852 508 853 489 853 506 853 638 854 493 854 509 854 493 855 486 855 491 855 507 856 489 856 508 856 511 857 625 857 485 857 513 858 488 858 500 858 510 859 487 859 498 859 513 860 499 860 488 860 513 861 500 861 516 861 496 862 497 862 517 862 519 863 493 863 491 863 519 864 491 864 514 864 520 865 522 865 492 865 518 866 492 866 510 866 506 867 494 867 523 867 532 868 503 868 501 868 509 869 493 869 519 869 529 870 499 870 515 870 527 871 494 871 495 871 522 872 624 872 502 872 498 873 490 873 521 873 551 874 505 874 512 874 525 875 509 875 519 875 515 876 499 876 513 876 508 877 506 877 523 877 527 878 523 878 494 878 501 879 496 879 533 879 525 880 534 880 509 880 526 881 510 881 498 881 643 882 640 882 509 882 528 883 518 883 510 883 517 884 533 884 496 884 555 885 512 885 524 885 531 886 631 886 482 886 533 887 532 887 501 887 643 888 509 888 534 888 526 889 528 889 510 889 526 890 498 890 521 890 516 891 500 891 530 891 531 892 482 892 503 892 521 893 490 893 535 893 556 894 503 894 532 894 504 895 505 895 551 895 551 896 512 896 555 896 628 897 625 897 511 897 520 898 492 898 518 898 523 899 542 899 508 899 518 900 528 900 536 900 515 901 513 901 540 901 540 902 513 902 516 902 537 903 527 903 495 903 539 904 516 904 530 904 543 905 527 905 537 905 552 906 511 906 529 906 629 907 632 907 507 907 531 908 563 908 631 908 556 909 531 909 503 909 526 910 521 910 535 910 547 911 542 911 523 911 543 912 523 912 527 912 544 913 534 913 525 913 541 914 519 914 514 914 624 915 522 915 520 915 540 916 516 916 539 916 556 917 532 917 550 917 525 918 519 918 541 918 557 919 528 919 526 919 545 920 529 920 515 920 552 921 529 921 545 921 550 922 532 922 548 922 559 923 533 923 517 923 541 924 514 924 1119 924 507 925 508 925 542 925 561 926 542 926 547 926 547 927 523 927 543 927 549 928 643 928 534 928 549 929 534 929 544 929 546 930 515 930 540 930 552 931 628 931 511 931 548 932 532 932 533 932 541 933 544 933 525 933 623 934 504 934 554 934 559 935 517 935 456 935 557 936 526 936 567 936 545 937 515 937 573 937 573 938 515 938 546 938 553 939 539 939 530 939 558 940 533 940 559 940 597 941 520 941 518 941 536 942 528 942 560 942 567 943 526 943 535 943 546 944 540 944 539 944 560 945 528 945 557 945 562 946 547 946 543 946 558 947 548 947 533 947 561 948 547 948 562 948 554 949 504 949 551 949 554 950 551 950 555 950 584 951 556 951 550 951 555 952 636 952 603 952 566 953 550 953 548 953 567 954 535 954 447 954 544 955 541 955 572 955 597 956 518 956 536 956 578 957 536 957 560 957 581 958 539 958 553 958 562 959 543 959 571 959 568 960 543 960 537 960 549 961 544 961 564 961 541 962 1119 962 569 962 575 963 536 963 578 963 633 964 628 964 552 964 573 965 546 965 570 965 565 966 629 966 507 966 579 967 507 967 542 967 574 968 548 968 558 968 568 969 571 969 543 969 603 970 554 970 555 970 564 971 544 971 572 971 576 972 560 972 557 972 557 973 567 973 576 973 588 974 573 974 577 974 546 975 539 975 581 975 574 976 566 976 548 976 572 977 541 977 569 977 597 978 536 978 575 978 579 979 542 979 561 979 621 980 556 980 584 980 584 981 550 981 566 981 577 982 573 982 570 982 583 983 561 983 562 983 558 984 559 984 456 984 619 985 624 985 520 985 585 986 623 986 554 986 592 987 609 987 629 987 621 988 531 988 556 988 587 989 576 989 567 989 579 990 561 990 582 990 549 991 586 991 641 991 590 992 546 992 581 992 583 993 562 993 591 993 591 994 562 994 571 994 586 995 549 995 564 995 601 996 520 996 597 996 552 997 545 997 589 997 592 998 629 998 565 998 507 999 579 999 565 999 583 1000 582 1000 561 1000 570 1001 546 1001 590 1001 595 1002 603 1002 580 1002 572 1003 569 1003 600 1003 593 1004 576 1004 587 1004 571 1005 568 1005 594 1005 599 1006 558 1006 456 1006 599 1007 456 1007 455 1007 590 1008 581 1008 596 1008 591 1009 571 1009 594 1009 606 1010 572 1010 600 1010 602 1011 577 1011 570 1011 589 1012 545 1012 573 1012 620 1013 583 1013 591 1013 574 1014 558 1014 599 1014 606 1015 564 1015 572 1015 582 1016 583 1016 598 1016 610 1017 560 1017 576 1017 602 1018 570 1018 590 1018 608 1019 566 1019 574 1019 586 1020 564 1020 606 1020 610 1021 576 1021 593 1021 563 1022 531 1022 621 1022 605 1023 566 1023 608 1023 611 1024 578 1024 560 1024 619 1025 520 1025 601 1025 611 1026 560 1026 610 1026 593 1027 587 1027 607 1027 577 1028 602 1028 609 1028 590 1029 596 1029 604 1029 584 1030 566 1030 605 1030 612 1031 608 1031 574 1031 612 1032 599 1032 613 1032 605 1033 623 1033 585 1033 641 1034 586 1034 617 1034 614 1035 586 1035 606 1035 614 1036 606 1036 600 1036 589 1037 573 1037 618 1037 359 1038 621 1038 584 1038 612 1039 574 1039 599 1039 588 1040 577 1040 609 1040 619 1041 420 1041 641 1041 618 1042 573 1042 588 1042 620 1043 598 1043 583 1043 605 1044 608 1044 623 1044 625 1045 593 1045 607 1045 619 1046 641 1046 617 1046 614 1047 600 1047 627 1047 625 1048 610 1048 593 1048 615 1049 591 1049 465 1049 465 1050 591 1050 594 1050 616 1051 554 1051 603 1051 616 1052 603 1052 595 1052 624 1053 586 1053 614 1053 622 1054 578 1054 611 1054 624 1055 617 1055 586 1055 625 1056 628 1056 610 1056 615 1057 620 1057 591 1057 315 1058 575 1058 578 1058 327 1059 633 1059 552 1059 315 1060 578 1060 622 1060 339 1061 592 1061 565 1061 626 1062 563 1062 621 1062 631 1063 615 1063 465 1063 585 1064 554 1064 616 1064 315 1065 597 1065 575 1065 327 1066 552 1066 589 1066 629 1067 609 1067 602 1067 468 1068 590 1068 604 1068 563 1069 598 1069 620 1069 315 1070 601 1070 597 1070 630 1071 625 1071 607 1071 602 1072 590 1072 632 1072 623 1073 608 1073 484 1073 624 1074 614 1074 502 1074 611 1075 610 1075 628 1075 592 1076 588 1076 609 1076 632 1077 590 1077 468 1077 342 1078 592 1078 339 1078 339 1079 565 1079 579 1079 582 1080 598 1080 626 1080 484 1081 608 1081 612 1081 469 1082 612 1082 613 1082 563 1083 620 1083 615 1083 627 1084 502 1084 614 1084 622 1085 611 1085 633 1085 629 1086 602 1086 632 1086 605 1087 359 1087 584 1087 342 1088 618 1088 588 1088 342 1089 588 1089 592 1089 563 1090 626 1090 598 1090 631 1091 465 1091 471 1091 504 1092 623 1092 484 1092 484 1093 612 1093 469 1093 563 1094 615 1094 631 1094 351 1095 616 1095 595 1095 626 1096 621 1096 356 1096 633 1097 611 1097 628 1097 359 1098 356 1098 621 1098 633 1099 327 1099 622 1099 635 1100 595 1100 580 1100 538 1101 636 1101 555 1101 538 1102 555 1102 524 1102 512 1103 505 1103 634 1103 634 1104 484 1104 469 1104 580 1105 603 1105 636 1105 637 1106 595 1106 635 1106 419 1107 595 1107 637 1107 640 1108 635 1108 580 1108 464 1109 524 1109 512 1109 640 1110 580 1110 638 1110 636 1111 538 1111 644 1111 538 1112 524 1112 639 1112 638 1113 636 1113 644 1113 639 1114 524 1114 464 1114 637 1115 635 1115 640 1115 638 1116 580 1116 636 1116 637 1117 640 1117 643 1117 641 1118 419 1118 637 1118 642 1119 538 1119 639 1119 420 1120 419 1120 641 1120 642 1121 644 1121 538 1121 549 1122 637 1122 643 1122 549 1123 641 1123 637 1123 509 1124 640 1124 638 1124 478 1125 644 1125 642 1125 493 1126 638 1126 644 1126 624 1127 619 1127 617 1127 645 1128 1176 1128 1177 1128 645 1129 1179 1129 1176 1129 646 1130 1179 1130 645 1130 1179 1131 646 1131 1178 1131 1178 1132 646 1132 1181 1132 1181 1133 646 1133 682 1133 1181 1134 682 1134 683 1134 1082 1135 1167 1135 1163 1135 1082 1136 1168 1136 1167 1136 647 1137 1168 1137 1082 1137 1168 1138 647 1138 1165 1138 1165 1139 647 1139 648 1139 1165 1140 648 1140 1164 1140 1164 1141 648 1141 658 1141 1164 1142 658 1142 660 1142 693 1143 649 1143 694 1143 694 1144 649 1144 650 1144 649 1145 651 1145 650 1145 650 1146 651 1146 652 1146 651 1147 653 1147 652 1147 652 1148 653 1148 654 1148 653 1149 655 1149 654 1149 654 1150 655 1150 656 1150 655 1151 657 1151 656 1151 656 1152 657 1152 658 1152 657 1153 659 1153 658 1153 658 1154 659 1154 660 1154 1163 1155 1016 1155 661 1155 1163 1156 661 1156 662 1156 662 1157 661 1157 663 1157 662 1158 663 1158 664 1158 662 1159 664 1159 666 1159 666 1160 664 1160 665 1160 666 1161 665 1161 667 1161 667 1162 665 1162 668 1162 667 1163 668 1163 669 1163 669 1164 668 1164 670 1164 669 1165 670 1165 1062 1165 670 1166 671 1166 1062 1166 1062 1167 671 1167 672 1167 671 1168 673 1168 672 1168 672 1169 673 1169 674 1169 674 1170 673 1170 676 1170 673 1171 675 1171 676 1171 676 1172 675 1172 677 1172 675 1173 678 1173 677 1173 678 1174 679 1174 677 1174 677 1175 679 1175 680 1175 679 1176 681 1176 680 1176 680 1177 681 1177 682 1177 682 1178 681 1178 683 1178 1177 1179 979 1179 684 1179 1177 1180 684 1180 685 1180 685 1181 684 1181 686 1181 686 1182 684 1182 687 1182 686 1183 687 1183 688 1183 688 1184 687 1184 689 1184 688 1185 689 1185 690 1185 690 1186 689 1186 691 1186 690 1187 691 1187 692 1187 692 1188 691 1188 693 1188 692 1189 693 1189 694 1189 695 1190 429 1190 86 1190 86 1191 429 1191 87 1191 695 1192 401 1192 429 1192 401 1193 695 1193 696 1193 696 1194 428 1194 401 1194 697 1195 428 1195 696 1195 87 1196 428 1196 697 1196 86 1197 87 1197 697 1197 338 1198 411 1198 417 1198 701 1199 362 1199 346 1199 699 1200 346 1200 410 1200 701 1201 346 1201 699 1201 700 1202 706 1202 326 1202 414 1203 698 1203 702 1203 326 1204 706 1204 703 1204 704 1205 410 1205 409 1205 326 1206 703 1206 416 1206 418 1207 705 1207 700 1207 707 1208 409 1208 408 1208 358 1209 362 1209 701 1209 412 1210 708 1210 411 1210 698 1211 713 1211 721 1211 411 1212 708 1212 711 1212 358 1213 701 1213 712 1213 408 1214 415 1214 715 1214 717 1215 701 1215 699 1215 708 1216 412 1216 716 1216 714 1217 358 1217 712 1217 411 1218 711 1218 709 1218 714 1219 413 1219 358 1219 411 1220 709 1220 417 1220 713 1221 416 1221 724 1221 716 1222 412 1222 413 1222 414 1223 718 1223 415 1223 702 1224 719 1224 414 1224 698 1225 721 1225 702 1225 415 1226 718 1226 715 1226 715 1227 707 1227 408 1227 418 1228 722 1228 827 1228 418 1229 827 1229 705 1229 700 1230 705 1230 710 1230 710 1231 725 1231 700 1231 417 1232 709 1232 722 1232 699 1233 410 1233 704 1233 744 1234 409 1234 707 1234 716 1235 413 1235 723 1235 414 1236 719 1236 720 1236 700 1237 725 1237 706 1237 417 1238 722 1238 418 1238 704 1239 409 1239 744 1239 414 1240 720 1240 718 1240 711 1241 846 1241 709 1241 725 1242 809 1242 706 1242 711 1243 708 1243 849 1243 711 1244 849 1244 846 1244 702 1245 775 1245 719 1245 706 1246 809 1246 703 1246 862 1247 413 1247 714 1247 703 1248 803 1248 416 1248 713 1249 724 1249 790 1249 713 1250 790 1250 721 1250 709 1251 833 1251 722 1251 707 1252 715 1252 753 1252 862 1253 723 1253 413 1253 703 1254 809 1254 803 1254 726 1255 716 1255 723 1255 714 1256 712 1256 871 1256 726 1257 708 1257 716 1257 699 1258 704 1258 734 1258 849 1259 708 1259 726 1259 720 1260 763 1260 718 1260 718 1261 758 1261 715 1261 724 1262 416 1262 793 1262 721 1263 790 1263 785 1263 727 1264 875 1264 728 1264 728 1265 875 1265 729 1265 730 1266 729 1266 877 1266 717 1267 877 1267 701 1267 728 1268 729 1268 730 1268 731 1269 877 1269 717 1269 731 1270 730 1270 877 1270 732 1271 727 1271 728 1271 732 1272 728 1272 733 1272 733 1273 728 1273 730 1273 734 1274 730 1274 731 1274 734 1275 717 1275 699 1275 734 1276 731 1276 717 1276 735 1277 733 1277 730 1277 735 1278 730 1278 734 1278 732 1279 733 1279 736 1279 737 1280 732 1280 736 1280 736 1281 733 1281 735 1281 704 1282 735 1282 734 1282 739 1283 737 1283 736 1283 738 1284 737 1284 739 1284 740 1285 736 1285 735 1285 740 1286 735 1286 704 1286 741 1287 736 1287 740 1287 741 1288 739 1288 736 1288 742 1289 738 1289 739 1289 741 1290 740 1290 744 1290 744 1291 740 1291 704 1291 743 1292 742 1292 739 1292 743 1293 739 1293 741 1293 746 1294 741 1294 744 1294 743 1295 745 1295 742 1295 743 1296 741 1296 747 1296 747 1297 741 1297 746 1297 748 1298 743 1298 747 1298 707 1299 746 1299 744 1299 749 1300 743 1300 748 1300 749 1301 745 1301 743 1301 750 1302 745 1302 749 1302 747 1303 746 1303 707 1303 751 1304 749 1304 748 1304 750 1305 749 1305 751 1305 751 1306 748 1306 747 1306 753 1307 751 1307 747 1307 754 1308 750 1308 751 1308 752 1309 750 1309 754 1309 753 1310 747 1310 707 1310 754 1311 751 1311 755 1311 755 1312 751 1312 753 1312 756 1313 752 1313 754 1313 756 1314 754 1314 757 1314 758 1315 755 1315 753 1315 758 1316 753 1316 715 1316 757 1317 754 1317 755 1317 757 1318 755 1318 758 1318 759 1319 756 1319 757 1319 760 1320 756 1320 759 1320 761 1321 759 1321 757 1321 757 1322 758 1322 763 1322 760 1323 759 1323 762 1323 762 1324 759 1324 761 1324 761 1325 757 1325 763 1325 764 1326 760 1326 762 1326 718 1327 763 1327 758 1327 764 1328 762 1328 765 1328 762 1329 761 1329 766 1329 766 1330 761 1330 763 1330 765 1331 762 1331 766 1331 768 1332 764 1332 765 1332 766 1333 768 1333 765 1333 720 1334 766 1334 763 1334 767 1335 764 1335 768 1335 769 1336 766 1336 720 1336 769 1337 768 1337 766 1337 767 1338 768 1338 770 1338 770 1339 768 1339 769 1339 769 1340 720 1340 772 1340 719 1341 772 1341 720 1341 773 1342 767 1342 771 1342 771 1343 767 1343 770 1343 772 1344 770 1344 769 1344 774 1345 771 1345 770 1345 774 1346 770 1346 772 1346 775 1347 772 1347 719 1347 777 1348 771 1348 774 1348 774 1349 772 1349 775 1349 776 1350 773 1350 771 1350 778 1351 771 1351 777 1351 778 1352 776 1352 771 1352 779 1353 774 1353 775 1353 779 1354 777 1354 774 1354 778 1355 777 1355 781 1355 780 1356 776 1356 778 1356 781 1357 777 1357 779 1357 782 1358 779 1358 775 1358 782 1359 775 1359 702 1359 783 1360 781 1360 779 1360 780 1361 778 1361 781 1361 783 1362 779 1362 782 1362 721 1363 782 1363 702 1363 780 1364 781 1364 784 1364 784 1365 781 1365 783 1365 787 1366 780 1366 784 1366 785 1367 782 1367 721 1367 785 1368 783 1368 782 1368 786 1369 780 1369 787 1369 785 1370 784 1370 783 1370 788 1371 787 1371 784 1371 788 1372 784 1372 785 1372 786 1373 787 1373 789 1373 789 1374 787 1374 788 1374 790 1375 788 1375 785 1375 791 1376 788 1376 790 1376 792 1377 789 1377 788 1377 792 1378 788 1378 791 1378 794 1379 789 1379 792 1379 793 1380 791 1380 790 1380 795 1381 791 1381 793 1381 793 1382 790 1382 724 1382 795 1383 792 1383 791 1383 796 1384 795 1384 793 1384 794 1385 792 1385 797 1385 792 1386 795 1386 798 1386 799 1387 794 1387 797 1387 798 1388 795 1388 796 1388 797 1389 792 1389 798 1389 796 1390 793 1390 416 1390 800 1391 798 1391 796 1391 802 1392 799 1392 797 1392 801 1393 802 1393 797 1393 801 1394 797 1394 798 1394 803 1395 800 1395 796 1395 800 1396 801 1396 798 1396 803 1397 796 1397 416 1397 804 1398 801 1398 800 1398 804 1399 800 1399 803 1399 805 1400 802 1400 801 1400 805 1401 801 1401 804 1401 806 1402 802 1402 805 1402 807 1403 804 1403 803 1403 808 1404 804 1404 807 1404 807 1405 803 1405 809 1405 808 1406 805 1406 804 1406 806 1407 805 1407 811 1407 808 1408 811 1408 805 1408 811 1409 810 1409 806 1409 812 1410 811 1410 808 1410 813 1411 808 1411 807 1411 812 1412 810 1412 811 1412 813 1413 807 1413 809 1413 815 1414 810 1414 812 1414 812 1415 808 1415 813 1415 813 1416 809 1416 725 1416 814 1417 810 1417 815 1417 815 1418 812 1418 816 1418 816 1419 812 1419 813 1419 817 1420 814 1420 815 1420 816 1421 813 1421 725 1421 816 1422 725 1422 710 1422 817 1423 815 1423 816 1423 817 1424 816 1424 819 1424 820 1425 814 1425 818 1425 818 1426 814 1426 817 1426 821 1427 820 1427 818 1427 822 1428 818 1428 817 1428 822 1429 817 1429 819 1429 710 1430 819 1430 816 1430 822 1431 821 1431 818 1431 823 1432 819 1432 710 1432 823 1433 710 1433 705 1433 824 1434 820 1434 821 1434 822 1435 819 1435 823 1435 825 1436 821 1436 822 1436 826 1437 822 1437 823 1437 824 1438 821 1438 825 1438 825 1439 822 1439 826 1439 827 1440 823 1440 705 1440 827 1441 826 1441 823 1441 828 1442 824 1442 825 1442 825 1443 826 1443 829 1443 828 1444 825 1444 829 1444 831 1445 826 1445 827 1445 831 1446 829 1446 826 1446 722 1447 831 1447 827 1447 830 1448 828 1448 829 1448 832 1449 829 1449 831 1449 830 1450 829 1450 832 1450 830 1451 832 1451 834 1451 833 1452 831 1452 722 1452 833 1453 832 1453 831 1453 837 1454 830 1454 834 1454 835 1455 834 1455 832 1455 835 1456 832 1456 836 1456 836 1457 832 1457 833 1457 837 1458 834 1458 835 1458 837 1459 835 1459 840 1459 839 1460 836 1460 833 1460 839 1461 833 1461 709 1461 841 1462 835 1462 836 1462 840 1463 835 1463 841 1463 839 1464 841 1464 836 1464 838 1465 837 1465 840 1465 843 1466 840 1466 841 1466 842 1467 838 1467 840 1467 842 1468 840 1468 843 1468 841 1469 839 1469 846 1469 844 1470 843 1470 841 1470 846 1471 839 1471 709 1471 846 1472 844 1472 841 1472 845 1473 842 1473 843 1473 847 1474 843 1474 844 1474 847 1475 845 1475 843 1475 851 1476 844 1476 846 1476 848 1477 845 1477 847 1477 851 1478 846 1478 849 1478 850 1479 847 1479 844 1479 848 1480 847 1480 850 1480 851 1481 850 1481 844 1481 853 1482 848 1482 850 1482 853 1483 850 1483 854 1483 850 1484 851 1484 854 1484 849 1485 854 1485 851 1485 852 1486 848 1486 853 1486 854 1487 849 1487 726 1487 855 1488 852 1488 853 1488 856 1489 853 1489 854 1489 857 1490 855 1490 853 1490 857 1491 853 1491 856 1491 858 1492 855 1492 857 1492 856 1493 854 1493 726 1493 859 1494 857 1494 856 1494 858 1495 857 1495 859 1495 856 1496 726 1496 723 1496 860 1497 858 1497 859 1497 859 1498 856 1498 861 1498 861 1499 856 1499 862 1499 862 1500 856 1500 723 1500 863 1501 860 1501 859 1501 863 1502 859 1502 861 1502 864 1503 860 1503 863 1503 865 1504 864 1504 863 1504 867 1505 865 1505 863 1505 863 1506 861 1506 867 1506 714 1507 861 1507 862 1507 866 1508 867 1508 861 1508 866 1509 861 1509 714 1509 866 1510 869 1510 867 1510 865 1511 867 1511 869 1511 871 1512 866 1512 714 1512 870 1513 864 1513 865 1513 868 1514 864 1514 870 1514 870 1515 865 1515 869 1515 874 1516 866 1516 871 1516 873 1517 870 1517 869 1517 869 1518 866 1518 874 1518 872 1519 868 1519 870 1519 872 1520 870 1520 873 1520 712 1521 874 1521 871 1521 875 1522 868 1522 872 1522 873 1523 869 1523 874 1523 876 1524 872 1524 873 1524 875 1525 872 1525 876 1525 874 1526 712 1526 701 1526 877 1527 876 1527 873 1527 877 1528 873 1528 874 1528 877 1529 874 1529 701 1529 875 1530 876 1530 729 1530 729 1531 876 1531 877 1531 434 1532 0 1532 794 1532 435 1533 434 1533 794 1533 436 1534 435 1534 799 1534 799 1535 435 1535 794 1535 27 1536 437 1536 436 1536 437 1537 27 1537 0 1537 438 1538 35 1538 824 1538 439 1539 824 1539 828 1539 824 1540 439 1540 438 1540 828 1541 440 1541 439 1541 440 1542 45 1542 35 1542 441 1543 48 1543 855 1543 855 1544 442 1544 441 1544 50 1545 443 1545 442 1545 858 1546 442 1546 855 1546 443 1547 50 1547 48 1547 444 1548 8 1548 732 1548 445 1549 444 1549 732 1549 446 1550 445 1550 732 1550 737 1551 446 1551 732 1551 446 1552 6 1552 8 1552 695 1553 86 1553 764 1553 764 1554 696 1554 695 1554 767 1555 696 1555 764 1555 21 1556 697 1556 696 1556 697 1557 21 1557 86 1557 52 1558 855 1558 48 1558 45 1559 440 1559 828 1559 45 1560 828 1560 830 1560 45 1561 830 1561 43 1561 43 1562 830 1562 837 1562 43 1563 837 1563 41 1563 41 1564 837 1564 838 1564 41 1565 838 1565 47 1565 47 1566 838 1566 842 1566 47 1567 842 1567 845 1567 47 1568 845 1568 848 1568 47 1569 848 1569 52 1569 52 1570 848 1570 852 1570 52 1571 852 1571 855 1571 38 1572 824 1572 35 1572 27 1573 436 1573 799 1573 27 1574 799 1574 29 1574 29 1575 799 1575 802 1575 29 1576 802 1576 806 1576 29 1577 806 1577 33 1577 33 1578 806 1578 810 1578 33 1579 810 1579 814 1579 33 1580 814 1580 31 1580 31 1581 814 1581 820 1581 31 1582 820 1582 38 1582 38 1583 820 1583 824 1583 21 1584 696 1584 767 1584 21 1585 767 1585 773 1585 21 1586 773 1586 19 1586 19 1587 773 1587 776 1587 19 1588 776 1588 16 1588 16 1589 776 1589 780 1589 16 1590 780 1590 25 1590 25 1591 780 1591 786 1591 25 1592 786 1592 789 1592 25 1593 789 1593 24 1593 24 1594 789 1594 794 1594 24 1595 794 1595 0 1595 6 1596 446 1596 737 1596 6 1597 737 1597 738 1597 6 1598 738 1598 4 1598 4 1599 738 1599 742 1599 4 1600 742 1600 745 1600 4 1601 745 1601 14 1601 14 1602 745 1602 750 1602 14 1603 750 1603 12 1603 12 1604 750 1604 752 1604 12 1605 752 1605 10 1605 10 1606 752 1606 756 1606 10 1607 756 1607 760 1607 10 1608 760 1608 764 1608 10 1609 764 1609 86 1609 3 1610 732 1610 8 1610 50 1611 442 1611 858 1611 50 1612 858 1612 860 1612 50 1613 860 1613 55 1613 55 1614 860 1614 864 1614 55 1615 864 1615 868 1615 55 1616 868 1616 53 1616 53 1617 868 1617 875 1617 53 1618 875 1618 57 1618 57 1619 875 1619 727 1619 57 1620 727 1620 3 1620 3 1621 727 1621 732 1621 188 1622 187 1622 883 1622 190 1623 189 1623 878 1623 190 1624 878 1624 191 1624 194 1625 193 1625 918 1625 194 1626 918 1626 195 1626 198 1627 889 1627 199 1627 201 1628 200 1628 879 1628 885 1629 210 1629 202 1629 880 1630 203 1630 204 1630 881 1631 204 1631 205 1631 186 1632 912 1632 187 1632 899 1633 203 1633 880 1633 882 1634 206 1634 207 1634 881 1635 880 1635 204 1635 202 1636 203 1636 899 1636 199 1637 884 1637 200 1637 186 1638 185 1638 891 1638 187 1639 912 1639 883 1639 882 1640 196 1640 206 1640 885 1641 209 1641 210 1641 196 1642 931 1642 197 1642 198 1643 929 1643 889 1643 200 1644 884 1644 879 1644 205 1645 184 1645 886 1645 198 1646 197 1646 929 1646 191 1647 888 1647 192 1647 881 1648 205 1648 886 1648 201 1649 887 1649 189 1649 201 1650 879 1650 887 1650 889 1651 925 1651 199 1651 933 1652 882 1652 207 1652 883 1653 908 1653 188 1653 196 1654 882 1654 932 1654 934 1655 207 1655 208 1655 208 1656 209 1656 937 1656 937 1657 209 1657 885 1657 189 1658 890 1658 878 1658 908 1659 895 1659 188 1659 885 1660 202 1660 897 1660 192 1661 888 1661 193 1661 931 1662 929 1662 197 1662 880 1663 881 1663 903 1663 918 1664 917 1664 195 1664 199 1665 924 1665 884 1665 914 1666 891 1666 185 1666 931 1667 196 1667 932 1667 191 1668 878 1668 888 1668 207 1669 934 1669 933 1669 917 1670 916 1670 195 1670 195 1671 916 1671 185 1671 901 1672 880 1672 903 1672 925 1673 924 1673 199 1673 919 1674 918 1674 193 1674 901 1675 899 1675 880 1675 913 1676 912 1676 186 1676 883 1677 909 1677 908 1677 185 1678 916 1678 914 1678 189 1679 887 1679 890 1679 897 1680 202 1680 899 1680 971 1681 882 1681 933 1681 929 1682 928 1682 889 1682 879 1683 922 1683 887 1683 891 1684 913 1684 186 1684 934 1685 208 1685 935 1685 886 1686 184 1686 892 1686 184 1687 893 1687 892 1687 893 1688 904 1688 892 1688 184 1689 183 1689 893 1689 183 1690 894 1690 893 1690 893 1691 894 1691 906 1691 894 1692 895 1692 906 1692 906 1693 895 1693 908 1693 976 1694 938 1694 896 1694 897 1695 896 1695 885 1695 939 1696 896 1696 897 1696 898 1697 939 1697 897 1697 899 1698 898 1698 897 1698 940 1699 898 1699 899 1699 900 1700 940 1700 899 1700 901 1701 900 1701 899 1701 902 1702 900 1702 901 1702 903 1703 902 1703 901 1703 942 1704 902 1704 903 1704 943 1705 942 1705 903 1705 881 1706 943 1706 903 1706 886 1707 943 1707 881 1707 944 1708 943 1708 886 1708 892 1709 944 1709 886 1709 945 1710 944 1710 892 1710 904 1711 945 1711 892 1711 905 1712 946 1712 904 1712 893 1713 905 1713 904 1713 947 1714 905 1714 893 1714 906 1715 947 1715 893 1715 948 1716 947 1716 906 1716 907 1717 948 1717 906 1717 908 1718 907 1718 906 1718 949 1719 907 1719 908 1719 949 1720 908 1720 909 1720 950 1721 949 1721 909 1721 950 1722 909 1722 910 1722 910 1723 909 1723 883 1723 912 1724 910 1724 883 1724 911 1725 910 1725 912 1725 951 1726 910 1726 911 1726 952 1727 951 1727 911 1727 913 1728 952 1728 911 1728 913 1729 911 1729 912 1729 953 1730 952 1730 913 1730 953 1731 913 1731 891 1731 914 1732 953 1732 891 1732 915 1733 953 1733 914 1733 916 1734 915 1734 914 1734 916 1735 954 1735 915 1735 956 1736 954 1736 916 1736 956 1737 916 1737 917 1737 917 1738 955 1738 956 1738 958 1739 957 1739 917 1739 958 1740 917 1740 918 1740 919 1741 958 1741 918 1741 959 1742 958 1742 919 1742 960 1743 919 1743 193 1743 959 1744 919 1744 960 1744 960 1745 193 1745 888 1745 920 1746 960 1746 888 1746 961 1747 960 1747 920 1747 878 1748 920 1748 888 1748 962 1749 920 1749 878 1749 962 1750 878 1750 890 1750 921 1751 962 1751 890 1751 963 1752 962 1752 921 1752 921 1753 890 1753 887 1753 922 1754 921 1754 887 1754 964 1755 921 1755 922 1755 965 1756 964 1756 922 1756 884 1757 922 1757 879 1757 923 1758 965 1758 922 1758 923 1759 922 1759 884 1759 966 1760 965 1760 923 1760 924 1761 923 1761 884 1761 966 1762 923 1762 924 1762 967 1763 966 1763 924 1763 926 1764 924 1764 925 1764 967 1765 924 1765 926 1765 889 1766 926 1766 925 1766 927 1767 967 1767 926 1767 928 1768 927 1768 926 1768 928 1769 926 1769 889 1769 930 1770 927 1770 928 1770 930 1771 928 1771 929 1771 930 1772 929 1772 931 1772 969 1773 930 1773 931 1773 969 1774 931 1774 932 1774 970 1775 969 1775 932 1775 971 1776 932 1776 882 1776 970 1777 932 1777 971 1777 973 1778 972 1778 971 1778 933 1779 973 1779 971 1779 934 1780 973 1780 933 1780 974 1781 934 1781 935 1781 936 1782 974 1782 935 1782 937 1783 935 1783 208 1783 936 1784 935 1784 937 1784 938 1785 975 1785 936 1785 938 1786 936 1786 937 1786 885 1787 938 1787 937 1787 896 1788 938 1788 885 1788 939 1789 976 1789 896 1789 138 1790 976 1790 939 1790 140 1791 138 1791 939 1791 940 1792 939 1792 898 1792 140 1793 939 1793 940 1793 941 1794 140 1794 940 1794 941 1795 940 1795 900 1795 902 1796 941 1796 900 1796 941 1797 902 1797 942 1797 143 1798 941 1798 942 1798 143 1799 942 1799 943 1799 144 1800 143 1800 943 1800 144 1801 943 1801 944 1801 144 1802 944 1802 945 1802 147 1803 144 1803 945 1803 904 1804 946 1804 945 1804 946 1805 147 1805 945 1805 946 1806 135 1806 147 1806 947 1807 946 1807 905 1807 948 1808 135 1808 946 1808 948 1809 946 1809 947 1809 136 1810 135 1810 948 1810 949 1811 948 1811 907 1811 1157 1812 136 1812 948 1812 1157 1813 948 1813 949 1813 950 1814 1157 1814 949 1814 150 1815 1157 1815 950 1815 951 1816 150 1816 950 1816 951 1817 950 1817 910 1817 152 1818 150 1818 951 1818 952 1819 152 1819 951 1819 154 1820 152 1820 952 1820 154 1821 952 1821 953 1821 156 1822 154 1822 953 1822 156 1823 953 1823 915 1823 156 1824 915 1824 954 1824 157 1825 156 1825 954 1825 157 1826 954 1826 955 1826 955 1827 954 1827 956 1827 955 1828 159 1828 157 1828 957 1829 159 1829 955 1829 955 1830 917 1830 957 1830 161 1831 159 1831 957 1831 161 1832 957 1832 958 1832 161 1833 958 1833 959 1833 162 1834 161 1834 959 1834 961 1835 959 1835 960 1835 961 1836 162 1836 959 1836 165 1837 162 1837 961 1837 962 1838 961 1838 920 1838 165 1839 961 1839 962 1839 963 1840 165 1840 962 1840 166 1841 165 1841 963 1841 964 1842 963 1842 921 1842 168 1843 166 1843 963 1843 168 1844 963 1844 964 1844 168 1845 964 1845 965 1845 170 1846 168 1846 965 1846 170 1847 965 1847 966 1847 132 1848 170 1848 966 1848 967 1849 132 1849 966 1849 133 1850 132 1850 967 1850 968 1851 133 1851 967 1851 968 1852 967 1852 927 1852 134 1853 133 1853 968 1853 968 1854 927 1854 930 1854 173 1855 968 1855 930 1855 173 1856 134 1856 968 1856 173 1857 930 1857 969 1857 970 1858 173 1858 969 1858 970 1859 174 1859 173 1859 972 1860 970 1860 971 1860 972 1861 174 1861 970 1861 176 1862 174 1862 972 1862 974 1863 972 1863 973 1863 176 1864 972 1864 974 1864 974 1865 973 1865 934 1865 178 1866 176 1866 974 1866 975 1867 974 1867 936 1867 975 1868 178 1868 974 1868 181 1869 178 1869 975 1869 181 1870 975 1870 976 1870 976 1871 975 1871 938 1871 138 1872 181 1872 976 1872 653 1873 651 1873 977 1873 649 1874 693 1874 1008 1874 999 1875 303 1875 660 1875 179 1876 180 1876 982 1876 982 1877 180 1877 182 1877 980 1878 141 1878 142 1878 175 1879 177 1879 986 1879 980 1880 142 1880 983 1880 177 1881 989 1881 986 1881 984 1882 145 1882 146 1882 984 1883 146 1883 148 1883 983 1884 142 1884 981 1884 182 1885 991 1885 982 1885 985 1886 981 1886 145 1886 139 1887 995 1887 137 1887 985 1888 145 1888 984 1888 179 1889 990 1889 177 1889 995 1890 139 1890 141 1890 990 1891 989 1891 177 1891 983 1892 981 1892 997 1892 303 1893 984 1893 148 1893 982 1894 990 1894 179 1894 995 1895 141 1895 996 1895 137 1896 995 1896 993 1896 997 1897 981 1897 985 1897 996 1898 141 1898 980 1898 137 1899 993 1899 182 1899 978 1900 171 1900 172 1900 978 1901 172 1901 987 1901 987 1902 172 1902 988 1902 172 1903 175 1903 986 1903 172 1904 986 1904 988 1904 987 1905 250 1905 978 1905 987 1906 1000 1906 250 1906 1000 1907 987 1907 988 1907 1002 1908 1001 1908 988 1908 1002 1909 988 1909 986 1909 989 1910 1002 1910 986 1910 1003 1911 1002 1911 989 1911 990 1912 1003 1912 989 1912 1004 1913 1003 1913 990 1913 982 1914 1004 1914 990 1914 1006 1915 1004 1915 982 1915 991 1916 1006 1916 982 1916 992 1917 1006 1917 991 1917 1007 1918 1006 1918 992 1918 992 1919 991 1919 182 1919 993 1920 992 1920 182 1920 1008 1921 992 1921 993 1921 994 1922 1008 1922 993 1922 995 1923 994 1923 993 1923 1010 1924 994 1924 995 1924 996 1925 1010 1925 995 1925 1011 1926 996 1926 980 1926 1011 1927 980 1927 983 1927 1012 1928 1011 1928 983 1928 997 1929 1012 1929 983 1929 998 1930 1012 1930 997 1930 1013 1931 998 1931 997 1931 1013 1932 997 1932 985 1932 1014 1933 1013 1933 985 1933 984 1934 1014 1934 985 1934 999 1935 1014 1935 984 1935 303 1936 999 1936 984 1936 1000 1937 979 1937 250 1937 660 1938 659 1938 999 1938 684 1939 979 1939 1000 1939 1001 1940 684 1940 1000 1940 1001 1941 1000 1941 988 1941 687 1942 684 1942 1001 1942 687 1943 1001 1943 1002 1943 687 1944 1002 1944 1003 1944 689 1945 687 1945 1003 1945 1005 1946 689 1946 1003 1946 1005 1947 1003 1947 1004 1947 691 1948 689 1948 1005 1948 1006 1949 1005 1949 1004 1949 691 1950 1005 1950 1007 1950 1007 1951 1005 1951 1006 1951 693 1952 691 1952 1007 1952 1008 1953 693 1953 1007 1953 1008 1954 1007 1954 992 1954 1009 1955 649 1955 1008 1955 1009 1956 1008 1956 994 1956 651 1957 649 1957 1009 1957 1010 1958 1009 1958 994 1958 977 1959 1009 1959 1010 1959 977 1960 1010 1960 996 1960 977 1961 651 1961 1009 1961 1011 1962 977 1962 996 1962 655 1963 977 1963 1011 1963 653 1964 977 1964 655 1964 655 1965 1011 1965 1012 1965 998 1966 655 1966 1012 1966 657 1967 655 1967 998 1967 657 1968 998 1968 1013 1968 659 1969 657 1969 1013 1969 659 1970 1013 1970 1014 1970 999 1971 659 1971 1014 1971 1022 1972 164 1972 167 1972 160 1973 163 1973 1021 1973 155 1974 1029 1974 153 1974 158 1975 1024 1975 155 1975 153 1976 1023 1976 1019 1976 153 1977 1029 1977 1023 1977 160 1978 1032 1978 158 1978 163 1979 164 1979 1022 1979 1019 1980 1023 1980 151 1980 1024 1981 1030 1981 155 1981 167 1982 1020 1982 1038 1982 169 1983 255 1983 1040 1983 158 1984 1032 1984 1024 1984 155 1985 1030 1985 1029 1985 1037 1986 163 1986 1022 1986 1040 1987 1020 1987 169 1987 160 1988 1034 1988 1032 1988 1036 1989 1021 1989 163 1989 1029 1990 1028 1990 1023 1990 1022 1991 167 1991 1038 1991 1021 1992 1035 1992 160 1992 1024 1993 1031 1993 1030 1993 151 1994 1023 1994 1026 1994 1018 1995 1025 1995 298 1995 1018 1996 149 1996 1025 1996 149 1997 151 1997 1025 1997 1025 1998 151 1998 1026 1998 1025 1999 1041 1999 298 1999 1041 2000 1025 2000 1026 2000 1042 2001 1041 2001 1026 2001 1026 2002 1027 2002 1042 2002 1027 2003 1026 2003 1023 2003 1044 2004 1027 2004 1023 2004 1044 2005 1023 2005 1028 2005 1045 2006 1044 2006 1028 2006 1045 2007 1028 2007 1029 2007 1046 2008 1045 2008 1029 2008 1046 2009 1029 2009 1030 2009 1047 2010 1046 2010 1030 2010 1031 2011 1047 2011 1030 2011 1048 2012 1047 2012 1031 2012 1032 2013 1048 2013 1031 2013 1032 2014 1031 2014 1024 2014 1033 2015 1048 2015 1032 2015 1033 2016 1032 2016 1034 2016 1050 2017 1033 2017 1034 2017 1050 2018 1034 2018 1035 2018 1035 2019 1034 2019 160 2019 1051 2020 1050 2020 1035 2020 1036 2021 1051 2021 1035 2021 1036 2022 1035 2022 1021 2022 1052 2023 1051 2023 1036 2023 1037 2024 1052 2024 1036 2024 1037 2025 1036 2025 163 2025 1053 2026 1052 2026 1037 2026 1054 2027 1053 2027 1037 2027 1054 2028 1037 2028 1022 2028 1054 2029 1022 2029 1038 2029 1038 2030 1015 2030 1054 2030 1039 2031 1055 2031 1038 2031 1039 2032 1038 2032 1020 2032 1040 2033 1039 2033 1020 2033 1056 2034 1055 2034 1039 2034 1056 2035 1039 2035 1040 2035 1017 2036 1056 2036 1040 2036 1041 2037 1016 2037 298 2037 1017 2038 1040 2038 255 2038 661 2039 1016 2039 1041 2039 663 2040 661 2040 1042 2040 1042 2041 661 2041 1041 2041 663 2042 1042 2042 1043 2042 1027 2043 1043 2043 1042 2043 664 2044 663 2044 1043 2044 1044 2045 1043 2045 1027 2045 664 2046 1043 2046 1044 2046 664 2047 1044 2047 1045 2047 668 2048 665 2048 664 2048 1046 2049 664 2049 1045 2049 668 2050 664 2050 1046 2050 670 2051 668 2051 1046 2051 670 2052 1046 2052 1047 2052 670 2053 1047 2053 1048 2053 1049 2054 670 2054 1048 2054 1049 2055 671 2055 670 2055 1033 2056 1049 2056 1048 2056 673 2057 1049 2057 1033 2057 671 2058 1049 2058 673 2058 1050 2059 673 2059 1033 2059 1051 2060 673 2060 1050 2060 1052 2061 673 2061 1051 2061 1052 2062 675 2062 673 2062 675 2063 1052 2063 1053 2063 678 2064 675 2064 1053 2064 678 2065 1053 2065 1054 2065 1015 2066 678 2066 1054 2066 679 2067 678 2067 1015 2067 1015 2068 1038 2068 1055 2068 681 2069 679 2069 1015 2069 681 2070 1015 2070 1055 2070 681 2071 1055 2071 1056 2071 683 2072 681 2072 1056 2072 1017 2073 683 2073 1056 2073 666 2074 667 2074 1071 2074 662 2075 1058 2075 1163 2075 1062 2076 1057 2076 669 2076 682 2077 646 2077 1064 2077 682 2078 1064 2078 680 2078 652 2079 654 2079 1086 2079 685 2080 686 2080 1060 2080 662 2081 1095 2081 1058 2081 645 2082 1063 2082 646 2082 685 2083 1067 2083 1177 2083 1177 2084 1067 2084 645 2084 1061 2085 690 2085 692 2085 666 2086 1095 2086 662 2086 1060 2087 686 2087 688 2087 669 2088 1066 2088 667 2088 694 2089 650 2089 1068 2089 1068 2090 650 2090 652 2090 692 2091 694 2091 1070 2091 1064 2092 1074 2092 680 2092 1059 2093 652 2093 1086 2093 656 2094 658 2094 1069 2094 1061 2095 692 2095 1065 2095 1078 2096 1064 2096 646 2096 685 2097 1072 2097 1067 2097 1058 2098 1082 2098 1163 2098 688 2099 690 2099 1073 2099 677 2100 1077 2100 676 2100 672 2101 1075 2101 1062 2101 645 2102 1067 2102 1063 2102 1066 2103 1071 2103 667 2103 654 2104 656 2104 1069 2104 674 2105 1075 2105 672 2105 685 2106 1060 2106 1108 2106 1073 2107 690 2107 1061 2107 1084 2108 694 2108 1068 2108 1067 2109 1106 2109 1063 2109 680 2110 1077 2110 677 2110 676 2111 1077 2111 1101 2111 676 2112 1100 2112 674 2112 1070 2113 694 2113 1084 2113 1076 2114 654 2114 1069 2114 646 2115 1063 2115 1078 2115 1065 2116 692 2116 1070 2116 1060 2117 688 2117 1109 2117 1072 2118 685 2118 1108 2118 1057 2119 1066 2119 669 2119 1062 2120 1079 2120 1057 2120 1085 2121 652 2121 1059 2121 1074 2122 1104 2122 680 2122 676 2123 1101 2123 1100 2123 1082 2124 1058 2124 1092 2124 680 2125 1104 2125 1077 2125 1075 2126 1079 2126 1062 2126 1068 2127 652 2127 1085 2127 1086 2128 654 2128 1087 2128 1109 2129 688 2129 1073 2129 666 2130 1071 2130 1095 2130 1112 2131 1084 2131 1068 2131 1100 2132 1075 2132 674 2132 1074 2133 1140 2133 1104 2133 1095 2134 1093 2134 1058 2134 1057 2135 1132 2135 1066 2135 1069 2136 658 2136 1089 2136 658 2137 648 2137 1089 2137 1089 2138 1080 2138 1120 2138 648 2139 1080 2139 1089 2139 648 2140 647 2140 1080 2140 647 2141 1081 2141 1080 2141 647 2142 1082 2142 1081 2142 1081 2143 1082 2143 1091 2143 1082 2144 1092 2144 1091 2144 1066 2145 1097 2145 1071 2145 1083 2146 1070 2146 1084 2146 1112 2147 1083 2147 1084 2147 1113 2148 1112 2148 1068 2148 1114 2149 1113 2149 1068 2149 1114 2150 1068 2150 1085 2150 1114 2151 1085 2151 1059 2151 1116 2152 1114 2152 1059 2152 1115 2153 1114 2153 1116 2153 1116 2154 1059 2154 1086 2154 1117 2155 1116 2155 1086 2155 1087 2156 1117 2156 1086 2156 1076 2157 1087 2157 654 2157 1118 2158 1087 2158 1076 2158 1088 2159 1118 2159 1076 2159 1088 2160 1076 2160 1069 2160 1089 2161 1088 2161 1069 2161 1088 2162 1089 2162 1120 2162 1090 2163 1120 2163 1080 2163 1090 2164 1121 2164 1120 2164 1090 2165 1122 2165 1121 2165 1091 2166 1122 2166 1090 2166 1081 2167 1090 2167 1080 2167 1091 2168 1090 2168 1081 2168 1124 2169 1091 2169 1092 2169 1126 2170 1124 2170 1092 2170 1126 2171 1092 2171 1058 2171 1093 2172 1126 2172 1058 2172 1127 2173 1126 2173 1093 2173 1127 2174 1093 2174 1094 2174 1094 2175 1093 2175 1095 2175 1071 2176 1094 2176 1095 2176 1128 2177 1094 2177 1096 2177 1096 2178 1094 2178 1071 2178 1097 2179 1128 2179 1096 2179 1097 2180 1096 2180 1071 2180 1130 2181 1097 2181 1066 2181 1132 2182 1130 2182 1066 2182 1133 2183 1132 2183 1057 2183 1133 2184 1057 2184 1079 2184 1098 2185 1134 2185 1133 2185 1098 2186 1133 2186 1079 2186 1098 2187 1079 2187 1075 2187 1099 2188 1098 2188 1075 2188 1100 2189 1099 2189 1075 2189 1135 2190 1099 2190 1100 2190 1136 2191 1135 2191 1100 2191 1101 2192 1136 2192 1100 2192 1102 2193 1136 2193 1101 2193 1102 2194 1101 2194 1077 2194 1103 2195 1102 2195 1077 2195 1103 2196 1137 2196 1102 2196 1138 2197 1137 2197 1103 2197 1104 2198 1103 2198 1077 2198 1104 2199 1139 2199 1103 2199 1141 2200 1140 2200 1074 2200 1141 2201 1074 2201 1064 2201 1105 2202 1141 2202 1064 2202 1105 2203 1064 2203 1078 2203 1142 2204 1141 2204 1105 2204 1143 2205 1142 2205 1105 2205 1063 2206 1105 2206 1078 2206 1144 2207 1143 2207 1105 2207 1144 2208 1105 2208 1063 2208 1106 2209 1144 2209 1063 2209 1106 2210 1145 2210 1144 2210 1145 2211 1106 2211 1146 2211 1146 2212 1106 2212 1067 2212 1107 2213 1146 2213 1067 2213 1107 2214 1067 2214 1072 2214 1108 2215 1107 2215 1072 2215 1148 2216 1107 2216 1108 2216 1149 2217 1148 2217 1108 2217 1149 2218 1108 2218 1060 2218 1150 2219 1149 2219 1109 2219 1109 2220 1149 2220 1060 2220 1151 2221 1109 2221 1110 2221 1110 2222 1109 2222 1073 2222 1153 2223 1152 2223 1110 2223 1153 2224 1110 2224 1073 2224 1111 2225 1153 2225 1073 2225 1111 2226 1073 2226 1061 2226 1154 2227 1153 2227 1111 2227 1111 2228 1061 2228 1065 2228 1155 2229 1154 2229 1111 2229 1155 2230 1111 2230 1065 2230 1070 2231 1155 2231 1065 2231 1083 2232 1155 2232 1070 2232 453 2233 454 2233 1083 2233 453 2234 1083 2234 1112 2234 1113 2235 453 2235 1112 2235 449 2236 453 2236 1113 2236 452 2237 453 2237 449 2237 1113 2238 1114 2238 1115 2238 449 2239 1113 2239 1115 2239 483 2240 449 2240 1115 2240 1117 2241 1115 2241 1116 2241 483 2242 1115 2242 1117 2242 1118 2243 1117 2243 1087 2243 1118 2244 483 2244 1117 2244 1118 2245 491 2245 483 2245 514 2246 491 2246 1118 2246 1119 2247 514 2247 1118 2247 1088 2248 1119 2248 1118 2248 1120 2249 1119 2249 1088 2249 1121 2250 1119 2250 1120 2250 569 2251 1119 2251 1121 2251 1123 2252 1121 2252 1122 2252 1123 2253 569 2253 1121 2253 463 2254 569 2254 1123 2254 1123 2255 1122 2255 1091 2255 1124 2256 1123 2256 1091 2256 448 2257 463 2257 1123 2257 448 2258 1123 2258 1124 2258 1125 2259 448 2259 1124 2259 1125 2260 481 2260 448 2260 1125 2261 1124 2261 1126 2261 490 2262 481 2262 1125 2262 1127 2263 1125 2263 1126 2263 490 2264 1125 2264 1127 2264 535 2265 490 2265 1127 2265 1128 2266 1127 2266 1094 2266 1128 2267 535 2267 1127 2267 447 2268 535 2268 1128 2268 1129 2269 1128 2269 1097 2269 1129 2270 447 2270 1128 2270 462 2271 447 2271 1129 2271 1130 2272 1129 2272 1097 2272 1131 2273 462 2273 1129 2273 1131 2274 1129 2274 1130 2274 1131 2275 1130 2275 1132 2275 470 2276 462 2276 1131 2276 1133 2277 1131 2277 1132 2277 1134 2278 1131 2278 1133 2278 470 2279 1131 2279 1134 2279 500 2280 470 2280 1134 2280 500 2281 1134 2281 1098 2281 500 2282 1098 2282 1099 2282 1135 2283 500 2283 1099 2283 1135 2284 530 2284 500 2284 530 2285 1135 2285 553 2285 553 2286 1135 2286 1136 2286 1137 2287 553 2287 1136 2287 1137 2288 1136 2288 1102 2288 460 2289 553 2289 1137 2289 1138 2290 460 2290 1137 2290 467 2291 460 2291 1138 2291 1139 2292 1138 2292 1103 2292 477 2293 467 2293 1138 2293 1139 2294 477 2294 1138 2294 1140 2295 1139 2295 1104 2295 495 2296 477 2296 1139 2296 495 2297 1139 2297 1140 2297 1141 2298 495 2298 1140 2298 1142 2299 495 2299 1141 2299 537 2300 495 2300 1142 2300 1143 2301 537 2301 1142 2301 568 2302 537 2302 1143 2302 1145 2303 1143 2303 1144 2303 568 2304 1143 2304 1145 2304 461 2305 568 2305 1145 2305 466 2306 1145 2306 1146 2306 461 2307 1145 2307 466 2307 466 2308 1146 2308 1107 2308 1147 2309 466 2309 1107 2309 1147 2310 1107 2310 1148 2310 1149 2311 1147 2311 1148 2311 1147 2312 475 2312 466 2312 1150 2313 1147 2313 1149 2313 497 2314 475 2314 1147 2314 1150 2315 497 2315 1147 2315 1151 2316 1150 2316 1109 2316 517 2317 497 2317 1150 2317 1152 2318 517 2318 1150 2318 1152 2319 1150 2319 1151 2319 1152 2320 1151 2320 1110 2320 456 2321 517 2321 1152 2321 1153 2322 456 2322 1152 2322 1154 2323 456 2323 1153 2323 455 2324 456 2324 1154 2324 454 2325 455 2325 1154 2325 1154 2326 1155 2326 1083 2326 454 2327 1154 2327 1083 2327 148 2328 1160 2328 303 2328 1160 2329 148 2329 1156 2329 298 2330 299 2330 1018 2330 1018 2331 299 2331 1157 2331 1160 2332 1161 2332 1159 2332 1162 2333 1158 2333 1159 2333 1156 2334 1161 2334 1160 2334 1161 2335 1162 2335 1159 2335 299 2336 1158 2336 1157 2336 1157 2337 1158 2337 1162 2337 300 2338 298 2338 1016 2338 300 2339 1016 2339 1163 2339 300 2340 1163 2340 1167 2340 1167 2341 1166 2341 300 2341 1167 2342 1168 2342 1166 2342 1168 2343 1169 2343 1166 2343 1168 2344 1165 2344 1169 2344 1164 2345 1169 2345 1165 2345 660 2346 303 2346 1164 2346 252 2347 1171 2347 978 2347 978 2348 1171 2348 171 2348 1173 2349 1172 2349 1170 2349 1174 2350 1172 2350 1173 2350 1175 2351 1172 2351 1174 2351 252 2352 1172 2352 1175 2352 1171 2353 252 2353 1175 2353 249 2354 250 2354 1176 2354 250 2355 979 2355 1176 2355 1176 2356 979 2356 1177 2356 1176 2357 1179 2357 249 2357 1179 2358 1180 2358 249 2358 1179 2359 1178 2359 1180 2359 1180 2360 1178 2360 1182 2360 1178 2361 1181 2361 1182 2361 1181 2362 683 2362 1017 2362 1181 2363 1017 2363 1182 2363 431 2364 127 2364 365 2364 365 2365 127 2365 119 2365 104 2366 433 2366 124 2366 124 2367 433 2367 371 2367 127 2368 431 2368 126 2368 126 2369 431 2369 432 2369 126 2370 432 2370 433 2370 126 2371 433 2371 104 2371 98 2372 379 2372 97 2372 97 2373 379 2373 384 2373 97 2374 384 2374 95 2374 98 2375 381 2375 379 2375 96 2376 382 2376 381 2376 96 2377 381 2377 98 2377 95 2378 384 2378 382 2378 95 2379 382 2379 96 2379 373 2380 76 2380 377 2380 74 2381 378 2381 377 2381 74 2382 377 2382 76 2382 77 2383 378 2383 74 2383 75 2384 376 2384 77 2384 77 2385 376 2385 378 2385 78 2386 376 2386 75 2386 76 2387 373 2387 78 2387 78 2388 373 2388 376 2388 103 2389 383 2389 101 2389 100 2390 387 2390 103 2390 103 2391 387 2391 383 2391 99 2392 385 2392 100 2392 100 2393 385 2393 387 2393 102 2394 380 2394 99 2394 99 2395 380 2395 385 2395 101 2396 383 2396 102 2396 102 2397 383 2397 380 2397 370 2398 92 2398 90 2398 89 2399 370 2399 90 2399 88 2400 368 2400 89 2400 89 2401 368 2401 370 2401 88 2402 366 2402 368 2402 92 2403 369 2403 366 2403 92 2404 366 2404 88 2404 92 2405 370 2405 369 2405</p>
        </triangles>
      </mesh>
    </geometry>
    <geometry id="_inch_edf_-_5inch_duct_connector_passive_shaft-1-mesh" name="5inch_edf - 5inch_duct_connector_passive_shaft-1">
      <mesh>
        <source id="_inch_edf_-_5inch_duct_connector_passive_shaft-1-mesh-positions">
          <float_array id="_inch_edf_-_5inch_duct_connector_passive_shaft-1-mesh-positions-array" count="1320">-0.01699995 -0.07349997 0.01699995 -0.01699995 -0.08349996 0.01699995 0.01699995 -0.07349997 0.01699995 0 -0.08349996 0.01699995 0.01699995 -0.08349996 0.01699995 -0.01699995 -0.07349997 -0.01699995 -0.01699995 -0.08349996 -0.01699995 -0.01699995 -0.08349996 0 0 -0.08349996 -0.01699995 0.01699995 -0.07349997 -0.01699995 0.01699995 -0.08349996 -0.01699995 0.01699995 -0.08349996 0 -0.01186805 -0.07349997 -0.01136404 -0.01272535 -0.07349997 -0.01109838 -0.0131179 -0.07349997 -0.01432168 -0.01272225 -0.07349997 0.01108551 0.01253414 -0.07349997 0.01110231 -0.01401501 -0.07349997 -0.01371276 0.01204609 -0.07349997 -0.01122051 0.01126217 -0.07349997 -0.01204133 -0.01120048 -0.07349997 -0.01211714 0.01134788 -0.07349997 0.01180583 0.01341754 -0.07349997 -0.01123511 0.01268267 -0.07349997 -0.01436972 -0.01375567 -0.07349997 0.0114752 -0.01434022 -0.07349997 -0.01287484 0.01111871 -0.07349997 -0.01296347 -0.01173049 -0.07349997 0.01145297 0.01114863 -0.07349997 0.01314812 -0.01293098 -0.07349997 0.01438504 0.01430255 -0.07349997 0.01235198 -0.01415693 -0.07349997 -0.01194643 -0.01120018 -0.07349997 -0.01329594 0.01373887 -0.07349997 -0.01400053 0.01347309 -0.07349997 0.01420056 -0.01435238 -0.07349997 0.01244884 0.01431941 -0.07349997 -0.01309537 0.01425278 -0.07349997 0.01329571 -0.01408106 -0.07349997 0.01363748 0.01199018 -0.07349997 0.01422148 0.01419246 -0.07349997 -0.01202648 -0.01191675 -0.07349997 -0.01414895 0.01158726 -0.07349997 -0.01389372 -0.0110799 -0.07349997 0.01249909 -0.01155161 -0.07349997 0.01388025 0.01373058 -0.07349997 0.01142466 -0.01355427 -0.07349997 -0.01134443 0.0123769 -0.08349996 -0.01576238 0.01091998 -0.08349996 -0.01520138 0.013565 -0.08349996 -0.01564544 0.01464045 -0.08349996 -0.0102967 0.01470863 -0.08349996 -0.0150665 0.01009029 -0.08349996 -0.01115572 0.01313 -0.08349996 -0.009716808 0.01199996 -0.08349996 0 0.01573491 -0.08349996 -0.01207667 0.01560056 -0.08349996 -0.01376229 0.01107197 -0.08349996 -0.01018297 0.009670495 -0.08349996 -0.01286023 0.01004034 -0.08349996 -0.01415145 0.01357769 -0.08349996 0.01565515 0.0146225 -0.08349996 0.01510673 0.01125401 -0.08349996 0.01003623 0 -0.08349996 0.01199996 0.009845137 -0.08349996 0.01377183 0.0151726 -0.08349996 0.01091831 1.59573e-5 -0.08350056 0.01199996 0.01270049 -0.08349996 0.009682357 0.01076227 -0.08349996 0.01506626 0.01213401 -0.08349996 0.01573157 0.01552093 -0.08349996 0.01400357 0.01413393 -0.08349996 0.01000225 0.009703636 -0.08349996 0.01243752 0.01006734 -0.08349996 0.01121765 0.01575499 -0.08349996 0.01221746 -0.01552683 -0.08349996 0.01146721 -0.01575517 -0.08349996 0.01319891 -0.01459145 -0.08349996 0.01032263 -0.01345694 -0.08349996 0.009763062 -0.01199996 -0.0835002 1.33435e-5 -0.01513487 -0.08349996 0.01460552 -0.01180022 -0.08349996 0.009795725 -0.01373833 -0.08349996 0.01564007 -0.01208019 -0.08349996 0.01570284 -0.009679496 -0.08349996 0.01269686 -0.01015603 -0.08349996 0.0110163 -0.01001399 -0.08349996 0.01414602 -0.01098197 -0.08349996 0.01522189 -3.46544e-4 -0.083498 0.01199823 -0.01499199 -0.08349996 -0.01478642 -0.0139122 -0.08349996 -0.01552551 -0.01271098 -0.08349996 -0.01578456 -0.01087665 -0.08349996 -0.01521289 -0.01575595 -0.08349996 -0.01232552 -0.01512163 -0.08349996 -0.01079589 -0.01199108 -0.08349555 -0.001890122 -0.01564192 -0.08349996 -0.01359629 -0.01380479 -0.08349996 -0.009871363 -0.01249313 -0.08349996 -0.009688496 -0.009747028 -0.08349996 -0.01213014 -0.01134628 -0.08349996 -0.01001846 -0.009766936 -0.08349996 -0.01352572 -0.0102849 -0.08349996 -0.01088267 0.01415854 -0.07649999 0.01189553 0.0142427 -0.07649999 0.01341778 0.01208215 -0.07649999 0.014243 0.01325571 -0.07649999 0.01426583 0.01112359 -0.07649999 0.01316654 0.01133382 -0.07649999 0.01188796 0.01332497 -0.07649999 0.01123064 0.01229363 -0.07649999 0.01113653 0.01194006 -0.07649999 0.009743332 0.01382958 -0.07649999 0.009869754 0.009984791 -0.07649999 0.01406598 0.009672999 -0.07649999 0.01231473 0.01041615 -0.07649999 0.01073253 0.01338583 -0.07649999 0.01570689 0.01189893 -0.07649999 0.01567423 0.01074457 -0.07649999 0.01503181 0.01570183 -0.07649999 0.01204985 0.01508879 -0.07649999 0.01078778 0.01482081 -0.07649999 0.01497536 0.01569324 -0.07649999 0.01348668 0.01387965 -0.07649999 -0.0138809 0.01437211 -0.07649999 -0.01278579 0.01379811 -0.07649999 -0.01145213 0.01254308 -0.07649999 -0.01111495 0.01112896 -0.07649999 -0.01252669 0.01151335 -0.07649999 -0.01162165 0.01193296 -0.07649999 -0.01413488 0.01125198 -0.07649999 -0.01342695 0.01285737 -0.07649999 -0.01435518 0.0111972 -0.07649999 -0.01535105 0.01372092 -0.07649999 -0.01560896 0.01232975 -0.07649999 -0.0157569 0.009712636 -0.07649999 -0.01311004 0.01016849 -0.07649999 -0.01442414 0.01213085 -0.07649999 -0.009715974 0.01079756 -0.07649999 -0.01037347 0.009852528 -0.07649999 -0.01162678 0.01576179 -0.07649999 -0.01306897 0.01510149 -0.07649999 -0.01469939 0.01399832 -0.07649999 -0.009926199 0.01547688 -0.07649999 -0.01132684 -0.01116424 -0.07649999 -0.01317554 -0.01120424 -0.07649999 -0.01214921 -0.01355373 -0.07649999 -0.01131397 -0.01213788 -0.07649999 -0.01116621 -0.01423984 -0.07649999 -0.01213711 -0.01369249 -0.07649999 -0.01404786 -0.0143007 -0.07649999 -0.0131461 -0.01184213 -0.07649999 -0.01411288 -0.01279443 -0.07649999 -0.0143398 -0.01025277 -0.07649999 -0.01092392 -0.01579976 -0.07649999 -0.01281529 -0.01533269 -0.07649999 -0.01430398 -0.01424705 -0.07649999 -0.01540571 -0.0113855 -0.07649999 -0.01550275 -0.01284766 -0.07649999 -0.01576226 -0.009653866 -0.07649999 -0.01261132 -0.01010054 -0.07649999 -0.01428818 -0.01356178 -0.07649999 -0.009790062 -0.01178312 -0.07649999 -0.009790599 -0.01514858 -0.07649999 -0.01078861 -0.01122647 -0.07649999 0.01204645 -0.01178443 -0.07649999 0.01405805 -0.01117354 -0.07649999 0.01320505 -0.01297807 -0.07649999 0.01435667 -0.01433831 -0.07649999 0.01288139 -0.01401424 -0.07649999 0.01372385 -0.01337867 -0.07649999 0.01121211 -0.0141834 -0.07649999 0.01200973 -0.01214396 -0.07649999 0.0112034 -0.01351046 -0.07649999 0.009777665 -0.01163828 -0.07649999 0.009823918 -0.01572644 -0.07649999 0.01326519 -0.01567208 -0.07649999 0.01191055 -0.0148583 -0.07649999 0.01052308 -0.01209622 -0.07649999 0.01571762 -0.01354646 -0.07649999 0.01566576 -0.01502168 -0.07649999 0.01479327 -0.009728848 -0.07649999 0.01212662 -0.01028406 -0.07649999 0.01091814 -0.0108155 -0.07649999 0.01510274 -0.009864866 -0.07649999 0.01384246 -0.00999999 -0.0855 0 -0.009842634 -0.1035 0.001928567 -0.009107351 -0.1035 0.004175841 -0.002657711 -0.08536857 -0.009652256 -0.004125177 -0.08525568 -0.009133577 -0.005968391 -0.1035 -0.008119463 -0.005526125 -0.08510947 -0.008374035 -0.006028831 -0.08525699 -0.007995605 -0.00694704 -0.08524596 -0.007220387 -0.008216381 -0.1035 -0.005738198 -0.009254515 -0.1035 -0.003832817 -0.009978294 -0.1035 -0.001195132 0.006809294 -0.1035 -0.007373154 0.00381571 -0.1035 -0.00931859 0.002647638 -0.08518159 -0.009665608 0.001501798 -0.08515453 -0.009914994 6.09311e-4 -0.1035 -0.01000857 5.91124e-4 -0.0854994 -0.009975552 -3.82376e-4 -0.08549994 -0.009991228 -0.002402782 -0.1035 -0.009759128 -4.24318e-4 -0.08497828 -0.01005417 -0.001743137 -0.08512961 -0.009879648 0.009631574 -0.1035 0.002901911 0.01002603 -0.1035 -3.32598e-4 0.00999999 -0.0855 0 0.009545803 -0.1035 -0.003094792 0.008442699 -0.1035 -0.005394518 0 -0.0855 0.00999999 -0.002315878 -0.1035 0.009774446 -0.005613803 -0.1035 0.00835222 -0.007896363 -0.1035 0.006177783 0.008203983 -0.1035 0.005770444 0.005943655 -0.1035 0.00811845 0.002846777 -0.1035 0.009624838 3.74268e-4 -0.1035 0.01000946 6.05827e-5 -0.08549994 -0.009996116 0.005179941 -0.08520895 0.008573651 0.006195604 -0.08525568 0.007876932 -0.009989857 -0.0854994 -3.69799e-4 -0.004776597 -0.08478504 -0.008928537 -0.003450691 -0.08484119 -0.009510278 -0.01002025 -0.08501243 9.17047e-4 -0.00998038 -0.08549946 6.30846e-4 2.79576e-4 -0.08490365 -0.01008379 0.00745356 -0.08518636 0.006712675 -0.006523847 -0.08470088 -0.007793426 -0.00305438 -0.08519941 0.009542763 -0.001990795 -0.0846548 -0.009991705 -0.00980848 -0.08515447 0.002097249 -0.001987755 -0.08520209 0.009822785 0.008861899 -0.0852226 -0.004670679 0.00850439 -0.08512425 -0.005318641 0.008583128 -0.08456498 -0.005580127 -0.001691639 -0.0846126 0.01006281 0.008483588 -0.08520036 0.00534439 -0.009556114 -0.08469474 0.003464579 -0.009417831 -0.08528584 0.003403186 0.008944034 -0.08427596 -0.005355417 0.008724987 -0.08460026 0.005293488 -0.00743848 -0.08478134 -0.006883382 -7.89606e-4 -0.08505994 0.01001715 -0.001826226 -0.08435827 -0.01020568 -6.17173e-4 -0.08549982 0.009984254 -2.61724e-5 -0.08454298 0.01024907 0.007963359 -0.08504313 -0.006118655 -3.1346e-4 -0.08449119 -0.01026213 -0.009420692 -0.08436995 0.004294693 0.009365797 -0.08437263 0.004390776 -0.008005082 -0.08516561 -0.006044089 0.009364604 -0.08488935 0.003809511 -0.00879693 -0.08526104 0.004808127 5.08683e-4 -0.0854991 0.009984493 0.009316265 -0.08529084 0.003694891 5.98932e-4 -0.08496242 0.01005786 -0.009031653 -0.08479803 0.004574 0.007816314 -0.08442336 -0.00672847 -0.008482515 -0.08453297 -0.005744338 2.32502e-4 -0.08413517 0.01054471 0.00712496 -0.08511167 -0.007064819 -2.09837e-4 -0.0840879 -0.01058781 -0.001510083 -0.0840854 0.01047587 0.00969243 -0.08394986 0.004632592 0.008228778 -0.08407038 -0.006684362 -0.008701801 -0.08425068 0.005786955 -0.009737968 -0.08396464 0.004453897 0.009829401 -0.08465123 0.002693593 0.00683254 -0.08451473 -0.007665693 -0.001875281 -0.08397859 -0.01053452 0.001300573 -0.085137 0.009943962 0.009208261 -0.08398771 -0.00541681 -0.01006561 -0.08413612 0.003140687 -0.009339988 -0.08409178 -0.004984378 0.001719474 -0.08437693 0.0101909 0.009992957 -0.08423101 0.003059804 -0.008386909 -0.0846762 0.005770444 -0.008771061 -0.08512783 -0.004865527 0.006877601 -0.08410173 -0.008032858 0.0105679 -0.08383703 0.002664148 -0.003484725 -0.08382952 -0.01031482 -0.009127259 -0.08459085 -0.004589438 0.001749038 -0.08385986 0.01070612 0.009387254 -0.0838623 0.005445361 0.00980252 -0.08519744 0.002103626 -0.007774055 -0.0851801 0.006335675 0.002637147 -0.08525007 0.009673953 0.006232559 -0.08508867 -0.007861554 0.002839207 -0.08458131 0.009831607 -0.008089959 -0.08382564 0.007309973 -0.00915265 -0.08388161 0.005800306 0.01037269 -0.0841161 0.00191766 -0.005244612 -0.08381813 -0.009589195 0.003090023 -0.08498299 0.009589731 0.007278442 -0.08381861 -0.008158564 -0.007710516 -0.08415293 0.007159173 -0.009413301 -0.08485609 -0.003681361 0.002820193 -0.08376336 0.01062923 -0.009871065 -0.08413618 -0.003683447 -0.009314179 -0.08528596 -0.003676831 -0.007539033 -0.08455765 0.006920993 0.003585517 -0.08425939 0.009804487 0.005469202 -0.0843721 -0.008788168 6.02805e-4 -0.08383011 0.01089465 0.01007181 -0.08472681 0.00129038 0.005546629 -0.08487391 -0.008433878 0.004945099 -0.08505946 -0.008740365 -0.002124786 -0.0837242 -0.01088249 0.005297899 -0.08396291 -0.009316146 -4.13108e-4 -0.08372068 -0.01106911 -0.009890437 -0.08443886 -0.002920627 -0.001242876 -0.08375662 0.01094484 0.01113617 -0.08368796 4.23603e-4 -0.006847858 -0.0852214 0.00732094 0.004245638 -0.08380824 0.01007044 0.01066893 -0.08399242 6.37629e-4 0.009976565 -0.08549934 6.76004e-4 -0.006756782 -0.08424925 0.007953822 0.01038736 -0.08378928 0.003533363 -0.006468296 -0.0839194 0.008643209 -0.006628155 -0.08473873 0.007686316 0.01034802 -0.08437055 8.64371e-5 0.0100634 -0.08494395 6.33785e-4 0.008731782 -0.08379364 -0.006631672 0.009372353 -0.08365696 0.006158888 -0.01037251 -0.08402031 -0.002410531 -0.009901881 -0.08486127 -0.002076089 -0.009704709 -0.08528465 -0.002467393 0.0042423 -0.08526271 0.009073257 0.004739403 -0.08373808 -0.009987056 -0.009864449 -0.08360648 0.005606353 0.004749774 -0.08397877 0.009587943 0.004755198 -0.0847398 0.008978247 0.004174649 -0.08402919 -0.009783744 0.004020869 -0.08521652 -0.009188175 -0.005975186 -0.08440756 0.008421361 3.68416e-4 -0.08364164 0.01126205 0.01058059 -0.08361274 0.004122793 0.009980201 -0.08549898 -7.51046e-4 -0.005562007 -0.08533293 0.008328318 0.005348742 -0.08434146 0.008895695 0.01006805 -0.08483719 -8.76323e-4 0.008161246 -0.08358895 -0.00799179 0.01073491 -0.08392101 -9.33859e-4 0.006265223 -0.08362966 -0.009402155 -0.006039679 -0.08365368 0.009464979 -0.005642056 -0.08482933 0.008398115 -0.01029944 -0.08432221 -0.001305937 -0.009921073 -0.08526837 -0.001365959 0.005914032 -0.08387815 0.009062707 0.00404936 -0.08438205 -0.009514868 0.003774881 -0.08475643 -0.009415507 -0.005288243 -0.08355045 -0.01024001 -0.0109893 -0.08358049 0.003196358 -0.008055925 -0.08364367 0.007882833 0.0111016 -0.08364844 -0.001796424 0.003534674 -0.08362019 -0.01074498 -0.007289469 -0.08362478 -0.008649468 -0.01006579 -0.08492755 -6.32144e-4 0.002764165 -0.08383184 -0.01054948 -0.004727959 -0.08455765 0.009067296 0.004733979 -0.08353561 0.01057147 0.006082355 -0.08456844 0.008227765 0.00283724 -0.08420014 -0.01008218 -0.01068967 -0.0839709 -6.85331e-4 0.01162916 -0.08354115 4.24186e-4 -0.002861917 -0.08357393 -0.01111376 0.002294003 -0.0835331 0.01139533 0.006854057 -0.08358603 0.009145319 0.002638638 -0.08461254 -0.009857594 0.006176769 -0.08489197 0.007984876 0.01062709 -0.0838018 -0.002667725 0.0100435 -0.08443599 -0.002325952 -0.01123976 -0.0836519 4.57642e-4 -0.01034897 -0.08437353 2.29967e-4 0.00720191 -0.08375692 0.008337795 0.009746909 -0.0852428 -0.002325356 0.01032692 -0.08425754 -0.001484513 0.009845316 -0.08480691 -0.002374172 -0.004232645 -0.08515185 0.009093999 -0.004418909 -0.08413547 0.00957334 0.006785988 -0.08409285 0.008111059 0.006073117 -0.08351874 -0.01001369 0.001600623 -0.08410644 -0.01044738 -0.005236983 -0.08351689 0.0105226 -0.01011985 -0.08477175 6.00227e-4 -0.004500389 -0.08372479 0.01011055 -0.003899157 -0.08458995 0.009445905 0.01065742 -0.08362638 -0.003762006 0.001226365 -0.08456921 -0.01016187 -0.0015859 -0.08352106 0.01165831 0.01115769 -0.08351176 -0.003889977 -0.008721351 -0.08351206 -0.008090496 -0.01068663 -0.08393597 0.001119315 0.001253366 -0.08371454 -0.01101553 0.007555782 -0.08443588 0.007012844 -0.003291189 -0.0839498 0.0102266 0.01006257 -0.08409613 -0.003259897 -0.008380472 -0.08351558 0.008294582 0.008341848 -0.08365494 0.007502794 0.01116681 -0.08351665 0.003598868 0.009567975 -0.08443242 -0.003834962 0.00932461 -0.08511513 -0.003700673 0.007564604 -0.08350944 0.009086847 0.008309423 -0.08393019 0.006845295 0.009146273 -0.08350843 -0.007572948 -0.01004922 -0.08454906 0.001965045 -6.56401e-4 -0.08352333 -0.01167321 -0.002549648 -0.084221 0.01015275 0.009872317 -0.08388817 -0.004396677 -0.01099443 -0.08350539 0.004478216 0.007903933 -0.084688 0.006414771 -0.002752304 -0.08463215 0.009817183 0.01199984 -0.08349746 4.49607e-5 0.009758114 -0.08351129 0.006608664 -0.002547383 -0.08367604 0.01087427 -0.01043885 -0.08382767 0.003204345 0.008363366 -0.08425986 0.006242573 0.009750485 -0.08358436 -0.005972266 0.01195704 -0.08347415 -0.009781122 0.003375351 -0.0835151 -0.01133388 -0.003494501 -0.08433872 -0.009758234 -0.009768664 -0.08360338 -0.005801022 -0.005966126 -0.08399099 -0.008860409 -0.004916429 -0.08415734 -0.00930047 -0.008744776 -0.08359187 -0.007296562 -0.008417844 -0.08388251 -0.006790399 -0.007153749 -0.0839287 -0.008029699 -0.01092803 -0.08358061 -0.003412663 -0.006286561 -0.08442974 -0.008173406 -0.01002842 -0.08375728 -0.004528522 -0.009250879 -0.08383774 -0.005757689 -0.007622182 -0.08420455 -0.007179677 -0.01165658 -0.08353173 4.16651e-5 -0.01199996 -0.08349967 -4.85477e-7 -0.01050668 -0.08378368 -0.003166377 -0.01104629 -0.08370488 -0.001232981</float_array>
          <technique_common>
            <accessor source="#_inch_edf_-_5inch_duct_connector_passive_shaft-1-mesh-positions-array" count="440" stride="3">
              <param name="X" type="float"/>
              <param name="Y" type="float"/>
              <param name="Z" type="float"/>
            </accessor>
          </technique_common>
        </source>
        <source id="_inch_edf_-_5inch_duct_connector_passive_shaft-1-mesh-normals">
          <float_array id="_inch_edf_-_5inch_duct_connector_passive_shaft-1-mesh-normals-array" count="2655">0 0 1 0 0 1 0 0 1 -1 0 0 -1 0 0 -1 0 0 0 0 -1 0 0 -1 0 0 -1 1 0 0 1 0 0 1 0 0 0 1 0 0 1 0 0 1 0 0 1 0 0 1 0 0 1 0 0 1 0 0 1 0 0 1 0 0 1 0 0 1 0 0 1 0 0 1 0 0 1 0 0 1 0 0 1 0 0 1 0 0 1 0 0 1 0 0 1 0 0 1 0 0 1 0 0 1 0 0 1 0 0 1 0 0 1 0 0 1 0 0 1 0 0 1 0 0 1 0 0 1 0 0 1 0 0 1 0 0 1 0 0 1 0 0 1 0 0 1 0 0 1 0 0 1 0 0 1 0 0 1 0 0 1 0 0 1 0 0 1 0 0 1 0 0 -1 0 0 -1 0 0 -1 0 0.0229519 -0.9996426 0.0137068 0 -1 0 0 -1 0 0 -1 0 0 -1 0 0 -1 0 0.0080235 -0.9999538 -0.005300283 -0.02187794 -0.9997574 -0.002544283 0 -1 0 0.004319369 -0.99999 -0.001213848 0.001848042 -0.9999966 -0.001865029 0 -1 0 0.001782476 -0.9999898 -0.004163861 0.002134561 -0.9999971 -0.001100301 0 -1 0 0.001161098 -0.9999862 -0.00511533 0.004359245 -0.9999899 -0.001073598 0 -1 0 0 -1 0 0 -1 0 0 -1 0 0 -1 0 -1.0245e-6 -1 5.69253e-6 0 -1 0 0 -1 0 0 -1 0 -0.02835631 -0.7770292 0.6288256 0 -1 0 0 -1 0 -0.5978465 -0.8004428 0.04325395 0 -1 0 0.01674753 -0.9998586 -0.00148034 -0.002020478 -0.9989345 0.04610747 0 -1 0 0 -1 0 0.001325964 -0.9999962 0.002407848 0.002044379 -0.9999958 0.002053439 7.28904e-4 -0.9999953 0.002979397 0.001942336 -0.9999951 0.00244981 0.002849638 -0.9999297 0.01151418 0.007165729 -0.9999665 -0.003961861 0.006453394 -0.9999774 0.001917719 0 -1 0 0 -1 0 0 -1 0 0 -1 0 -0.003064751 -0.9999884 0.003735482 -4.95826e-7 -1 2.51439e-5 0 -1 0 0 -1 0 0 -1 0 -0.002178013 -0.9999921 0.003328263 0 -1 0 0 -1 0 0 -1 0 0.004156887 -0.9986034 0.05266726 -0.002865076 -0.9999884 0.003865718 0 -1 0 0 -1 0 -0.003344953 -0.9999939 9.4403e-4 -0.09153324 -0.9958003 0.00189346 -0.005393385 -0.9971756 -0.07491099 0.01637881 -0.9998598 0.003496289 0 -1 0 -0.004410088 -0.9999902 3.46113e-4 0 -1 0 0 -1 0 0 -1 0 0 -1 0 -4.92212e-5 -1 1.78624e-5 -4.25921e-5 -0.999997 -0.002466082 0 -1 0 0 -1 0 9.23182e-4 -0.9999996 9.31759e-5 -0.007633686 -0.9999658 0.003180265 0 -1 0 0 -1 0 -0.01125967 -0.9999366 -1.30632e-4 -0.001630723 -0.9999881 -0.004584431 -4.85733e-4 -0.9999997 6.67685e-4 -7.43648e-5 -0.9999998 5.74205e-4 -0.004363954 -0.9999887 -0.001881599 -0.001390576 -0.9997251 -0.0234062 -0.004730105 -0.9999889 1.71975e-4 -0.002423822 -0.9999926 -0.002968072 -0.002569317 -0.9999967 3.12728e-5 1.54451e-4 -0.9999999 5.59474e-4 -0.9976955 0.03950417 0.05516499 -0.9986121 0.001218378 -0.05265372 -0.6514117 0.03071224 -0.7581028 -0.7573413 -0.02399682 -0.6525782 0.7466904 0.01811486 -0.664925 0.0194692 -0.006564736 -0.9997889 -0.01409953 -0.02072376 -0.9996858 0.9867455 -1.6656e-4 0.1622759 0.9891343 -0.007350742 0.1468304 0.7868977 -0.01035404 -0.6169966 0.5098463 -0.0310651 0.8597044 0.6163622 0.0186814 0.7872412 -0.8504874 -0.03897416 0.5245495 -0.6232331 0.03374439 0.7813078 -0.2600333 -0.02725863 0.9652149 -0.0908603 0.01864069 0.9956891 0 -1 0 0 -1 0 0 -1 0 0 -1 0 0 -1 0 0 -1 0 0 -1 0 0 -1 0 0 -1 0 0 -1 0 0 -1 0 0 -1 0 0 -1 0 0 -1 0 0 -1 0 0 -1 0 0 -1 0 0 -1 0 0 -1 0 0 -1 0 -0.8995003 0.003627896 0.436905 -0.9999523 -0.007739126 -0.005966782 -0.991414 0.01481097 -0.1299192 -0.4541623 -0.005861282 -0.8908996 -0.464751 -0.003450036 -0.8854347 -0.7753354 0.01011735 -0.6314686 -0.8626512 -0.01609683 -0.5055431 0.7859519 -0.001054883 -0.6182867 0.4862701 -0.003069102 -0.8738032 0.436383 0.007283926 -0.8997315 0.02194577 -0.007450699 -0.9997314 -0.05287265 0.005933225 -0.9985836 0.9582811 0.00920546 0.2856793 0.9944223 0.002501487 -0.1054419 0.9844481 -0.01227414 -0.1752467 0.8159264 0.008016705 -0.5781001 0.2376007 0.0173524 0.9712079 0.5443781 -0.01825958 0.8386412 0.7054693 0.01395714 0.708603 0.9050269 -0.01563924 0.4250669 -0.9124985 -0.003294706 0.4090671 -0.661418 0.006069064 0.749993 -0.5890615 -0.01031297 0.8080224 -0.2178247 0.009006202 0.9759464 -0.06675535 -0.01594185 0.997642 -0.9117156 0.02630287 0.4099791 -0.9925844 -0.02959978 -0.1178987 -0.7139228 -0.03999865 -0.699081 -0.9176079 0.0450055 -0.3949307 0.7227224 -0.03605586 -0.6901974 0.4411022 0.04153943 -0.8964951 -0.01064807 -0.03691315 -0.9992618 -0.2592586 0.03692317 -0.965102 0.9905249 0.02309387 0.1353774 0.9879286 -0.01900541 -0.1537396 0.9201992 0.02235853 -0.3908115 0.2317787 0.01820838 0.9725981 0.3983356 -0.02778315 0.9168189 0.7204244 0.027323 0.692995 0.8927316 -0.02980172 0.4496023 -0.8415884 -0.01797413 0.5398204 -0.4207983 0.01641249 0.9070058 -0.3299427 -0.01464319 0.9438874 0 -1 0 0 -1 0 0 -1 0 0 -1 0 0 -1 0 0 -1 0 0 -1 0 0 -1 0 0 -1 0 0 -1 0 0 -1 0 0 -1 0 0 -1 0 0 -1 0 0 -1 0 0 -1 0 0 -1 0 0 -1 0 0 -1 0 0 -1 0 0 -1 0 -0.9267594 -0.01582765 0.3753219 -0.9967249 0.01508945 0.07944792 -0.9867126 -0.01908475 -0.1613509 -0.3583745 0.01653432 -0.9334315 -0.6875172 -0.02465182 -0.7257495 -0.8515975 0.02470034 -0.5236139 0.7983726 -0.01339668 -0.6020148 0.7038391 0.008257567 -0.7103114 0.4422686 -0.007074117 -0.8968548 0.4134614 -0.001804947 -0.9105198 0.05492216 0.007951676 -0.998459 -0.1118318 -0.01584964 -0.9936007 0.9613221 -0.006880879 0.2753407 0.9447463 0.006006956 0.3277474 0.9955394 -0.009348273 -0.09388303 0.9708461 0.01688283 -0.2391085 0.3593524 0.001684546 0.9332004 0.3373233 0.006769061 0.9413645 0.6693711 -0.01062363 0.7428523 0.7664651 0.01097673 0.6421921 -0.825321 0.01671713 0.5644162 -0.5501342 -0.01291531 0.8349764 -0.4516352 0.005417168 0.8921863 -0.09799683 -0.002996027 0.9951822 -0.1057226 -0.001495361 0.9943945 -0.9999281 -0.01199376 -2.27512e-4 -0.9992417 0.001659512 -0.03890216 -0.2958492 -0.03633987 -0.9545432 -0.7480831 0.02355176 -0.6631869 -0.7250362 0.008275628 -0.6886611 0.7679845 0.01945149 -0.640173 0.7067174 -0.007052481 -0.7074608 0.2845514 -0.009673118 -0.958612 0.1037098 0.04278385 -0.993687 0.9320571 -0.02042609 0.3617352 0.9980157 0.0185877 -0.06016153 0.9809576 -0.01481139 -0.1936568 0.3090154 0.02757948 0.950657 0.5613297 -0.03203451 0.8269721 0.8287731 0.0266602 0.5589495 -0.8102264 0.0138067 0.5859544 -0.765627 -0.01131969 0.6431852 -0.2318001 0.005925238 0.9727454 -0.1423346 -0.02132028 0.9895889 0 -1 0 0 -1 0 0 -1 0 0 -1 0 0 -1 0 0 -1 0 0 -1 0 0 -1 0 0 -1 0 0 -1 0 0 -1 0 0 -1 0 0 -1 0 0 -1 0 0 -1 0 0 -1 0 0 -1 0 0 -1 0 0 -1 0 0 -1 0 -0.9661495 -0.01801437 0.2573531 -0.9997965 0.01428496 0.01424676 -0.2764365 0.01402354 -0.9609298 -0.6313582 -0.01416605 -0.7753619 -0.5951358 -0.002004444 -0.8036226 -0.9182763 0.001880526 -0.3959358 -0.9423499 -0.01045107 -0.3344658 0.5745948 0.00305891 -0.8184324 0.532603 -0.00865668 -0.8463209 0.1380636 0.006710886 -0.9904006 -3.10466e-4 -0.01455187 -0.999894 0.9540792 -0.01188158 0.2993188 0.9959189 0.01248478 0.08938449 0.9519434 -0.01544612 -0.3058843 0.923713 0.003948628 -0.3830649 0.2469048 0.001735925 0.9690381 0.2107697 -0.006651878 0.9775131 0.5648041 0.01289033 0.8251243 0.7122079 -0.01370513 0.7018347 0.8776249 0.009686231 0.4792501 -0.8353 0.02003419 0.5494294 -0.6868069 -0.01983034 0.7265694 -0.2974883 0.01790988 0.9545575 -0.1747335 -0.006543993 0.984594 -0.9980829 0.04186898 0.04557996 -0.2426822 0.01298213 -0.970019 -0.3435136 -0.02896726 -0.9387008 -0.8126586 0.02857953 -0.5820388 -0.9453104 -0.04647445 -0.3228442 0.5449372 -0.01198744 -0.8383911 0.5212051 -1.03629e-4 -0.8534315 0.9841387 0.02984046 0.1748733 0.9745548 -0.02749282 -0.222457 0.9332756 0.01046186 -0.3590084 0.3525848 -0.03768724 0.9350206 0.7037237 0.02617377 0.7099915 0.8522731 -0.02844423 0.5223233 -0.8485565 -0.03817713 0.5277256 -0.6762553 0.03197085 0.7359733 -0.3472774 -0.03011739 0.9372788 0.0070647 0.04061841 0.9991497 0 -1 0 0 -1 0 0 -1 0 0 -1 0 0 -1 0 0 -1 0 0 -1 0 0 -1 0 0 -1 0 0 -1 0 0 -1 0 0 -1 0 0 -1 0 0 -1 0 0 -1 0 0 -1 0 0 -1 0 0 -1 0 0 -1 0 0 -1 0 0 -1 0 -0.9086152 -0.01076841 0.4174955 -0.9619575 0.01544433 0.2727623 -0.9967808 -0.01346147 -0.07903689 -0.974318 0.01100569 -0.2249076 -0.4011492 0.001017868 -0.9160122 -0.4327997 -0.005049347 -0.901476 -0.7433882 0.006297171 -0.6688306 -0.7983198 -0.009104073 -0.6021649 0.5952212 0.01192724 -0.8034734 0.5090466 -0.01079154 -0.8606713 0.03571653 0.002689242 -0.9993584 0.03780597 0.002198278 -0.9992827 0.991342 0.01228827 0.1307293 0.9991852 -0.004482686 0.04010987 0.9080724 2.39206e-4 -0.4188132 0.9149669 -0.003968894 -0.4035095 -0.01971554 -0.003567934 0.9997992 -0.02467656 -0.002278029 0.9996929 0.4423237 0.001508057 0.8968542 0.4839338 -0.006612539 0.8750796 0.7742798 0.01139503 0.6327409 0.8624994 -0.0141443 0.5058605 -0.6285097 -5.93792e-4 0.7778016 -0.5960165 0.01056206 0.8029027 -0.981241 0.001272976 -0.1927811 -0.997662 0.002490937 -0.06829512 -0.9996266 6.1082e-4 -0.02731907 -0.9995132 -0.003263235 0.03102838 -0.9990478 -0.004517495 0.04339367 -0.9932216 7.78491e-4 0.1162334 -0.9580752 -8.52451e-4 0.2865157 -0.9504142 -0.003011107 0.3109724 -0.9146569 0.001554071 0.4042279 -0.3331993 8.71813e-4 -0.942856 -0.417777 -0.008290767 -0.9085118 -0.476689 -7.02589e-4 -0.8790717 -0.6020126 0.003427028 -0.7984793 -0.6451077 0.003050804 -0.7640856 -0.7436836 -0.006942152 -0.6684957 -0.7271583 -0.003072619 -0.6864629 -0.8384851 5.71956e-4 -0.5449242 -0.8781195 -0.003783226 -0.4784265 -0.9095776 5.7967e-4 -0.415534 -0.9516154 -4.85188e-4 -0.3072912 -0.9643442 -0.003998339 -0.2646211 0.7711601 -0.0049479 -0.6366221 0.7484934 -0.001728355 -0.66314 0.6660175 0.001075446 -0.7459354 0.5637145 -0.004252374 -0.8259587 0.5448909 -0.007083475 -0.838477 0.4357912 0.001528859 -0.9000465 0.3284873 0.003050088 -0.9445035 0.2125221 -0.004962503 -0.9771437 0.2103692 -0.005249142 -0.9776079 0.06566381 0.001893937 -0.99784 0.0160517 0.001847565 -0.9998694 -0.0825231 -0.003586411 -0.9965828 0.4871592 -0.06590896 -0.8708226 -0.1309683 -0.00180149 -0.9913849 -0.2418494 0.002318024 -0.9703111 0.9562705 0.00382483 0.2924587 0.992542 -0.00395596 0.121839 0.9926388 -0.004056036 0.1210443 0.9994019 8.07724e-4 0.03457087 0.9996528 0.001932501 -0.02628201 0.9852206 -0.001474857 -0.1712837 0.9890747 -0.004685342 -0.1473409 0.9559987 0.001833379 -0.2933652 0.9027084 -0.00331825 -0.4302401 0.9016372 -0.003551304 -0.4324786 0.8755089 -9.43232e-4 -0.483201 0.8283261 -4.66674e-4 -0.5602461 -0.02543669 -1.68134e-6 0.9996764 -0.08702552 -0.003398776 0.9962003 -0.1171241 -5.22393e-4 0.9931172 -0.2539345 0.001999437 0.9672194 -0.3560103 -0.00253421 0.9344786 -0.3959835 -0.007312774 0.9182285 -0.4993585 0.002564191 0.8663916 -0.6165568 0.002794384 0.7873055 -0.6897367 -0.005715787 0.7240378 -0.7286375 -0.001036524 0.6848987 -0.8309396 7.54392e-4 0.556362 -0.8556418 -0.003379225 0.5175575 0.8926045 -0.004174113 0.4508211 0.8952484 -0.003305435 0.4455553 0.7989546 0.00179392 0.6013886 0.7204196 -0.006163775 0.6935111 0.6792202 3.35987e-4 0.7339345 0.5657613 0.003102779 0.8245632 0.470358 -0.002321779 0.8824727 0.4374141 -0.006272912 0.8992384 0.3505176 0.001505076 0.9365549 0.1979723 -3.64353e-4 0.9802076 0.1536999 -0.004229366 0.9881085 0.05066174 0.001006245 0.9987154 0.03038156 0.001158833 0.9995377 0 -1 0 0 -1 0 0 -1 0 0 -1 0 0 -1 0 0 -1 0 0 -1 0 0 -1 0 0 -1 0 0 -1 0 0 -1 0 0 -1 0 0 -1 0 0 -1 0 0 -1 0 0 -1 0 0 -1 0 0 -1 0 0 -1 0 -0.01094871 -0.120655 -0.9926341 0.1114223 -0.1209472 -0.9863858 0.0386123 -0.07500666 -0.9964352 -0.2226176 -0.07304441 -0.9721656 -0.4784595 -0.303231 -0.8240919 -0.3393409 -0.2674907 -0.9018296 -0.02127939 -0.1894856 -0.9816529 -0.9270718 -0.3748241 0.006693303 -0.9923481 -0.1214059 0.02248942 -0.9961529 -0.08712381 0.009426236 -0.4021562 -0.1642631 -0.9007153 -0.5520864 -0.1968045 -0.8102276 -0.09499841 -0.275303 -0.9566523 -0.346542 -0.3414586 0.8736789 0.05299705 -0.3668484 -0.9287699 -0.9732645 -0.1702855 0.1541395 0.6734678 -0.1799479 0.7169798 -0.30513 -0.278166 0.9107795 0.002940952 -0.3931956 -0.9194502 -0.9309678 -0.3427464 0.1257927 -0.4820465 -0.2959161 -0.8246605 -0.2067155 -0.3347271 0.919362 -0.5795746 -0.447399 -0.6811221 -0.24602 -0.2569456 0.9345872 0.8270288 -0.3768588 -0.417134 0.8639786 0.245947 -0.4393758 -0.2537788 -0.3455603 -0.9034292 -0.2282108 -0.4467469 -0.8650647 0.8337571 -0.3257871 -0.445771 0.7501862 -0.3382537 0.5681595 -0.6201197 -0.2864018 -0.7303599 -0.9133468 -0.3040678 0.2708144 0.7088974 -0.6102091 -0.353708 -0.9352797 -0.2453032 0.2551042 0.7868763 -0.2695327 0.5551376 -0.6801991 -0.2101954 -0.7022443 -0.1137348 -0.325106 0.9388133 -0.1437699 -0.1297282 0.9810712 0.6910063 -0.5554834 0.4625458 -0.5835863 -0.5103148 -0.6316691 0.7546992 -0.3620429 -0.5471326 -0.09454935 -0.2878643 0.9529924 0.6598152 -0.4733083 0.5836294 0.7682118 -0.4792646 0.4244481 0.8510761 -0.3062663 0.4264626 -0.718045 -0.3062598 -0.624993 -0.884556 -0.2479707 0.3950584 0.863176 -0.2319627 0.4484646 -0.7786882 -0.5952647 0.1982541 -0.7848004 -0.5229284 0.3326172 -0.01976925 -0.1321309 0.9910351 -0.7957416 -0.508611 0.328801 -0.8843119 -0.2485707 0.3952279 -1.67218e-4 -0.07464051 0.9972105 0.599635 -0.6407563 -0.4794468 0.7545596 -0.3604972 -0.5483443 -0.6926929 -0.4916495 -0.5276906 0.002227783 -0.4120241 0.9111702 -0.7390232 -0.2639903 -0.6198015 -0.1755043 -0.5690333 0.8033676 -0.04868233 -0.56585 0.8230698 0.6901617 -0.5564975 0.4625876 0.7114735 -0.5272885 -0.4645129 0.6964147 -0.4125377 -0.587213 0.6646575 -0.6846455 0.2991504 -0.08316689 -0.6131294 -0.7855925 -0.7913571 -0.4470804 0.4169811 0.6644484 -0.3428905 -0.664029 -0.06719928 -0.6581399 -0.7498908 -0.6561442 -0.6584164 0.3687312 0.1207692 -0.1543392 0.9806091 0.656563 -0.6739055 -0.3387869 0.5725389 -0.5990769 -0.5597376 -0.6799351 -0.6031256 -0.4170465 0.08494681 -0.6196036 0.7803047 -0.7072417 -0.6565541 0.2621943 -0.7135723 -0.5451208 0.4400655 -0.8558554 -0.190938 0.4806811 0.06315511 -0.3344913 0.9402803 0.7691079 -0.5629895 0.3025158 0.8920163 -0.3387339 0.2992761 0.5939645 -0.5697879 -0.567933 -0.7882671 -0.3575223 -0.5008121 0.6837044 -0.6798973 0.2651189 0.6531417 -0.7211244 0.2310527 0.05312705 -0.7063573 0.705859 0.0671885 -0.3415681 0.9374524 0.5319212 -0.7971749 0.2856082 -0.8255796 -0.3029077 -0.4760939 -0.7731662 -0.3394529 0.5357105 0.8861663 -0.3594429 0.2924208 0.9415882 -0.192306 0.27646 0.6268954 -0.7011468 -0.339699 0.6164635 -0.6573098 -0.4334934 -0.6770836 -0.6119949 -0.4086809 0.5958973 -0.6809104 0.4257552 -0.1613568 -0.6579169 -0.7356014 -0.5659429 -0.7067125 0.4245776 0.6053929 -0.3975101 -0.6895543 -0.5977111 -0.7412037 0.3055462 0.4339044 -0.7990751 -0.4161801 0.2113621 -0.4054043 0.8893669 0.07916504 -0.7913658 0.6061956 0.2109874 -0.4042419 0.8899847 0.1960671 -0.02314996 0.9803171 0.8269217 -0.5162044 0.2230105 -0.5916621 -0.7671587 0.2477972 -0.6648859 -0.5130713 0.5428487 -0.7626286 -0.2663549 0.5894511 -0.5531794 -0.7937411 -0.2529184 -0.8494979 -0.3703662 -0.3757424 -0.04783004 -0.7272605 0.684693 0.1137427 -0.7045057 0.7005243 0.2095969 -0.4111606 0.8871393 0.9546043 -0.2389965 0.1777957 0.4630323 -0.6166182 -0.6366969 -0.8790973 -0.2072175 -0.4292422 -0.4954965 -0.7644694 0.4123952 -0.6452174 -0.5716909 0.5068176 0.468792 -0.7695465 -0.4336268 0.4557081 -0.6258422 -0.6329706 -0.07217293 -0.8291447 -0.5543556 0.8038037 -0.5702129 0.1695783 0.5488473 -0.4239419 -0.7204443 0.5499435 -0.3102295 -0.7754482 -0.7491461 -0.5768984 -0.325528 0.02260649 -0.7901675 -0.6124741 -0.1364701 -0.8465363 0.5145408 0.1883856 -0.6884937 0.700348 0.9302186 -0.3518408 0.1044096 -0.08164823 -0.7936223 0.6029074 0.2045807 -0.7848755 0.5849078 0.3685313 -0.7596483 -0.535835 -0.8712477 -0.3237147 -0.3689665 0.5109643 -0.3982737 -0.76177 -0.06250554 -0.8059979 -0.588609 -0.7206287 -0.6379641 -0.27147 -0.4643628 -0.7531054 0.4660468 0.6456199 -0.7551782 0.1134937 0.5613005 -0.8260952 0.05008536 0.9786059 -0.1416149 0.1492504 0.4240077 -0.8951945 0.1372747 -0.6074857 -0.7608826 -0.2280762 -0.479194 -0.6966549 0.5338962 0.4691053 -0.8226354 0.321265 0.690374 -0.7177796 0.09042245 -0.5536289 -0.5839865 0.593679 -0.6141095 -0.4966018 0.6133973 0.6655547 -0.6731114 0.3224252 0.4822306 -0.8157275 -0.3194402 -0.6928727 -0.3375619 0.6371651 -0.01663398 -0.8142292 0.5803052 0.3342124 -0.2830613 0.8989874 0.3453652 -0.899928 0.2661815 0.8716763 -0.4868837 0.05589902 -0.5707033 -0.807085 -0.1513655 -0.8343746 -0.4883894 -0.2555283 -0.9334193 -0.218215 -0.2847993 -0.9398204 -0.157282 -0.3033152 -0.3027991 -0.9029892 0.3048331 0.2847115 -0.5968683 0.750125 -0.7723457 -0.5834443 -0.2511472 -0.4048737 -0.8848236 0.2305744 -0.6516964 -0.2463768 0.7173494 0.3671295 -0.3008236 0.8801825 0.6569212 -0.6607173 -0.3631904 -0.1482708 -0.8460178 -0.5121227 0.2912298 -0.764845 0.5746281 -0.5202919 -0.830028 0.2008726 0.362751 -0.1900833 0.9122939 0.9274035 -0.3585339 0.1066596 0.4007861 -0.486332 -0.7764352 0.5023093 -0.2735937 -0.8202633 0.9880295 -0.1542452 0.002481698 0.3524397 -0.6431358 -0.6798254 0.346724 -0.4697325 -0.8118706 -0.5150542 -0.5113212 0.6879462 0.05697774 -0.8730871 0.4842235 0.2458056 -0.8388503 -0.4857055 0.4539026 -0.1877158 -0.8710541 -0.02356457 -0.8955408 0.4443551 0.3987897 -0.4258329 0.812178 0.3643916 -0.9181663 0.1555294 0.2751765 -0.8915842 -0.3596603 -0.5449209 -0.4686849 0.6952666 -0.6146904 -0.2033385 0.7621084 0.2907633 -0.720785 0.6292264 0.7606607 -0.6491453 0.002416491 0.8834866 -0.4674749 -0.03030991 -0.3807246 -0.8745283 0.3004148 -0.5748503 -0.3111988 0.7567711 0.4598793 -0.850755 0.254415 0.9911268 -0.1327694 -0.006311714 0.2533394 -0.833909 -0.4903212 0.3091272 -0.7004738 -0.6432548 -0.3076803 -0.9222393 -0.2341099 -0.9449619 -0.2721467 -0.1816129 -0.3579914 -0.8175547 0.4510504 0.2992437 -0.8765475 -0.3769851 -0.1570985 -0.9169916 -0.3666695 -0.7275154 -0.6725416 -0.1356805 0.5382947 -0.8424325 -0.02337706 0.2887946 -0.9214614 -0.2598203 -0.2582954 -0.8885322 -0.379202 -0.5298085 -0.8446223 -0.07691645 -0.9034143 -0.3784772 -0.2014886 -0.4158196 -0.8526359 0.3163955 0.1143735 -0.79478 0.596023 0.1669901 -0.9252364 0.3406641 0.3355901 -0.7214964 0.6056587 0.5767585 -0.8168126 -0.012919 0.6832182 -0.7276182 -0.06152081 -0.4052186 -0.8964309 0.1794704 0.8941882 -0.4455175 -0.04406464 0.3215064 -0.9248492 -0.2031934 0.461793 -0.3014299 0.8341987 -0.07740467 -0.9305012 -0.3580167 -0.4622032 -0.7089613 0.5326746 0.5675182 -0.8072157 0.1622523 0.2853597 -0.9583818 0.008605301 -0.2480728 -0.9016428 -0.35426 -0.764456 -0.6329464 -0.1224169 -0.979871 -0.1605818 -0.1186019 0.2443044 -0.6410954 -0.7275384 0.353388 -0.6674473 0.6554625 0.1435136 -0.9175291 -0.3708696 0.1526203 -0.9105247 -0.3842548 0.2014523 -0.7926759 -0.5753971 0.2345442 -0.7452812 -0.6241352 -0.5231165 -0.8492268 -0.07185387 -0.1560764 -0.8989713 -0.4092566 0.3676702 -0.8844531 -0.287335 0.1538801 -0.9626048 -0.2229641 0.320419 -0.4554187 -0.8306175 -0.4583992 -0.4056003 0.7907962 -0.08180022 -0.7288721 0.6797457 0.2416865 -0.8882295 0.3906867 0.4594609 -0.8809536 0.11321 0.1097337 -0.9285993 0.3544883 0.1261512 -0.9178148 0.376433 0.4643537 -0.5475859 0.6960786 0.8255152 -0.5401777 -0.1635015 0.3084782 -0.2836931 -0.9079424 0.5454755 -0.2067242 0.8122325 0.4506973 -0.8882209 -0.08908236 -0.8734679 -0.4716561 -0.120807 0.2410429 -0.5511332 -0.7988432 0.312874 -0.2991682 -0.9014478 -0.2757614 -0.9612251 -0.001429259 -0.4372187 -0.541015 0.7184306 0.4859079 -0.4296199 0.7611309 0.5461243 -0.212203 0.8103815 -0.03063887 -0.9537038 -0.299183 -0.7080417 -0.7046466 -0.04637044 -0.2079634 -0.8937529 0.3974379 -0.3656169 -0.6651971 0.6510276 -0.5396587 -0.1991553 0.8179888 0.2580427 -0.916676 0.3051542 0.880764 -0.4523484 -0.1401281 0.9721006 -0.1612884 -0.1703129 -0.07267498 -0.9260938 -0.3702277 -0.9776109 -0.1798671 -0.1092001 -0.3275811 -0.77393 0.5419621 0.03227794 -0.9508478 0.3079716 0.7046949 -0.7034981 -0.09217065 0.9610722 -0.2335404 -0.1476457 -0.9150742 -0.4009973 -0.04289948 -0.43773 -0.3273245 0.8374075 0.4252266 -0.717633 0.5515298 0.1944415 -0.9526205 -0.2338949 0.09755665 -0.8433128 -0.5284942 0.1266468 -0.7693054 -0.6262025 -0.5592801 -0.8281052 -0.03804564 -0.2425672 -0.9215052 0.3032974 0.4750205 -0.5305896 0.7020187 0.192541 -0.9806425 0.03561061 -0.1417716 -0.9623104 0.2320765 -0.01691675 -0.9767329 0.2137917 0.3583828 -0.7849036 0.5054583 0.197833 -0.9751521 -0.09970247 0.2001894 -0.5411936 -0.8167213 0.02413332 -0.9170284 0.3980909 0.3942689 -0.9176697 -0.04933845 0.2087184 -0.9762467 -0.05812984 -0.1377025 -0.971347 0.1937085 0.5825583 -0.7970471 -0.1591913 0.1917812 -0.3034701 -0.9333412 0.1950982 -0.3107543 -0.9302518 -0.180172 -0.9456015 -0.27088 -0.1178703 -0.9876932 -0.1028041 -0.4735668 -0.880577 0.01785123 -0.200556 -0.9691187 0.1434785 -0.405987 -0.2996988 0.8633395 0.2301622 -0.9662635 0.1155868 0.5028732 -0.8555276 -0.1232516 0.8371376 -0.5192978 -0.1718439 0.06326216 -0.9793823 -0.1918547 -0.7781583 -0.6279237 0.01347428 0.1500704 -0.6041994 -0.7825739 -0.2026633 -0.7925477 0.5751486 0.6142535 -0.3512438 0.7066261 0.09661316 -0.9750012 -0.2000965 -0.3508926 -0.6024067 0.7169244 0.5239967 -0.636405 0.5660531 0.1200209 -0.9884794 -0.09221398 -0.8755086 -0.4826743 0.02258974 0.2631984 -0.9538409 -0.1446174 0.6075282 -0.1968867 0.7695096 0.8628337 -0.4254946 -0.2728962 -0.09577715 0.9517561 -0.2915251 0.2713545 -0.9538348 0.128709 0.7138823 -0.6626195 -0.2265113 0.9209686 -0.2421512 -0.3052535 0.129506 -0.777435 -0.615486 0.3180732 -0.8904507 0.3254641 0.5409491 -0.6167773 0.5718042 0.890972 -0.3695042 -0.2638856 -0.7305873 -0.6804063 0.05735361 0.1221655 -0.9687527 0.2158561 0.1660032 -0.9645944 -0.2049405 -0.2722767 -0.5356142 0.799364 0.1180093 -0.9819086 0.148086 0.4270238 -0.8057366 0.4104135 -0.9033127 -0.4135028 0.1142 -0.9575557 -0.272491 0.09399855 -0.1455479 -0.9876914 0.05728429 -0.2028642 -0.7964758 0.5696248 -0.2212619 -0.768472 0.6004115 0.03263938 -0.9303439 -0.3652325 -0.2605675 -0.9492896 0.1759368 0.6577624 -0.476152 0.5836333 0.4089282 -0.9027598 -0.1334262 0.6350736 -0.7340325 -0.2405781 -0.2803459 -0.5201969 0.8067227 0.001200079 -0.9979872 0.06340497 0.2206841 -0.9554424 0.1960316 0.3345505 -0.8750359 0.34984 0.05848783 -0.5580071 -0.8277725 -0.0960648 -0.9471308 0.3061289 0.09931427 -0.9948999 -0.01762884 0.03687405 -0.8118971 -0.5826349 -0.3264812 -0.9436326 0.05447411 -0.5539219 -0.825443 0.1086934 0.5665168 -0.7005752 0.4338815 0.01363402 -0.9488515 -0.3154281 -0.4096686 -0.9101787 0.0612086 -0.09593111 -0.9475327 0.3049245 0.7208147 -0.650389 -0.2396256 0.02868086 -0.9995855 -0.002494871 0.4531731 -0.8681319 -0.2024379 0.043702 -0.3427847 -0.9383969 0.1462323 -0.9888271 0.02892947 0.01849341 -0.6310919 -0.7754876 -0.6212019 -0.7753019 0.1140846 -0.7994465 -0.5701807 0.189154 -0.3244362 -0.9443632 0.05403029 -0.1545008 -0.6297452 0.7612821 -0.1755336 -0.5690873 0.8033229 -0.007333517 -0.9996317 0.02612632 0.285337 -0.958186 -0.02150243 0.6189875 -0.7749266 0.1278411 -0.06388467 -0.6017796 0.7961031 0.192502 -0.9699086 0.1490645 -0.186814 -0.723176 -0.6649188 -0.06769579 -0.3786603 -0.9230567 -0.1396561 -0.984812 -0.1031574 -0.3434454 -0.7789348 -0.524696 -0.2530931 -0.7573273 -0.6019961 -0.2978751 -0.7016955 -0.6472202 -0.4593551 -0.6473349 -0.6082354 -0.2938579 -0.9436138 -0.1524484 -0.2323638 -0.4810903 -0.8453161 -0.3117791 -0.896913 -0.3135933 -0.1420947 -0.5261948 -0.8384081 -0.8028875 -0.4547868 -0.3854098 -0.3680512 -0.8641464 -0.3432045 -0.4129077 -0.8903149 -0.1919543 -0.3255251 -0.4410675 -0.8363569 -0.3771517 -0.8871962 -0.2657808 -0.3687045 -0.6957895 -0.6163879 -0.3789508 -0.886295 -0.2662284 -0.3586425 -0.5336826 -0.7658711 -0.466915 -0.6302273 -0.6203257 -0.5252609 -0.6808836 -0.5103905 -0.09272599 -0.9956883 -0.002602577 -0.08532077 -0.9963459 -0.00389719 -0.3918308 -0.9004412 -0.1888765 -0.08789026 -0.9952582 -0.04167062 -0.4763501 -0.5243251 -0.7058143 -0.493474 -0.710032 -0.5023326 -0.3599486 -0.9217482 -0.1442815 -0.4478726 -0.832867 -0.3251807 -0.5816235 -0.4451885 -0.6808241 -0.519612 -0.7108045 -0.4740888 -0.4125505 -0.9079107 -0.07416307 -0.575147 -0.7552425 -0.3143482</float_array>
          <technique_common>
            <accessor source="#_inch_edf_-_5inch_duct_connector_passive_shaft-1-mesh-normals-array" count="885" stride="3">
              <param name="X" type="float"/>
              <param name="Y" type="float"/>
              <param name="Z" type="float"/>
            </accessor>
          </technique_common>
        </source>
        <vertices id="_inch_edf_-_5inch_duct_connector_passive_shaft-1-mesh-vertices">
          <input semantic="POSITION" source="#_inch_edf_-_5inch_duct_connector_passive_shaft-1-mesh-positions"/>
        </vertices>
        <triangles material="Material_001-material" count="885">
          <input semantic="VERTEX" source="#_inch_edf_-_5inch_duct_connector_passive_shaft-1-mesh-vertices" offset="0"/>
          <input semantic="NORMAL" source="#_inch_edf_-_5inch_duct_connector_passive_shaft-1-mesh-normals" offset="1"/>
          <p>0 0 1 0 2 0 2 1 1 1 3 1 2 2 3 2 4 2 5 3 6 3 0 3 0 4 6 4 7 4 0 5 7 5 1 5 6 6 5 6 8 6 8 7 5 7 9 7 8 8 9 8 10 8 10 9 9 9 11 9 11 10 9 10 2 10 11 11 2 11 4 11 12 12 24 12 20 12 24 13 12 13 13 13 24 14 15 14 20 14 22 15 18 15 16 15 40 16 22 16 16 16 5 17 23 17 9 17 2 18 34 18 39 18 13 19 35 19 24 19 18 20 19 20 20 20 2 21 39 21 0 21 18 22 28 22 21 22 5 23 14 23 42 23 5 24 42 24 23 24 18 25 15 25 27 25 29 26 0 26 39 26 0 27 35 27 13 27 0 28 13 28 46 28 0 29 31 29 5 29 5 30 31 30 25 30 26 31 41 31 32 31 20 32 15 32 18 32 29 33 39 33 28 33 21 34 16 34 18 34 9 35 30 35 2 35 5 36 25 36 17 36 28 37 43 37 44 37 9 38 45 38 30 38 30 39 37 39 2 39 29 40 38 40 0 40 0 41 46 41 31 41 26 42 32 42 20 42 20 43 19 43 26 43 28 44 44 44 29 44 16 45 36 45 40 45 23 46 33 46 9 46 0 47 38 47 35 47 17 48 14 48 5 48 14 49 41 49 42 49 27 50 43 50 28 50 27 51 28 51 18 51 41 52 26 52 42 52 33 53 36 53 9 53 9 54 16 54 45 54 2 55 37 55 34 55 36 56 16 56 9 56 10 57 47 57 8 57 47 58 48 58 8 58 10 59 49 59 47 59 422 60 408 60 57 60 10 61 51 61 49 61 10 62 56 62 51 62 8 63 48 63 59 63 50 64 55 64 11 64 55 65 56 65 10 65 408 66 422 66 394 66 53 67 54 67 422 67 53 68 50 68 11 68 408 69 385 69 52 69 52 70 57 70 408 70 11 71 55 71 10 71 410 72 8 72 58 72 58 73 423 73 410 73 59 74 58 74 8 74 58 75 385 75 423 75 58 76 52 76 385 76 74 77 4 77 70 77 69 78 60 78 4 78 61 79 70 79 4 79 53 80 11 80 54 80 54 81 11 81 67 81 63 82 72 82 64 82 3 83 69 83 4 83 4 84 60 84 61 84 71 85 67 85 11 85 66 86 72 86 63 86 3 87 64 87 68 87 11 88 74 88 65 88 54 89 67 89 416 89 11 90 65 90 71 90 403 91 416 91 67 91 72 92 66 92 370 92 63 93 64 93 3 93 3 94 68 94 69 94 67 95 417 95 403 95 406 96 62 96 73 96 62 97 417 97 67 97 417 98 62 98 406 98 72 99 370 99 364 99 406 100 73 100 364 100 364 101 73 101 72 101 4 102 74 102 11 102 7 103 76 103 1 103 7 104 75 104 76 104 77 105 75 105 7 105 387 106 85 106 401 106 79 107 81 107 78 107 1 108 76 108 80 108 3 109 84 109 63 109 1 110 80 110 82 110 84 111 387 111 393 111 7 112 78 112 77 112 3 113 87 113 86 113 86 114 84 114 3 114 393 115 88 115 84 115 401 116 85 116 81 116 1 117 82 117 83 117 1 118 83 118 3 118 387 119 84 119 85 119 81 120 79 120 436 120 63 121 84 121 88 121 81 122 436 122 413 122 3 123 83 123 87 123 81 124 413 124 401 124 91 125 6 125 8 125 6 126 91 126 90 126 6 127 90 127 89 127 8 128 92 128 91 128 79 129 78 129 7 129 79 130 7 130 95 130 96 131 93 131 6 131 6 132 93 132 7 132 7 133 93 133 95 133 94 134 95 134 93 134 101 135 92 135 8 135 96 136 6 136 89 136 355 137 395 137 99 137 410 138 101 138 8 138 95 139 94 139 97 139 95 140 97 140 98 140 395 141 102 141 99 141 99 142 410 142 355 142 95 143 100 143 395 143 100 144 102 144 395 144 101 145 410 145 99 145 95 146 98 146 100 146 30 147 103 147 104 147 30 148 104 148 37 148 106 149 34 149 104 149 104 150 34 150 37 150 107 151 39 151 105 151 105 152 39 152 106 152 106 153 39 153 34 153 108 154 21 154 107 154 107 155 21 155 28 155 107 156 28 156 39 156 110 157 16 157 21 157 110 158 21 158 108 158 103 159 30 159 45 159 103 160 45 160 109 160 109 161 45 161 16 161 109 162 16 162 110 162 108 163 115 163 110 163 110 164 115 164 111 164 120 165 103 165 112 165 112 166 103 166 109 166 112 167 109 167 110 167 112 168 110 168 111 168 107 169 113 169 114 169 107 170 114 170 108 170 108 171 114 171 115 171 105 172 116 172 117 172 105 173 117 173 118 173 105 174 118 174 107 174 107 175 118 175 113 175 122 176 104 176 119 176 119 177 104 177 103 177 119 178 103 178 120 178 116 179 105 179 106 179 116 180 106 180 121 180 121 181 106 181 104 181 121 182 104 182 122 182 120 183 74 183 119 183 119 184 74 184 122 184 122 185 74 185 70 185 60 186 116 186 121 186 60 187 121 187 61 187 61 188 121 188 70 188 70 189 121 189 122 189 68 190 113 190 118 190 68 191 118 191 117 191 68 192 117 192 69 192 69 193 117 193 116 193 69 194 116 194 60 194 73 195 114 195 72 195 72 196 114 196 64 196 64 197 114 197 113 197 64 198 113 198 68 198 67 199 111 199 62 199 62 200 111 200 115 200 62 201 115 201 73 201 73 202 115 202 114 202 74 203 120 203 65 203 65 204 120 204 71 204 71 205 120 205 112 205 71 206 112 206 67 206 67 207 112 207 111 207 36 208 123 208 124 208 36 209 124 209 40 209 125 210 22 210 40 210 125 211 40 211 124 211 128 212 19 212 18 212 128 213 18 213 126 213 126 214 18 214 22 214 126 215 22 215 125 215 130 216 26 216 127 216 127 217 26 217 19 217 127 218 19 218 128 218 131 219 23 219 129 219 129 220 23 220 42 220 129 221 42 221 130 221 130 222 42 222 26 222 123 223 36 223 33 223 123 224 33 224 131 224 131 225 33 225 23 225 130 226 136 226 129 226 129 227 136 227 132 227 129 228 132 228 134 228 129 229 134 229 131 229 141 230 123 230 133 230 133 231 123 231 131 231 133 232 131 232 134 232 128 233 139 233 127 233 127 234 139 234 135 234 127 235 135 235 130 235 130 236 135 236 136 236 126 237 137 237 128 237 128 238 137 238 138 238 128 239 138 239 139 239 143 240 125 240 124 240 143 241 124 241 140 241 140 242 124 242 141 242 141 243 124 243 123 243 137 244 126 244 142 244 142 245 126 245 125 245 142 246 125 246 143 246 141 247 56 247 140 247 140 248 56 248 55 248 140 249 55 249 143 249 53 250 142 250 50 250 50 251 142 251 143 251 50 252 143 252 55 252 52 253 139 253 138 253 52 254 138 254 57 254 57 255 138 255 137 255 57 256 137 256 422 256 422 257 137 257 53 257 53 258 137 258 142 258 59 259 136 259 58 259 58 260 136 260 135 260 58 261 135 261 139 261 58 262 139 262 52 262 47 263 134 263 48 263 48 264 134 264 132 264 48 265 132 265 136 265 48 266 136 266 59 266 56 267 141 267 51 267 51 268 141 268 133 268 51 269 133 269 49 269 49 270 133 270 47 270 47 271 133 271 134 271 32 272 144 272 20 272 20 273 144 273 145 273 147 274 13 274 12 274 147 275 12 275 20 275 147 276 20 276 145 276 148 277 31 277 146 277 146 278 31 278 46 278 146 279 46 279 13 279 146 280 13 280 147 280 150 281 17 281 25 281 150 282 25 282 148 282 148 283 25 283 31 283 152 284 14 284 149 284 149 285 14 285 17 285 149 286 17 286 150 286 144 287 32 287 151 287 151 288 32 288 41 288 151 289 41 289 152 289 152 290 41 290 14 290 156 291 152 291 149 291 145 292 153 292 147 292 147 293 153 293 162 293 150 294 154 294 155 294 150 295 155 295 149 295 149 296 155 296 156 296 160 297 151 297 157 297 157 298 151 298 152 298 157 299 152 299 158 299 158 300 152 300 156 300 153 301 145 301 159 301 159 302 145 302 144 302 159 303 144 303 160 303 160 304 144 304 151 304 161 305 146 305 147 305 161 306 147 306 162 306 154 307 150 307 148 307 154 308 148 308 163 308 163 309 148 309 146 309 163 310 146 310 161 310 160 311 101 311 159 311 159 312 101 312 99 312 98 313 162 313 100 313 100 314 162 314 102 314 102 315 162 315 153 315 102 316 153 316 99 316 99 317 153 317 159 317 94 318 163 318 97 318 97 319 163 319 161 319 97 320 161 320 98 320 98 321 161 321 162 321 96 322 155 322 154 322 96 323 154 323 93 323 93 324 154 324 163 324 93 325 163 325 94 325 91 326 158 326 156 326 91 327 156 327 90 327 90 328 156 328 89 328 89 329 156 329 155 329 89 330 155 330 96 330 101 331 160 331 92 331 92 332 160 332 157 332 92 333 157 333 91 333 91 334 157 334 158 334 43 335 164 335 166 335 167 336 29 336 165 336 165 337 29 337 44 337 165 338 44 338 166 338 166 339 44 339 43 339 169 340 38 340 29 340 169 341 29 341 167 341 171 342 35 342 168 342 168 343 35 343 38 343 168 344 38 344 169 344 170 345 15 345 24 345 170 346 24 346 171 346 171 347 24 347 35 347 164 348 43 348 27 348 164 349 27 349 172 349 172 350 27 350 15 350 172 351 15 351 170 351 171 352 177 352 170 352 170 353 177 353 173 353 182 354 164 354 174 354 174 355 164 355 172 355 174 356 172 356 170 356 174 357 170 357 173 357 169 358 180 358 175 358 169 359 175 359 168 359 168 360 175 360 176 360 168 361 176 361 171 361 171 362 176 362 177 362 167 363 178 363 179 363 167 364 179 364 180 364 167 365 180 365 169 365 184 366 166 366 181 366 181 367 166 367 164 367 181 368 164 368 182 368 178 369 167 369 165 369 178 370 165 370 183 370 183 371 165 371 184 371 184 372 165 372 166 372 182 373 85 373 181 373 181 374 85 374 84 374 181 375 84 375 184 375 184 376 84 376 86 376 83 377 178 377 87 377 87 378 178 378 183 378 87 379 183 379 86 379 86 380 183 380 184 380 80 381 180 381 82 381 82 382 180 382 179 382 82 383 179 383 178 383 82 384 178 384 83 384 75 385 176 385 76 385 76 386 176 386 175 386 76 387 175 387 180 387 76 388 180 388 80 388 81 389 174 389 78 389 78 390 174 390 173 390 78 391 173 391 77 391 77 392 173 392 177 392 77 393 177 393 75 393 75 394 177 394 176 394 85 395 182 395 174 395 85 396 174 396 81 396 330 397 196 397 351 397 351 398 196 398 223 398 223 399 196 399 185 399 185 400 196 400 227 400 227 401 196 401 186 401 227 402 186 402 233 402 233 403 186 403 241 403 241 404 186 404 187 404 241 405 187 405 255 405 188 406 204 406 189 406 189 407 204 407 190 407 189 408 190 408 191 408 191 409 190 409 192 409 192 410 190 410 193 410 193 411 190 411 253 411 253 412 190 412 194 412 253 413 194 413 280 413 280 414 194 414 195 414 280 415 195 415 302 415 302 416 195 416 330 416 330 417 195 417 196 417 249 418 211 418 197 418 249 419 197 419 263 419 263 420 197 420 290 420 290 421 197 421 309 421 309 422 197 422 198 422 309 423 198 423 337 423 337 424 198 424 199 424 199 425 198 425 200 425 200 426 198 426 201 426 200 427 201 427 202 427 202 428 201 428 203 428 203 429 201 429 204 429 203 430 204 430 205 430 205 431 204 431 206 431 206 432 204 432 188 432 257 433 207 433 287 433 287 434 207 434 319 434 319 435 207 435 208 435 319 436 208 436 209 436 209 437 208 437 341 437 341 438 208 438 210 438 341 439 210 439 379 439 379 440 210 440 405 440 405 441 210 441 235 441 235 442 210 442 211 442 235 443 211 443 236 443 236 444 211 444 249 444 219 445 212 445 247 445 219 446 247 446 213 446 213 447 247 447 234 447 213 448 234 448 231 448 213 449 231 449 382 449 213 450 382 450 214 450 214 451 382 451 342 451 214 452 342 452 316 452 214 453 316 453 215 453 215 454 316 454 288 454 215 455 288 455 255 455 215 456 255 456 187 456 207 457 257 457 239 457 207 458 239 458 216 458 216 459 239 459 229 459 216 460 229 460 217 460 217 461 229 461 222 461 217 462 222 462 221 462 217 463 221 463 331 463 217 464 331 464 218 464 218 465 331 465 289 465 218 466 289 466 273 466 218 467 273 467 219 467 219 468 273 468 256 468 219 469 256 469 212 469 204 470 201 470 217 470 217 471 190 471 204 471 194 472 190 472 217 472 217 473 195 473 194 473 217 474 196 474 195 474 217 475 186 475 196 475 187 476 186 476 217 476 215 477 187 477 217 477 217 478 214 478 215 478 217 479 213 479 214 479 219 480 213 480 217 480 218 481 219 481 217 481 217 482 207 482 216 482 217 483 208 483 207 483 210 484 208 484 217 484 211 485 210 485 217 485 217 486 197 486 211 486 198 487 197 487 217 487 217 488 201 488 198 488 220 489 203 489 205 489 202 490 228 490 200 490 220 491 205 491 202 491 188 492 225 492 206 492 189 493 191 493 224 493 189 494 225 494 188 494 202 495 205 495 228 495 388 496 361 496 226 496 226 497 361 497 223 497 226 498 223 498 227 498 189 499 224 499 225 499 192 500 230 500 191 500 206 501 232 501 205 501 390 502 382 502 231 502 228 503 392 503 200 503 226 504 227 504 233 504 414 505 222 505 229 505 415 506 390 506 231 506 205 507 250 507 228 507 409 508 226 508 233 508 191 509 432 509 224 509 238 510 415 510 231 510 191 511 230 511 432 511 234 512 238 512 231 512 236 513 404 513 405 513 236 514 405 514 235 514 206 515 225 515 232 515 225 516 424 516 232 516 237 517 404 517 236 517 414 518 229 518 239 518 230 519 192 519 193 519 409 520 233 520 240 520 242 521 404 521 237 521 240 522 233 522 241 522 243 523 414 523 239 523 244 524 230 524 193 524 238 525 234 525 245 525 247 526 245 526 234 526 420 527 414 527 243 527 435 528 230 528 244 528 249 529 237 529 236 529 245 530 248 530 238 530 420 531 398 531 414 531 252 532 243 532 254 532 254 533 243 533 239 533 244 534 193 534 253 534 259 535 240 535 241 535 254 536 239 536 257 536 275 537 409 537 240 537 275 538 240 538 251 538 258 539 245 539 256 539 251 540 240 540 259 540 259 541 241 541 255 541 256 542 245 542 247 542 267 543 237 543 260 543 260 544 237 544 249 544 261 545 435 545 244 545 258 546 248 546 245 546 253 547 261 547 244 547 265 548 411 548 238 548 265 549 248 549 262 549 266 550 420 550 243 550 267 551 242 551 237 551 260 552 249 552 263 552 252 553 266 553 243 553 264 554 250 554 246 554 268 555 251 555 259 555 271 556 260 556 263 556 264 557 246 557 272 557 269 558 251 558 268 558 273 559 258 559 256 559 404 560 242 560 274 560 281 561 267 561 260 561 276 562 429 562 261 562 277 563 262 563 248 563 275 564 251 564 269 564 279 565 268 565 259 565 279 566 259 566 255 566 248 567 258 567 277 567 278 568 252 568 270 568 270 569 252 569 254 569 281 570 260 570 271 570 261 571 253 571 280 571 282 572 266 572 252 572 282 573 252 573 278 573 285 574 262 574 277 574 277 575 258 575 273 575 266 576 286 576 420 576 284 577 261 577 280 577 279 578 255 578 288 578 270 579 254 579 287 579 287 580 254 580 257 580 412 581 404 581 274 581 274 582 242 582 267 582 276 583 261 583 284 583 407 584 420 584 286 584 272 585 246 585 283 585 292 586 293 586 268 586 271 587 263 587 290 587 269 588 268 588 293 588 297 589 267 589 281 589 291 590 277 590 273 590 262 591 285 591 306 591 291 592 273 592 296 592 296 593 273 593 289 593 294 594 278 594 270 594 419 595 275 595 269 595 303 596 268 596 279 596 303 597 279 597 288 597 433 598 276 598 301 598 284 599 280 599 299 599 265 600 262 600 306 600 300 601 285 601 277 601 304 602 277 602 291 602 270 603 287 603 307 603 311 604 281 604 271 604 299 605 280 605 302 605 298 606 292 606 268 606 298 607 268 607 303 607 326 608 267 608 297 608 311 609 271 609 305 609 310 610 264 610 272 610 294 611 270 611 307 611 305 612 271 612 308 612 308 613 271 613 290 613 276 614 284 614 301 614 312 615 397 615 264 615 399 616 265 616 418 616 317 617 277 617 304 617 325 618 307 618 287 618 314 619 418 619 265 619 300 620 277 620 317 620 297 621 281 621 311 621 313 622 284 622 299 622 309 623 308 623 290 623 312 624 264 624 310 624 301 625 284 625 313 625 292 626 298 626 320 626 282 627 294 627 315 627 315 628 294 628 318 628 319 629 325 629 287 629 321 630 266 630 282 630 438 631 433 631 301 631 322 632 292 632 320 632 402 633 407 633 286 633 324 634 318 634 294 634 298 635 303 635 320 635 320 636 303 636 323 636 286 637 266 637 321 637 326 638 274 638 267 638 303 639 288 639 316 639 314 640 265 640 306 640 296 641 289 641 331 641 327 642 402 642 286 642 324 643 294 643 307 643 328 644 438 644 301 644 329 645 313 645 299 645 329 646 299 646 302 646 330 647 329 647 302 647 322 648 357 648 292 648 335 649 304 649 291 649 328 650 301 650 313 650 333 651 269 651 293 651 323 652 303 652 316 652 335 653 291 653 296 653 412 654 274 654 326 654 310 655 272 655 283 655 334 656 317 656 304 656 419 657 269 657 333 657 335 658 296 658 331 658 324 659 307 659 325 659 353 660 305 660 308 660 353 661 308 661 309 661 325 662 319 662 341 662 353 663 336 663 305 663 353 664 309 664 354 664 338 665 320 665 323 665 339 666 306 666 285 666 347 667 311 667 332 667 354 668 309 668 337 668 314 669 306 669 339 669 343 670 304 670 335 670 340 671 286 671 321 671 347 672 297 672 311 672 338 673 323 673 349 673 349 674 316 674 342 674 334 675 304 675 343 675 346 676 318 676 324 676 344 677 324 677 325 677 357 678 293 678 292 678 349 679 323 679 316 679 327 680 286 680 340 680 344 681 325 681 341 681 332 682 311 682 336 682 336 683 311 683 305 683 431 684 438 684 328 684 351 685 329 685 330 685 348 686 357 686 322 686 347 687 345 687 297 687 355 688 283 688 295 688 328 689 313 689 350 689 358 690 315 690 318 690 326 691 297 691 345 691 360 692 295 692 430 692 439 693 431 693 328 693 350 694 313 694 329 694 357 695 333 695 293 695 300 696 339 696 285 696 364 697 317 697 352 697 352 698 317 698 334 698 358 699 318 699 346 699 380 700 346 700 324 700 333 701 356 701 419 701 324 702 344 702 380 702 421 703 412 703 326 703 335 704 331 704 221 704 369 705 310 705 283 705 322 706 320 706 338 706 321 707 282 707 368 707 368 708 282 708 315 708 355 709 295 709 360 709 367 710 328 710 350 710 361 711 329 711 351 711 366 712 336 712 353 712 352 713 334 713 343 713 385 714 332 714 359 714 359 715 332 715 362 715 362 716 332 716 336 716 362 717 336 717 366 717 439 718 328 718 367 718 369 719 283 719 355 719 421 720 326 720 345 720 347 721 332 721 385 721 366 722 353 722 354 722 363 723 338 723 349 723 339 724 418 724 314 724 371 725 364 725 352 725 340 726 321 726 368 726 370 727 300 727 317 727 370 728 317 728 364 728 343 729 335 729 365 729 380 730 344 730 375 730 354 731 337 731 199 731 335 732 221 732 373 732 374 733 358 733 346 733 350 734 329 734 361 734 366 735 354 735 372 735 372 736 354 736 199 736 436 737 439 737 376 737 383 738 338 738 363 738 365 739 335 739 373 739 373 740 221 740 222 740 410 741 312 741 310 741 377 742 367 742 350 742 389 743 348 743 322 743 383 744 322 744 338 744 363 745 349 745 342 745 371 746 352 746 378 746 381 747 375 747 344 747 379 748 344 748 341 748 410 749 310 749 369 749 361 750 351 750 223 750 389 751 322 751 383 751 339 752 300 752 370 752 380 753 374 753 346 753 381 754 344 754 379 754 377 755 350 755 361 755 363 756 342 756 382 756 384 757 352 757 343 757 345 758 347 758 385 758 397 759 359 759 362 759 362 760 366 760 386 760 376 761 439 761 367 761 387 762 357 762 348 762 384 763 343 763 365 763 403 764 340 764 368 764 387 765 348 765 389 765 393 766 418 766 339 766 378 767 352 767 384 767 394 768 391 768 421 768 372 769 386 769 366 769 393 770 339 770 370 770 368 771 358 771 394 771 394 772 358 772 391 772 401 773 357 773 387 773 400 774 374 774 380 774 392 775 372 775 200 775 200 776 372 776 199 776 395 777 355 777 360 777 428 778 395 778 360 778 376 779 367 779 396 779 401 780 333 780 357 780 390 781 363 781 382 781 417 782 327 782 340 782 391 783 358 783 374 783 400 784 380 784 375 784 423 785 359 785 397 785 396 786 367 786 377 786 386 787 372 787 392 787 399 788 389 788 383 788 398 789 365 789 373 789 385 790 359 790 423 790 383 791 363 791 390 791 384 792 365 792 398 792 408 793 421 793 345 793 377 794 361 794 388 794 408 795 394 795 421 795 398 796 373 796 222 796 375 797 381 797 404 797 410 798 369 798 355 798 417 799 340 799 403 799 400 800 375 800 404 800 405 801 381 801 379 801 397 802 362 802 386 802 371 803 378 803 402 803 384 804 398 804 407 804 404 805 381 805 405 805 396 806 377 806 409 806 364 807 371 807 406 807 408 808 345 808 385 808 411 809 383 809 390 809 406 810 371 810 402 810 378 811 384 811 407 811 409 812 377 812 388 812 409 813 388 813 226 813 413 814 356 814 333 814 418 815 389 815 399 815 411 816 399 816 383 816 423 817 397 817 410 817 413 818 333 818 401 818 414 819 398 819 222 819 391 820 374 820 412 820 412 821 374 821 400 821 415 822 411 822 390 822 88 823 393 823 370 823 406 824 402 824 417 824 402 825 378 825 407 825 264 826 386 826 392 826 418 827 387 827 389 827 416 828 368 828 394 828 397 829 386 829 264 829 356 830 436 830 376 830 419 831 376 831 396 831 407 832 398 832 420 832 312 833 410 833 397 833 356 834 376 834 419 834 393 835 387 835 418 835 412 836 400 836 404 836 422 837 416 837 394 837 421 838 391 838 412 838 250 839 392 839 228 839 403 840 368 840 416 840 250 841 264 841 392 841 275 842 419 842 396 842 275 843 396 843 409 843 436 844 356 844 413 844 265 845 399 845 411 845 238 846 411 846 415 846 66 847 88 847 370 847 358 848 368 848 315 848 294 849 282 849 278 849 265 850 238 850 248 850 402 851 327 851 417 851 424 852 283 852 246 852 205 853 246 853 250 853 425 854 395 854 428 854 426 855 295 855 427 855 295 856 283 856 427 856 427 857 283 857 424 857 430 858 295 858 426 858 95 859 395 859 431 859 424 860 246 860 232 860 428 861 360 861 429 861 232 862 246 862 205 862 431 863 395 863 425 863 429 864 360 864 430 864 433 865 431 865 425 865 427 866 424 866 225 866 434 867 428 867 429 867 427 868 432 868 426 868 434 869 425 869 428 869 224 870 427 870 225 870 430 871 426 871 432 871 429 872 430 872 435 872 437 873 95 873 436 873 436 874 95 874 431 874 433 875 425 875 434 875 79 876 437 876 436 876 432 877 427 877 224 877 435 878 430 878 432 878 438 879 431 879 433 879 276 880 434 880 429 880 230 881 435 881 432 881 429 882 435 882 261 882 436 883 431 883 439 883 433 884 434 884 276 884</p>
        </triangles>
      </mesh>
    </geometry>
  </library_geometries>
  <library_visual_scenes>
    <visual_scene id="Scene" name="Scene">
      <node id="_inch_edf_-_propeller_5046c_reverse-1" name="5inch_edf - propeller_5046c_reverse-1" type="NODE">
        <matrix sid="transform">1 0 0 0 0 1 0 0 0 0 1 0 0 0 0 1</matrix>
        <instance_geometry url="#_inch_edf_-_propeller_5046c_reverse-1-mesh" name="5inch_edf - propeller_5046c_reverse-1">
          <bind_material>
            <technique_common>
              <instance_material symbol="Material_001-material" target="#Material_001-material"/>
            </technique_common>
          </bind_material>
        </instance_geometry>
      </node>
      <node id="_inch_edf_-_motor_cobra_2217_12-1" name="5inch_edf - motor_cobra_2217_12-1" type="NODE">
        <matrix sid="transform">1 0 0 0 0 1 0 0 0 0 1 0 0 0 0 1</matrix>
        <instance_geometry url="#_inch_edf_-_motor_cobra_2217_12-1-mesh" name="5inch_edf - motor_cobra_2217_12-1">
          <bind_material>
            <technique_common>
              <instance_material symbol="Material_001-material" target="#Material_001-material"/>
            </technique_common>
          </bind_material>
        </instance_geometry>
      </node>
      <node id="_inch_edf_-_duct_servo_connector-1" name="5inch_edf - duct_servo_connector-1" type="NODE">
        <matrix sid="transform">1 0 0 0 0 1 0 0 0 0 1 0 0 0 0 1</matrix>
        <instance_geometry url="#_inch_edf_-_duct_servo_connector-1-mesh" name="5inch_edf - duct_servo_connector-1">
          <bind_material>
            <technique_common>
              <instance_material symbol="Material_001-material" target="#Material_001-material"/>
            </technique_common>
          </bind_material>
        </instance_geometry>
      </node>
      <node id="_inch_edf_-_5inch_propeller_duct_right-1" name="5inch_edf - 5inch_propeller_duct_right-1" type="NODE">
        <matrix sid="transform">1 0 0 0 0 1 0 0 0 0 1 0 0 0 0 1</matrix>
        <instance_geometry url="#_inch_edf_-_5inch_propeller_duct_right-1-mesh" name="5inch_edf - 5inch_propeller_duct_right-1">
          <bind_material>
            <technique_common>
              <instance_material symbol="Material_001-material" target="#Material_001-material"/>
            </technique_common>
          </bind_material>
        </instance_geometry>
      </node>
      <node id="_inch_edf_-_5inch_duct_connector_passive_shaft-1" name="5inch_edf - 5inch_duct_connector_passive_shaft-1" type="NODE">
        <matrix sid="transform">1 0 0 0 0 1 0 0 0 0 1 0 0 0 0 1</matrix>
        <instance_geometry url="#_inch_edf_-_5inch_duct_connector_passive_shaft-1-mesh" name="5inch_edf - 5inch_duct_connector_passive_shaft-1">
          <bind_material>
            <technique_common>
              <instance_material symbol="Material_001-material" target="#Material_001-material"/>
            </technique_common>
          </bind_material>
        </instance_geometry>
      </node>
      <node id="Camera" name="Camera" type="NODE">
        <matrix sid="transform">0.6859207 -0.3240135 0.6515582 7.358891 0.7276763 0.3054208 -0.6141704 -6.925791 0 0.8953956 0.4452714 4.958309 0 0 0 1</matrix>
        <instance_camera url="#Camera-camera"/>
      </node>
      <node id="Light" name="Light" type="NODE">
        <matrix sid="transform">-0.2908646 -0.7711008 0.5663932 4.076245 0.9551712 -0.1998834 0.2183912 1.005454 -0.05518906 0.6045247 0.7946723 5.903862 0 0 0 1</matrix>
        <instance_light url="#Light-light"/>
      </node>
    </visual_scene>
  </library_visual_scenes>
  <scene>
    <instance_visual_scene url="#Scene"/>
  </scene>
</COLLADA>